-- MySQL dump 10.13  Distrib 8.0.23, for Linux (x86_64)
--
-- Host: localhost    Database: move_for_you
-- ------------------------------------------------------
-- Server version	8.0.23-0ubuntu0.20.04.1

/*!40101 SET @OLD_CHARACTER_SET_CLIENT=@@CHARACTER_SET_CLIENT */;
/*!40101 SET @OLD_CHARACTER_SET_RESULTS=@@CHARACTER_SET_RESULTS */;
/*!40101 SET @OLD_COLLATION_CONNECTION=@@COLLATION_CONNECTION */;
/*!50503 SET NAMES utf8mb4 */;
/*!40103 SET @OLD_TIME_ZONE=@@TIME_ZONE */;
/*!40103 SET TIME_ZONE='+00:00' */;
/*!40014 SET @OLD_UNIQUE_CHECKS=@@UNIQUE_CHECKS, UNIQUE_CHECKS=0 */;
/*!40014 SET @OLD_FOREIGN_KEY_CHECKS=@@FOREIGN_KEY_CHECKS, FOREIGN_KEY_CHECKS=0 */;
/*!40101 SET @OLD_SQL_MODE=@@SQL_MODE, SQL_MODE='NO_AUTO_VALUE_ON_ZERO' */;
/*!40111 SET @OLD_SQL_NOTES=@@SQL_NOTES, SQL_NOTES=0 */;

--
-- Table structure for table `all_keywords`
--

DROP TABLE IF EXISTS `all_keywords`;
/*!40101 SET @saved_cs_client     = @@character_set_client */;
/*!50503 SET character_set_client = utf8mb4 */;
CREATE TABLE `all_keywords` (
  `id` bigint unsigned NOT NULL AUTO_INCREMENT,
  `user_id` bigint unsigned DEFAULT NULL,
  `keyword` varchar(100) DEFAULT NULL,
  `created_at` timestamp NULL DEFAULT CURRENT_TIMESTAMP,
  PRIMARY KEY (`id`),
  UNIQUE KEY `id` (`id`),
  UNIQUE KEY `keyword` (`keyword`),
  KEY `user_id` (`user_id`),
  CONSTRAINT `all_keywords_ibfk_1` FOREIGN KEY (`user_id`) REFERENCES `users` (`id`) ON DELETE RESTRICT ON UPDATE CASCADE
) ENGINE=InnoDB AUTO_INCREMENT=51 DEFAULT CHARSET=utf8mb4 COLLATE=utf8mb4_0900_ai_ci;
/*!40101 SET character_set_client = @saved_cs_client */;

--
-- Dumping data for table `all_keywords`
--

LOCK TABLES `all_keywords` WRITE;
/*!40000 ALTER TABLE `all_keywords` DISABLE KEYS */;
INSERT INTO `all_keywords` VALUES (1,30,'vampire','2021-03-14 17:10:36'),(2,42,'love','2021-03-14 17:10:36'),(3,44,'dorama','2021-03-14 17:10:36'),(4,85,'happy ending','2021-03-14 17:10:36'),(5,89,'shapeshifters','2021-03-14 17:10:36'),(6,7,'war','2021-03-14 17:10:36'),(7,46,'angels','2021-03-14 17:10:36'),(8,56,'cars','2021-03-14 17:10:36'),(9,37,'racing','2021-03-14 17:10:36'),(10,8,'hackers','2021-03-14 17:10:36'),(11,55,'designers','2021-03-14 17:10:36'),(12,22,'cooking','2021-03-14 17:10:36'),(13,35,'doctors','2021-03-14 17:10:36'),(14,86,'medicine','2021-03-14 17:10:36'),(15,38,'firefighters','2021-03-14 17:10:36'),(16,90,'apocalypse','2021-03-14 17:10:36'),(17,83,'everyone dies','2021-03-14 17:10:36'),(18,97,'blood','2021-03-14 17:10:36'),(19,16,'slasher','2021-03-14 17:10:36'),(20,62,'pets','2021-03-14 17:10:36'),(21,28,'cats','2021-03-14 17:10:36'),(22,79,'dogs','2021-03-14 17:10:36'),(23,62,'cancer','2021-03-14 17:10:36'),(24,28,'dancing','2021-03-14 17:10:36'),(25,58,'baby','2021-03-14 17:10:36'),(26,59,'mental health','2021-03-14 17:10:36'),(27,4,'batman','2021-03-14 17:10:36'),(28,76,'country life','2021-03-14 17:10:36'),(29,21,'highschool','2021-03-14 17:10:36'),(30,98,'teenagers','2021-03-14 17:10:36'),(31,50,'dying','2021-03-14 17:10:36'),(32,52,'dreams','2021-03-14 17:10:36'),(33,55,'multiple realities','2021-03-14 17:10:36'),(34,16,'reverse harem','2021-03-14 17:10:36'),(35,81,'sad','2021-03-14 17:10:36'),(36,85,'traveling','2021-03-14 17:10:36'),(37,75,'wild life','2021-03-14 17:10:36'),(38,77,'science','2021-03-14 17:10:36'),(39,41,'geeks','2021-03-14 17:10:36'),(40,6,'vikings','2021-03-14 17:10:36'),(41,64,'mythology','2021-03-14 17:10:36'),(42,61,'lacorn','2021-03-14 17:10:36'),(43,26,'gamers','2021-03-14 17:10:36'),(44,29,'anime','2021-03-14 17:10:36'),(45,22,'law','2021-03-14 17:10:36'),(46,14,'police','2021-03-14 17:10:36'),(47,28,'gangs','2021-03-14 17:10:36'),(48,59,'faith','2021-03-14 17:10:36'),(49,49,'demons','2021-03-14 17:10:36'),(50,26,'ghosts','2021-03-14 17:10:36');
/*!40000 ALTER TABLE `all_keywords` ENABLE KEYS */;
UNLOCK TABLES;

--
-- Table structure for table `cast_and_crew`
--

DROP TABLE IF EXISTS `cast_and_crew`;
/*!40101 SET @saved_cs_client     = @@character_set_client */;
/*!50503 SET character_set_client = utf8mb4 */;
CREATE TABLE `cast_and_crew` (
  `id` bigint unsigned NOT NULL AUTO_INCREMENT,
  `title_id` bigint unsigned DEFAULT NULL,
  `role_id` bigint unsigned DEFAULT NULL,
  `creator_id` bigint unsigned DEFAULT NULL,
  PRIMARY KEY (`id`),
  UNIQUE KEY `id` (`id`),
  KEY `title_id` (`title_id`),
  KEY `role_id` (`role_id`),
  KEY `creator_id` (`creator_id`),
  CONSTRAINT `cast_and_crew_ibfk_1` FOREIGN KEY (`title_id`) REFERENCES `titles` (`id`) ON DELETE RESTRICT ON UPDATE CASCADE,
  CONSTRAINT `cast_and_crew_ibfk_2` FOREIGN KEY (`role_id`) REFERENCES `roles` (`id`) ON DELETE SET NULL ON UPDATE CASCADE,
  CONSTRAINT `cast_and_crew_ibfk_3` FOREIGN KEY (`creator_id`) REFERENCES `creators` (`id`) ON DELETE SET NULL ON UPDATE CASCADE
) ENGINE=InnoDB AUTO_INCREMENT=501 DEFAULT CHARSET=utf8mb4 COLLATE=utf8mb4_0900_ai_ci;
/*!40101 SET character_set_client = @saved_cs_client */;

--
-- Dumping data for table `cast_and_crew`
--

LOCK TABLES `cast_and_crew` WRITE;
/*!40000 ALTER TABLE `cast_and_crew` DISABLE KEYS */;
INSERT INTO `cast_and_crew` VALUES (1,1,3,22),(2,2,3,19),(3,3,3,1),(4,4,3,12),(5,5,3,12),(6,6,3,10),(7,7,3,6),(8,8,3,17),(9,9,3,4),(10,10,3,19),(11,11,3,19),(12,12,3,12),(13,13,3,18),(14,14,3,16),(15,15,3,20),(16,16,3,25),(17,17,3,7),(18,18,3,3),(19,19,3,20),(20,20,3,8),(21,21,3,16),(22,22,3,4),(23,23,3,17),(24,24,3,15),(25,25,3,10),(26,26,3,14),(27,27,3,9),(28,28,3,25),(29,29,3,19),(30,30,3,20),(31,31,3,24),(32,32,3,25),(33,33,3,16),(34,34,3,18),(35,35,3,14),(36,36,3,16),(37,37,3,13),(38,38,3,5),(39,39,3,2),(40,40,3,21),(41,41,3,1),(42,42,3,5),(43,43,3,17),(44,44,3,10),(45,45,3,15),(46,46,3,15),(47,47,3,9),(48,48,3,22),(49,49,3,22),(50,50,3,22),(51,51,3,13),(52,52,3,16),(53,53,3,9),(54,54,3,24),(55,55,3,6),(56,56,3,23),(57,57,3,13),(58,58,3,9),(59,59,3,17),(60,60,3,21),(61,61,3,12),(62,62,3,21),(63,63,3,22),(64,64,3,20),(65,65,3,24),(66,66,3,10),(67,67,3,4),(68,68,3,19),(69,69,3,18),(70,70,3,18),(71,71,3,7),(72,72,3,5),(73,73,3,7),(74,74,3,6),(75,75,3,15),(76,76,3,3),(77,77,3,23),(78,78,3,13),(79,79,3,9),(80,80,3,25),(81,81,3,18),(82,82,3,21),(83,83,3,23),(84,84,3,23),(85,85,3,5),(86,86,3,23),(87,87,3,25),(88,88,3,10),(89,89,3,4),(90,90,3,3),(91,91,3,10),(92,92,3,22),(93,93,3,18),(94,94,3,17),(95,95,3,2),(96,96,3,20),(97,97,3,14),(98,98,3,3),(99,99,3,19),(100,100,3,4),(101,1,2,41),(102,2,2,27),(103,3,2,26),(104,4,2,25),(105,5,2,43),(106,6,2,39),(107,7,2,39),(108,8,2,40),(109,9,2,43),(110,10,2,23),(111,11,2,43),(112,12,2,35),(113,13,2,38),(114,14,2,28),(115,15,2,29),(116,16,2,26),(117,17,2,38),(118,18,2,34),(119,19,2,34),(120,20,2,34),(121,21,2,42),(122,22,2,41),(123,23,2,36),(124,24,2,22),(125,25,2,40),(126,26,2,30),(127,27,2,33),(128,28,2,32),(129,29,2,28),(130,30,2,29),(131,31,2,34),(132,32,2,40),(133,33,2,33),(134,34,2,34),(135,35,2,24),(136,36,2,26),(137,37,2,42),(138,38,2,44),(139,39,2,37),(140,40,2,26),(141,41,2,35),(142,42,2,39),(143,43,2,30),(144,44,2,42),(145,45,2,35),(146,46,2,31),(147,47,2,28),(148,48,2,22),(149,49,2,35),(150,50,2,43),(151,51,2,38),(152,52,2,34),(153,53,2,32),(154,54,2,26),(155,55,2,42),(156,56,2,36),(157,57,2,22),(158,58,2,20),(159,59,2,33),(160,60,2,31),(161,61,2,45),(162,62,2,33),(163,63,2,36),(164,64,2,45),(165,65,2,32),(166,66,2,31),(167,67,2,25),(168,68,2,23),(169,69,2,29),(170,70,2,43),(171,71,2,39),(172,72,2,21),(173,73,2,28),(174,74,2,27),(175,75,2,35),(176,76,2,20),(177,77,2,20),(178,78,2,29),(179,79,2,32),(180,80,2,27),(181,81,2,30),(182,82,2,31),(183,83,2,45),(184,84,2,33),(185,85,2,23),(186,86,2,25),(187,87,2,21),(188,88,2,22),(189,89,2,35),(190,90,2,40),(191,91,2,24),(192,92,2,34),(193,93,2,37),(194,94,2,28),(195,95,2,36),(196,96,2,35),(197,97,2,41),(198,98,2,38),(199,99,2,38),(200,100,2,28),(201,1,4,25),(202,2,4,25),(203,3,4,50),(204,4,4,34),(205,5,4,49),(206,6,4,33),(207,7,4,43),(208,8,4,32),(209,9,4,35),(210,10,4,28),(211,11,4,35),(212,12,4,40),(213,13,4,34),(214,14,4,29),(215,15,4,44),(216,16,4,42),(217,17,4,27),(218,18,4,39),(219,19,4,31),(220,20,4,41),(221,21,4,48),(222,22,4,23),(223,23,4,39),(224,24,4,45),(225,25,4,23),(226,26,4,32),(227,27,4,23),(228,28,4,48),(229,29,4,42),(230,30,4,34),(231,31,4,27),(232,32,4,44),(233,33,4,43),(234,34,4,42),(235,35,4,29),(236,36,4,35),(237,37,4,29),(238,38,4,37),(239,39,4,44),(240,40,4,45),(241,41,4,41),(242,42,4,36),(243,43,4,36),(244,44,4,23),(245,45,4,28),(246,46,4,23),(247,47,4,31),(248,48,4,25),(249,49,4,34),(250,50,4,25),(251,51,4,38),(252,52,4,31),(253,53,4,47),(254,54,4,45),(255,55,4,43),(256,56,4,35),(257,57,4,36),(258,58,4,41),(259,59,4,25),(260,60,4,25),(261,61,4,40),(262,62,4,40),(263,63,4,27),(264,64,4,23),(265,65,4,44),(266,66,4,33),(267,67,4,25),(268,68,4,32),(269,69,4,43),(270,70,4,32),(271,71,4,35),(272,72,4,38),(273,73,4,41),(274,74,4,26),(275,75,4,24),(276,76,4,29),(277,77,4,50),(278,78,4,44),(279,79,4,24),(280,80,4,23),(281,81,4,35),(282,82,4,30),(283,83,4,29),(284,84,4,41),(285,85,4,34),(286,86,4,31),(287,87,4,33),(288,88,4,34),(289,89,4,29),(290,90,4,38),(291,91,4,31),(292,92,4,41),(293,93,4,35),(294,94,4,38),(295,95,4,30),(296,96,4,43),(297,97,4,34),(298,98,4,34),(299,99,4,27),(300,100,4,37),(301,1,5,59),(302,2,5,46),(303,3,5,42),(304,4,5,97),(305,5,5,42),(306,6,5,87),(307,7,5,60),(308,8,5,87),(309,9,5,86),(310,10,5,81),(311,11,5,51),(312,12,5,71),(313,13,5,65),(314,14,5,43),(315,15,5,81),(316,16,5,98),(317,17,5,97),(318,18,5,42),(319,19,5,87),(320,20,5,83),(321,21,5,78),(322,22,5,44),(323,23,5,55),(324,24,5,66),(325,25,5,50),(326,26,5,79),(327,27,5,45),(328,28,5,74),(329,29,5,71),(330,30,5,73),(331,31,5,84),(332,32,5,53),(333,33,5,73),(334,34,5,80),(335,35,5,94),(336,36,5,81),(337,37,5,84),(338,38,5,50),(339,39,5,52),(340,40,5,88),(341,41,5,83),(342,42,5,58),(343,43,5,97),(344,44,5,61),(345,45,5,59),(346,46,5,75),(347,47,5,47),(348,48,5,93),(349,49,5,99),(350,50,5,87),(351,51,5,91),(352,52,5,43),(353,53,5,92),(354,54,5,100),(355,55,5,73),(356,56,5,95),(357,57,5,72),(358,58,5,48),(359,59,5,81),(360,60,5,76),(361,61,5,59),(362,62,5,50),(363,63,5,96),(364,64,5,59),(365,65,5,69),(366,66,5,66),(367,67,5,100),(368,68,5,68),(369,69,5,90),(370,70,5,55),(371,71,5,41),(372,72,5,61),(373,73,5,45),(374,74,5,42),(375,75,5,77),(376,76,5,97),(377,77,5,97),(378,78,5,90),(379,79,5,56),(380,80,5,99),(381,81,5,52),(382,82,5,66),(383,83,5,56),(384,84,5,52),(385,85,5,54),(386,86,5,95),(387,87,5,92),(388,88,5,84),(389,89,5,69),(390,90,5,50),(391,91,5,72),(392,92,5,84),(393,93,5,63),(394,94,5,51),(395,95,5,81),(396,96,5,46),(397,97,5,40),(398,98,5,88),(399,99,5,72),(400,100,5,94),(401,59,5,71),(402,2,5,48),(403,99,5,89),(404,89,5,100),(405,34,5,74),(406,63,5,90),(407,83,5,70),(408,22,5,54),(409,62,5,93),(410,12,5,72),(411,41,5,78),(412,97,5,88),(413,91,5,86),(414,5,5,97),(415,6,5,92),(416,82,5,65),(417,20,5,55),(418,29,5,46),(419,69,5,73),(420,14,5,93),(421,84,5,73),(422,23,5,85),(423,77,5,79),(424,7,5,96),(425,87,5,72),(426,38,5,48),(427,20,5,54),(428,99,5,85),(429,18,5,91),(430,14,5,52),(431,41,5,96),(432,41,5,42),(433,72,5,54),(434,59,5,41),(435,35,5,96),(436,18,5,64),(437,73,5,94),(438,11,5,71),(439,58,5,97),(440,80,5,62),(441,78,5,99),(442,29,5,87),(443,1,5,48),(444,9,5,44),(445,9,5,66),(446,8,5,65),(447,53,5,42),(448,83,5,48),(449,74,5,89),(450,84,5,70),(451,53,5,90),(452,35,5,87),(453,29,5,56),(454,24,5,98),(455,52,5,97),(456,71,5,50),(457,51,5,93),(458,22,5,67),(459,1,5,75),(460,62,5,76),(461,18,5,50),(462,30,5,80),(463,95,5,65),(464,28,5,65),(465,40,5,83),(466,15,5,89),(467,80,5,61),(468,88,5,40),(469,79,5,99),(470,26,5,88),(471,83,5,66),(472,93,5,79),(473,46,5,80),(474,27,5,66),(475,13,5,62),(476,44,5,66),(477,39,5,71),(478,20,5,82),(479,94,5,98),(480,83,5,85),(481,3,5,91),(482,80,5,50),(483,6,5,73),(484,63,5,82),(485,78,5,95),(486,82,5,40),(487,87,5,59),(488,24,5,90),(489,1,5,84),(490,14,5,74),(491,88,5,56),(492,96,5,46),(493,5,5,96),(494,85,5,87),(495,31,5,94),(496,59,5,74),(497,94,5,85),(498,11,5,47),(499,73,5,52),(500,9,5,97);
/*!40000 ALTER TABLE `cast_and_crew` ENABLE KEYS */;
UNLOCK TABLES;

--
-- Table structure for table `companies`
--

DROP TABLE IF EXISTS `companies`;
/*!40101 SET @saved_cs_client     = @@character_set_client */;
/*!50503 SET character_set_client = utf8mb4 */;
CREATE TABLE `companies` (
  `ID` bigint unsigned NOT NULL AUTO_INCREMENT,
  `Company` varchar(255) NOT NULL,
  PRIMARY KEY (`ID`),
  UNIQUE KEY `ID` (`ID`),
  UNIQUE KEY `Company` (`Company`)
) ENGINE=InnoDB AUTO_INCREMENT=51 DEFAULT CHARSET=utf8mb4 COLLATE=utf8mb4_0900_ai_ci;
/*!40101 SET character_set_client = @saved_cs_client */;

--
-- Dumping data for table `companies`
--

LOCK TABLES `companies` WRITE;
/*!40000 ALTER TABLE `companies` DISABLE KEYS */;
INSERT INTO `companies` VALUES (1,'Balistreri, Schulist and Denesik'),(2,'Beer-Jast'),(3,'Beier-Zieme'),(4,'Bins, Thiel and Fritsch'),(5,'Crona, Volkman and Cormier'),(6,'Dietrich and Sons'),(7,'Frami-Schumm'),(8,'Huel PLC'),(9,'Jenkins, Pfannerstill and Daniel'),(10,'Kilback, Sanford and Miller'),(11,'Kuhlman, Schumm and O\'Connell'),(12,'Kuphal, Wiegand and Schamberger'),(13,'Lockman, Kessler and Hirthe'),(14,'Lynch Ltd'),(15,'Mayert-Hermiston'),(16,'Mitchell, Howell and Treutel'),(17,'Nitzsche, Labadie and Hayes'),(18,'O\'Kon-Leffler'),(19,'Padberg-Adams'),(20,'Satterfield, Welch and Swift'),(21,'Schiller, McGlynn and Cummerata'),(22,'Schinner-Hilpert'),(23,'Schmeler-Koss'),(24,'Towne and Sons'),(25,'Weimann, Miller and White');
/*!40000 ALTER TABLE `companies` ENABLE KEYS */;
UNLOCK TABLES;

--
-- Table structure for table `countries`
--

DROP TABLE IF EXISTS `countries`;
/*!40101 SET @saved_cs_client     = @@character_set_client */;
/*!50503 SET character_set_client = utf8mb4 */;
CREATE TABLE `countries` (
  `id` bigint unsigned NOT NULL AUTO_INCREMENT,
  `country` varchar(200) NOT NULL,
  PRIMARY KEY (`id`),
  UNIQUE KEY `id` (`id`),
  UNIQUE KEY `country` (`country`)
) ENGINE=InnoDB AUTO_INCREMENT=241 DEFAULT CHARSET=utf8mb4 COLLATE=utf8mb4_0900_ai_ci;
/*!40101 SET character_set_client = @saved_cs_client */;

--
-- Dumping data for table `countries`
--

LOCK TABLES `countries` WRITE;
/*!40000 ALTER TABLE `countries` DISABLE KEYS */;
INSERT INTO `countries` VALUES (1,'Afghanistan'),(2,'Albania'),(3,'Algeria'),(4,'American Samoa'),(5,'Andorra'),(6,'Angola'),(7,'Anguilla'),(8,'Antarctica (the territory South of 60 deg S)'),(9,'Antigua and Barbuda'),(10,'Argentina'),(11,'Armenia'),(12,'Aruba'),(13,'Australia'),(14,'Austria'),(15,'Azerbaijan'),(16,'Bahamas'),(17,'Bahrain'),(18,'Bangladesh'),(19,'Barbados'),(20,'Belarus'),(21,'Belgium'),(22,'Belize'),(23,'Benin'),(24,'Bermuda'),(25,'Bhutan'),(26,'Bolivia'),(27,'Bosnia and Herzegovina'),(28,'Botswana'),(29,'Bouvet Island (Bouvetoya)'),(30,'Brazil'),(31,'British Indian Ocean Territory (Chagos Archipelago)'),(32,'British Virgin Islands'),(33,'Brunei Darussalam'),(34,'Bulgaria'),(35,'Burkina Faso'),(36,'Burundi'),(37,'Cambodia'),(38,'Cameroon'),(39,'Canada'),(40,'Cape Verde'),(41,'Cayman Islands'),(42,'Central African Republic'),(43,'Chad'),(44,'Chile'),(45,'China'),(46,'Christmas Island'),(47,'Cocos (Keeling) Islands'),(48,'Colombia'),(49,'Comoros'),(50,'Congo'),(51,'Cook Islands'),(52,'Costa Rica'),(53,'Cote d\'Ivoire'),(54,'Croatia'),(55,'Cuba'),(56,'Cyprus'),(57,'Czech Republic'),(58,'Denmark'),(59,'Djibouti'),(60,'Dominica'),(61,'Dominican Republic'),(62,'Ecuador'),(63,'Egypt'),(64,'El Salvador'),(65,'Equatorial Guinea'),(66,'Eritrea'),(67,'Estonia'),(68,'Falkland Islands (Malvinas)'),(69,'Faroe Islands'),(70,'Fiji'),(71,'Finland'),(72,'France'),(73,'French Guiana'),(74,'French Polynesia'),(75,'French Southern Territories'),(76,'Gabon'),(77,'Gambia'),(78,'Georgia'),(79,'Germany'),(80,'Ghana'),(81,'Gibraltar'),(82,'Greece'),(83,'Greenland'),(84,'Grenada'),(85,'Guadeloupe'),(86,'Guam'),(87,'Guatemala'),(88,'Guernsey'),(89,'Guinea'),(90,'Guinea-Bissau'),(91,'Guyana'),(92,'Haiti'),(93,'Heard Island and McDonald Islands'),(94,'Holy See (Vatican City State)'),(95,'Honduras'),(96,'Hong Kong'),(97,'Hungary'),(98,'Iceland'),(99,'India'),(100,'Indonesia'),(101,'Iran'),(102,'Iraq'),(103,'Ireland'),(104,'Isle of Man'),(105,'Israel'),(106,'Italy'),(107,'Jamaica'),(108,'Japan'),(109,'Jersey'),(110,'Jordan'),(111,'Kazakhstan'),(112,'Kenya'),(113,'Kiribati'),(114,'Korea'),(115,'Kuwait'),(116,'Kyrgyz Republic'),(117,'Lao People\'s Democratic Republic'),(118,'Latvia'),(119,'Lebanon'),(120,'Lesotho'),(121,'Liberia'),(122,'Libyan Arab Jamahiriya'),(123,'Liechtenstein'),(124,'Lithuania'),(125,'Luxembourg'),(126,'Macao'),(127,'Macedonia'),(128,'Madagascar'),(129,'Malaysia'),(130,'Maldives'),(131,'Mali'),(132,'Malta'),(133,'Marshall Islands'),(134,'Martinique'),(135,'Mauritania'),(136,'Mauritius'),(137,'Mayotte'),(138,'Mexico'),(139,'Micronesia'),(140,'Moldova'),(141,'Monaco'),(142,'Mongolia'),(143,'Montenegro'),(144,'Montserrat'),(145,'Morocco'),(146,'Mozambique'),(147,'Myanmar'),(148,'Namibia'),(149,'Nauru'),(150,'Nepal'),(151,'Netherlands'),(152,'Netherlands Antilles'),(153,'New Caledonia'),(154,'New Zealand'),(155,'Nicaragua'),(156,'Niger'),(157,'Nigeria'),(158,'Niue'),(159,'Norfolk Island'),(160,'Northern Mariana Islands'),(161,'Norway'),(162,'Oman'),(163,'Pakistan'),(164,'Palau'),(165,'Palestinian Territory'),(166,'Panama'),(167,'Papua New Guinea'),(168,'Paraguay'),(169,'Peru'),(170,'Philippines'),(171,'Pitcairn Islands'),(172,'Poland'),(173,'Portugal'),(174,'Puerto Rico'),(175,'Qatar'),(176,'Reunion'),(177,'Romania'),(178,'Russian Federation'),(179,'Rwanda'),(180,'Saint Barthelemy'),(181,'Saint Helena'),(182,'Saint Kitts and Nevis'),(183,'Saint Lucia'),(184,'Saint Martin'),(185,'Saint Pierre and Miquelon'),(186,'Saint Vincent and the Grenadines'),(187,'Samoa'),(188,'San Marino'),(189,'Sao Tome and Principe'),(190,'Saudi Arabia'),(191,'Senegal'),(192,'Serbia'),(193,'Seychelles'),(194,'Sierra Leone'),(195,'Singapore'),(196,'Slovakia (Slovak Republic)'),(197,'Slovenia'),(198,'Solomon Islands'),(199,'South Africa'),(200,'South Georgia and the South Sandwich Islands'),(201,'Spain'),(202,'Sri Lanka'),(203,'Sudan'),(204,'Suriname'),(205,'Svalbard & Jan Mayen Islands'),(206,'Swaziland'),(207,'Sweden'),(208,'Switzerland'),(209,'Syrian Arab Republic'),(210,'Taiwan'),(211,'Tajikistan'),(212,'Tanzania'),(213,'Thailand'),(214,'Timor-Leste'),(215,'Togo'),(216,'Tokelau'),(217,'Tonga'),(218,'Trinidad and Tobago'),(219,'Tunisia'),(220,'Turkey'),(221,'Turkmenistan'),(222,'Turks and Caicos Islands'),(223,'Tuvalu'),(224,'Uganda'),(225,'Ukraine'),(226,'United Arab Emirates'),(227,'United Kingdom'),(228,'United States Minor Outlying Islands'),(229,'United States of America'),(230,'United States Virgin Islands'),(231,'Uruguay'),(232,'Uzbekistan'),(233,'Vanuatu'),(234,'Venezuela'),(235,'Vietnam'),(236,'Wallis and Futuna'),(237,'Western Sahara'),(238,'Yemen'),(239,'Zambia'),(240,'Zimbabwe');
/*!40000 ALTER TABLE `countries` ENABLE KEYS */;
UNLOCK TABLES;

--
-- Temporary view structure for view `countries_info`
--

DROP TABLE IF EXISTS `countries_info`;
/*!50001 DROP VIEW IF EXISTS `countries_info`*/;
SET @saved_cs_client     = @@character_set_client;
/*!50503 SET character_set_client = utf8mb4 */;
/*!50001 CREATE VIEW `countries_info` AS SELECT 
 1 AS `c_id`,
 1 AS `country`,
 1 AS `all_titles`,
 1 AS `all_users`,
 1 AS `all_creators`*/;
SET character_set_client = @saved_cs_client;

--
-- Table structure for table `creators`
--

DROP TABLE IF EXISTS `creators`;
/*!40101 SET @saved_cs_client     = @@character_set_client */;
/*!50503 SET character_set_client = utf8mb4 */;
CREATE TABLE `creators` (
  `id` bigint unsigned NOT NULL AUTO_INCREMENT,
  `first_name` varchar(200) DEFAULT NULL,
  `last_name` varchar(200) DEFAULT NULL,
  `date_of_birth` date DEFAULT NULL,
  `date_of_death` date DEFAULT NULL,
  `gender` enum('m','f','nb','ud') DEFAULT 'ud',
  `photo` bigint unsigned DEFAULT NULL,
  `country_id` bigint unsigned DEFAULT NULL,
  PRIMARY KEY (`id`),
  UNIQUE KEY `id` (`id`),
  KEY `creator_name_idx` (`first_name`,`last_name`),
  KEY `country_id` (`country_id`),
  CONSTRAINT `creators_ibfk_1` FOREIGN KEY (`country_id`) REFERENCES `countries` (`id`) ON DELETE SET NULL ON UPDATE CASCADE
) ENGINE=InnoDB AUTO_INCREMENT=101 DEFAULT CHARSET=utf8mb4 COLLATE=utf8mb4_0900_ai_ci;
/*!40101 SET character_set_client = @saved_cs_client */;

--
-- Dumping data for table `creators`
--

LOCK TABLES `creators` WRITE;
/*!40000 ALTER TABLE `creators` DISABLE KEYS */;
INSERT INTO `creators` VALUES (1,'Watson','White','1987-06-23',NULL,'m',93,114),(2,'Otis','Jacobson','1987-12-14',NULL,'f',40,114),(3,'Vilma','McLaughlin','1987-08-23',NULL,'f',45,114),(4,'Karley','Moore','1987-06-29',NULL,'f',66,114),(5,'Elsie','Corkery','1987-08-16',NULL,'m',70,114),(6,'Antwan','Dooley','1987-01-31',NULL,'f',140,114),(7,'Elfrieda','Wilkinson','1987-08-21',NULL,'f',136,114),(8,'Samir','Heller','1971-08-03',NULL,'m',24,186),(9,'Jon','Bartoletti','1987-04-10',NULL,'f',18,193),(10,'Xzavier','Altenwerth','1974-02-02',NULL,'f',75,114),(11,'Leola','Welch','1987-07-13',NULL,'f',85,17),(12,'Jordy','Hoppe','1973-11-27',NULL,'f',61,4),(13,'Eve','Prohaska','1987-09-03',NULL,'m',59,228),(14,'Joy','Schiller','1976-02-20',NULL,'f',150,114),(15,'Alfonzo','Nolan','1987-08-23',NULL,'m',92,119),(16,'Greyson','Doyle','1980-06-12',NULL,'f',85,239),(17,'Blaze','Kovacek','1976-02-27',NULL,'f',105,114),(18,'Ivy','Kulas','1998-04-30',NULL,'m',47,168),(19,'Norene','Jast','1987-07-31',NULL,'m',140,75),(20,'Marta','Schmeler','1987-11-17',NULL,'m',49,67),(21,'Emmie','Greenholt','1972-12-10',NULL,'m',19,55),(22,'Deion','Zieme','1987-04-22',NULL,'m',59,151),(23,'Annetta','Welch','1980-05-21',NULL,'m',139,78),(24,'Austyn','Zboncak','1978-08-12',NULL,'f',98,114),(25,'Ned','Gutmann','1986-04-09',NULL,'f',85,77),(26,'Grace','Toy','1996-01-19',NULL,'f',22,26),(27,'Albina','Corkery','1986-06-13',NULL,'m',42,34),(28,'Santiago','Greenfelder','1970-12-07',NULL,'f',75,69),(29,'Alfonzo','Blick','1979-02-04',NULL,'f',70,114),(30,'Kitty','Emard','1987-07-01',NULL,'m',85,117),(31,'Wade','Schaden','1989-12-24',NULL,'m',90,206),(32,'Serena','Fadel','1999-08-25',NULL,'f',94,89),(33,'Mervin','Emard','1986-06-22',NULL,'m',83,125),(34,'Era','Abernathy','1992-01-21',NULL,'m',117,23),(35,'Alexandrea','Botsford','1988-07-08',NULL,'m',36,18),(36,'Winnifred','Ullrich','1999-01-10',NULL,'f',65,114),(37,'Emilie','Corwin','1976-08-11',NULL,'f',94,114),(38,'Leilani','Macejkovic','1987-05-25',NULL,'m',145,114),(39,'Olga','Jast','1994-06-28',NULL,'m',41,208),(40,'Reta','Howell','1986-05-15',NULL,'m',124,83),(41,'Nova','Schuster','1986-02-15',NULL,'m',145,16),(42,'Mark','Berge','1981-04-04',NULL,'f',102,15),(43,'Janick','O\'Kon','1972-11-15',NULL,'m',91,114),(44,'Doug','Nicolas','1987-05-14',NULL,'f',142,174),(45,'Ollie','Russel','1987-06-13',NULL,'m',148,177),(46,'Junior','Harber','1987-10-31',NULL,'m',28,31),(47,'Zane','Huels','1987-04-19',NULL,'f',74,95),(48,'Kyler','Bechtelar','1998-04-14',NULL,'m',143,47),(49,'Bernie','Runolfsson','1981-02-20',NULL,'m',148,108),(50,'Ashton','Nienow','1985-08-31',NULL,'m',101,229),(51,'Teresa','Bode','1987-02-24',NULL,'m',1,61),(52,'Felicita','Walsh','1978-09-09',NULL,'m',72,86),(53,'Felicity','Lynch','1980-02-18',NULL,'m',137,214),(54,'Renee','Stamm','1987-04-07',NULL,'m',35,225),(55,'Ronaldo','Rippin','1992-10-07',NULL,'m',95,110),(56,'Fernando','Bartell','1993-03-30',NULL,'f',127,206),(57,'Kelsi','Keeling','1975-04-19',NULL,'m',129,3),(58,'Jalen','Rosenbaum','1987-01-21',NULL,'f',130,64),(59,'Lela','Dooley','1982-10-22',NULL,'f',131,32),(60,'Cierra','O\'Reilly','1987-07-20',NULL,'m',91,215),(61,'Evan','Hauck','1994-02-26',NULL,'f',133,5),(62,'Alexandria','Harvey','1970-06-23',NULL,'m',35,147),(63,'Montana','Lindgren','1987-12-22',NULL,'f',43,94),(64,'Chase','Lockman','1991-06-20',NULL,'m',49,207),(65,'Hilton','Weimann','1982-08-25',NULL,'f',119,45),(66,'Filiberto','Littel','1987-11-22',NULL,'m',79,138),(67,'Karli','Corkery','1980-01-20',NULL,'m',75,104),(68,'Darrick','Wyman','1987-09-19',NULL,'m',114,143),(69,'Ilene','McDermott','1990-06-20',NULL,'m',95,65),(70,'Monica','Deckow','1994-04-19',NULL,'m',84,116),(71,'Obie','Mayer','1987-02-28',NULL,'f',92,213),(72,'Erna','Parisian','1987-06-28',NULL,'m',135,215),(73,'Friedrich','Hahn','1970-11-25',NULL,'m',34,116),(74,'Brando','Gorczany','1982-05-23',NULL,'f',75,84),(75,'Nickolas','Towne','1974-12-01',NULL,'m',136,215),(76,'Deborah','Roob','1986-01-28',NULL,'f',119,198),(77,'Newton','Hilll','1987-11-17',NULL,'m',133,219),(78,'Adan','Ritchie','1975-06-05',NULL,'m',140,107),(79,'Myra','Kunze','1983-09-01',NULL,'m',113,24),(80,'Duane','Rolfson','1997-09-10',NULL,'m',133,81),(81,'Marion','Blick','1981-03-30',NULL,'f',147,57),(82,'Mozell','Emard','1991-10-12',NULL,'m',82,37),(83,'Leanne','Hettinger','1987-06-26',NULL,'f',135,155),(84,'Sarina','Stracke','1981-01-31',NULL,'m',138,226),(85,'Lolita','Glover','1987-06-20',NULL,'m',150,162),(86,'Yvonne','Trantow','1998-01-20',NULL,'m',3,205),(87,'Eudora','Stehr','1987-04-28',NULL,'m',119,154),(88,'Angel','Gerhold','1970-02-25',NULL,'f',38,51),(89,'Irving','Schoen','1987-10-14',NULL,'f',67,45),(90,'Brooks','Hamill','1982-12-01',NULL,'f',122,199),(91,'Gus','Russel','1998-11-26',NULL,'f',65,162),(92,'Casimer','Gutmann','1987-04-24',NULL,'f',107,230),(93,'Sandrine','Quigley','1994-06-22',NULL,'m',131,50),(94,'Peggie','Schinner','1980-11-15',NULL,'m',134,25),(95,'Rossie','Sanford','1987-11-08',NULL,'f',9,70),(96,'Jace','Kautzer','1987-09-21',NULL,'f',136,40),(97,'Sylvester','O\'Keefe','1987-05-21',NULL,'m',126,96),(98,'Tessie','Runolfsdottir','1995-10-20',NULL,'m',124,60),(99,'Rosemarie','Gutmann','1970-06-17',NULL,'f',93,77),(100,'Ari','Rath','1992-04-06',NULL,'m',29,68);
/*!40000 ALTER TABLE `creators` ENABLE KEYS */;
UNLOCK TABLES;

--
-- Table structure for table `genres`
--

DROP TABLE IF EXISTS `genres`;
/*!40101 SET @saved_cs_client     = @@character_set_client */;
/*!50503 SET character_set_client = utf8mb4 */;
CREATE TABLE `genres` (
  `id` bigint unsigned NOT NULL AUTO_INCREMENT,
  `genre` varchar(200) NOT NULL,
  PRIMARY KEY (`id`),
  UNIQUE KEY `id` (`id`),
  UNIQUE KEY `genre` (`genre`)
) ENGINE=InnoDB AUTO_INCREMENT=23 DEFAULT CHARSET=utf8mb4 COLLATE=utf8mb4_0900_ai_ci;
/*!40101 SET character_set_client = @saved_cs_client */;

--
-- Dumping data for table `genres`
--

LOCK TABLES `genres` WRITE;
/*!40000 ALTER TABLE `genres` DISABLE KEYS */;
INSERT INTO `genres` VALUES (1,'Action'),(2,'Adventure'),(3,'Animation'),(4,'Biography'),(5,'Comedy'),(6,'Crime'),(7,'Documentary'),(8,'Drama'),(9,'Family'),(10,'Fantasy'),(11,'Film Noir'),(12,'History'),(13,'Horror'),(14,'Music'),(15,'Musical'),(16,'Mystery'),(17,'Romance'),(18,'Sci-Fi'),(19,'Sport'),(20,'Superhero'),(21,'Thriller'),(22,'Western');
/*!40000 ALTER TABLE `genres` ENABLE KEYS */;
UNLOCK TABLES;

--
-- Table structure for table `messages`
--

DROP TABLE IF EXISTS `messages`;
/*!40101 SET @saved_cs_client     = @@character_set_client */;
/*!50503 SET character_set_client = utf8mb4 */;
CREATE TABLE `messages` (
  `id` bigint unsigned NOT NULL AUTO_INCREMENT,
  `from_user` bigint unsigned DEFAULT NULL,
  `to_user` bigint unsigned DEFAULT NULL,
  `created_at` timestamp NULL DEFAULT CURRENT_TIMESTAMP,
  `body_text` text NOT NULL,
  PRIMARY KEY (`id`),
  UNIQUE KEY `id` (`id`),
  KEY `from_user_id_fk` (`from_user`),
  KEY `to_user_id_fk` (`to_user`),
  CONSTRAINT `from_user_id_fk` FOREIGN KEY (`from_user`) REFERENCES `users` (`id`) ON DELETE RESTRICT ON UPDATE CASCADE,
  CONSTRAINT `to_user_id_fk` FOREIGN KEY (`to_user`) REFERENCES `users` (`id`) ON DELETE RESTRICT ON UPDATE CASCADE
) ENGINE=InnoDB AUTO_INCREMENT=101 DEFAULT CHARSET=utf8mb4 COLLATE=utf8mb4_0900_ai_ci;
/*!40101 SET character_set_client = @saved_cs_client */;

--
-- Dumping data for table `messages`
--

LOCK TABLES `messages` WRITE;
/*!40000 ALTER TABLE `messages` DISABLE KEYS */;
INSERT INTO `messages` VALUES (1,90,76,'2021-03-14 17:08:14','Et esse est qui culpa fugiat. Quis et autem unde ut reprehenderit est delectus. Quae laborum ad iste vel provident animi. Rerum dolores ex aut quis.'),(2,26,30,'2021-03-14 17:08:14','Assumenda occaecati laboriosam non culpa placeat deserunt. Dicta sed aut dolorem est. Laudantium iusto molestias assumenda fugit id iste.'),(3,100,28,'2021-03-14 17:08:14','Corporis qui consequatur quod corporis exercitationem sunt corrupti. Qui assumenda unde quia repudiandae. Voluptate qui alias rerum molestiae fuga sunt quo.'),(4,42,1,'2021-03-14 17:08:14','Reprehenderit nobis molestiae quisquam ad ea. Deleniti ut qui ut occaecati praesentium. Aut enim rerum est sit.'),(5,3,8,'2021-03-14 17:08:14','Sint praesentium eaque sint. Ut enim et consequuntur et veniam aliquam ullam. Amet aut saepe repellendus iure. Velit voluptate labore minima qui aperiam officia. Quo eos aperiam porro ipsa cumque.'),(6,75,94,'2021-03-14 17:08:14','Repellat laboriosam nulla et aut aut in. Eos atque corporis placeat molestiae voluptas. Quia quia temporibus quidem id ab.'),(7,56,1,'2021-03-14 17:08:14','Excepturi expedita numquam harum aut rerum consequatur omnis illo. Et ipsam ullam aut eius. Eaque sequi eligendi consectetur. Autem a facere error nam exercitationem.'),(8,59,86,'2021-03-14 17:08:14','Soluta occaecati aliquam culpa. Sequi alias et repudiandae nam ea ab iure. Libero voluptas veritatis qui debitis eius. Architecto expedita doloremque rerum a qui sequi facere soluta.'),(9,19,8,'2021-03-14 17:08:14','Sint iste optio voluptas sunt. Aut quam ut accusamus similique. Ducimus cumque soluta perspiciatis et qui quia est et. Expedita sed non beatae ex et consectetur corporis.'),(10,58,68,'2021-03-14 17:08:14','Architecto et beatae qui incidunt pariatur reprehenderit repellendus. Reiciendis necessitatibus inventore aspernatur esse. Nobis expedita hic placeat sunt nostrum atque.'),(11,39,84,'2021-03-14 17:08:14','Iure ea consequatur facilis ratione eum sint ex. Neque et deleniti adipisci amet consectetur sed non. Voluptatem et sunt dolore omnis temporibus provident. Voluptatum omnis numquam autem ab eveniet quo.'),(12,74,88,'2021-03-14 17:08:14','Dolores nulla corporis perspiciatis vero autem molestiae illo. Quia voluptatibus ut quia et illo consectetur odit. Eligendi architecto veritatis delectus nulla consequuntur voluptas repellat.'),(13,60,85,'2021-03-14 17:08:14','Dolorem non sed voluptas quod. Voluptas sit eos sunt voluptatem sed animi. Est illo dicta aut quia incidunt.'),(14,1,76,'2021-03-14 17:08:14','Incidunt ut ipsa dicta neque dignissimos qui. Fuga porro modi autem. Expedita quos labore at. Et repellendus consequatur temporibus et et.'),(15,76,30,'2021-03-14 17:08:14','Libero vitae vel dignissimos ut. Unde qui eum vitae praesentium qui. Eum labore similique molestiae natus repellendus dicta excepturi.'),(16,43,61,'2021-03-14 17:08:14','Non adipisci aspernatur laboriosam sit. Nam aut eos nobis. Sed qui ducimus voluptatem perferendis qui.'),(17,35,91,'2021-03-14 17:08:14','Dolor sint nesciunt reiciendis velit. Optio fuga omnis ratione maiores dolor. Excepturi nostrum perferendis numquam nostrum quia ipsa. Cupiditate sed sapiente soluta accusamus dolorem. Vero eum numquam deserunt esse.'),(18,100,98,'2021-03-14 17:08:14','Provident libero cupiditate aliquid temporibus est. Mollitia animi et similique sunt voluptatem. Aut quam doloremque vero aspernatur consectetur placeat. Labore eveniet in omnis quo pariatur ex repellat.'),(19,41,52,'2021-03-14 17:08:14','Voluptatibus facilis et officia exercitationem natus. Sapiente eligendi nemo minima pariatur. Et sed corporis ullam et. Illo fugit illum ea odio sed qui voluptatem eius.'),(20,48,97,'2021-03-14 17:08:14','Et doloremque est nihil. Consequatur numquam laborum rerum illum cumque. Sit in et voluptas aliquam sit reiciendis. Itaque voluptatem dolorum id pariatur ex nam possimus.'),(21,26,39,'2021-03-14 17:08:14','Ut eos nobis quibusdam aut. Vitae libero consequatur officia recusandae quos doloribus. Sed dolores numquam ab quos quasi et. Nam accusamus dolorem non voluptas sunt.'),(22,100,38,'2021-03-14 17:08:14','Ipsa officia itaque sunt perspiciatis voluptatem iste. Sed aut ea rerum. Ab ut ullam voluptas sit nemo. Nemo quia sint eos cupiditate.'),(23,74,16,'2021-03-14 17:08:14','Nihil ut beatae fugiat adipisci a autem est. Eligendi ex libero illo ratione occaecati saepe consequatur. Repudiandae autem sunt assumenda. Alias saepe vitae id doloremque est. Ut vel fugit aut aut.'),(24,56,75,'2021-03-14 17:08:14','Commodi quod id nulla voluptas deserunt. Consequatur id ut impedit expedita accusantium voluptas rerum quaerat. Quae est non eos laudantium quo sed. Omnis eaque est repellat praesentium.'),(25,22,87,'2021-03-14 17:08:14','Qui facilis velit eum. Dolorem qui maxime ea adipisci iusto. Voluptatem quaerat non vel architecto id.'),(26,68,69,'2021-03-14 17:08:14','Molestiae magnam esse praesentium doloribus id harum. Pariatur et delectus a. Sit est sunt officiis aut ipsum doloribus hic. A voluptas ab veniam consequatur qui minima natus. Voluptatem nam harum earum reprehenderit aperiam consequatur nihil nihil.'),(27,48,15,'2021-03-14 17:08:14','Sed culpa et enim. Quisquam molestias in eum id praesentium ut. Culpa neque tempore vero magnam ut.'),(28,48,93,'2021-03-14 17:08:14','Est provident sequi iusto harum sit. Sunt eaque harum recusandae. Quia totam enim omnis minima quis voluptas.'),(29,93,53,'2021-03-14 17:08:14','Voluptates a dolorem sapiente. Placeat nam nihil sit expedita. Cumque explicabo sed sint in repellendus.'),(30,91,23,'2021-03-14 17:08:14','Iure ad omnis doloremque laudantium. Quae laboriosam corporis provident perspiciatis fugiat iure rem. Quis eveniet in sunt qui minima quasi.'),(31,41,38,'2021-03-14 17:08:14','Nam voluptatibus veritatis eligendi voluptatem voluptatum ea. Ut nobis iusto amet velit officiis vel nostrum. Quasi nemo corrupti autem eveniet mollitia qui pariatur. Accusamus consequatur modi iste dolor optio numquam.'),(32,62,54,'2021-03-14 17:08:14','At id laboriosam ad exercitationem at vero explicabo. Repellat et quo odio et deleniti quo quod tempore. Cumque facere quod possimus quam.'),(33,2,58,'2021-03-14 17:08:14','Fuga consequatur et dolor sed et. Eum ut sint voluptate ipsum.'),(34,80,46,'2021-03-14 17:08:14','Nemo qui atque suscipit ut. Fugit in et ut aperiam eos. Dolor aliquam beatae iste mollitia libero. Pariatur provident voluptatibus facere ut sunt.'),(35,29,48,'2021-03-14 17:08:14','Occaecati odit molestiae nisi consequuntur ex explicabo vitae. Illum voluptate nostrum ab quasi dolores minus. Ut quisquam voluptas consequatur doloremque voluptatem nisi. Architecto reiciendis voluptatum voluptatem.'),(36,75,90,'2021-03-14 17:08:14','Eum qui et unde rem et qui. Eos ut illo numquam error est consequuntur. Deserunt facilis aliquid et corrupti et. Numquam deleniti sunt totam mollitia.'),(37,65,5,'2021-03-14 17:08:14','Vel qui est quia nulla pariatur exercitationem. Qui et ad facere eius. Et repudiandae excepturi molestiae.'),(38,17,44,'2021-03-14 17:08:14','Veniam occaecati suscipit qui voluptates. Dolor facere labore aspernatur voluptas facere. Non nostrum optio sed tenetur sequi ipsam quasi sed.'),(39,3,90,'2021-03-14 17:08:14','Quia qui quia esse quo. Enim aut est omnis et voluptas sunt nemo. Veritatis voluptatem asperiores aliquam temporibus. Eius maiores nam laudantium fugit reprehenderit. Tenetur est et delectus suscipit aspernatur.'),(40,17,61,'2021-03-14 17:08:14','Aut quis placeat non iste repellat et. Nam deserunt iure sunt similique suscipit iusto voluptas. Architecto nesciunt consequatur magni porro.'),(41,69,16,'2021-03-14 17:08:14','Et quisquam vitae qui veritatis saepe voluptate recusandae. Porro modi odit consequatur eos et placeat quod. Qui maxime vero culpa ullam laborum dignissimos.'),(42,45,84,'2021-03-14 17:08:14','Id enim eveniet aut qui perspiciatis explicabo ex. Nihil consequatur culpa eos tenetur. Quidem at est ut ipsa harum itaque. Rerum omnis aut placeat.'),(43,3,33,'2021-03-14 17:08:14','Et sint et nihil sunt facere esse nostrum. A velit aut voluptas quis eum maxime deleniti. Aut perferendis omnis qui aliquid cum repellat ratione. Est fugiat totam autem ab est quasi.'),(44,69,17,'2021-03-14 17:08:14','Veniam et qui qui saepe. Assumenda tenetur quam quia et. Nemo dolore autem nihil deserunt omnis voluptas. Repellat est ut in porro voluptas deserunt.'),(45,75,29,'2021-03-14 17:08:14','Est ut et sed in aspernatur optio ea. Magni autem asperiores explicabo deserunt numquam saepe laudantium. Eius sit ducimus minus quod nesciunt eos. Sed necessitatibus et architecto aspernatur architecto suscipit.'),(46,55,44,'2021-03-14 17:08:14','Possimus sint dolores enim. Et laudantium error esse velit dolor. Corrupti itaque rerum dolor et aperiam ratione.'),(47,49,35,'2021-03-14 17:08:14','Non earum ducimus facilis quibusdam nisi. Reiciendis voluptatem minima sed impedit ut est ratione. Nesciunt voluptas impedit ab voluptatum in optio quo.'),(48,42,83,'2021-03-14 17:08:14','Cupiditate laborum esse minima cupiditate molestias. Voluptas distinctio in incidunt hic libero ipsum minus et. Aut dolores voluptas molestiae sed eaque. Excepturi omnis itaque necessitatibus non dolorem sunt adipisci.'),(49,96,31,'2021-03-14 17:08:14','Et quo exercitationem neque ducimus aliquam et. Alias mollitia fugit soluta quia accusamus rem in. Dolor est laudantium non alias voluptate. Officia optio dolor molestiae.'),(50,21,80,'2021-03-14 17:08:14','Dolores sunt a modi sit nostrum. Ut quibusdam enim ut velit quia fugit ea. Nemo est fuga molestias accusamus praesentium. Temporibus assumenda aliquid velit numquam vitae.'),(51,92,18,'2021-03-14 17:08:14','Placeat libero adipisci deleniti impedit eos maxime dolor. Animi quo sint voluptatibus qui magni nam sit. Quia adipisci sapiente et.'),(52,72,58,'2021-03-14 17:08:14','Exercitationem molestias illo quo fugit. Inventore et laboriosam deserunt sint quasi hic. Laboriosam est vero voluptatibus dolor quis enim officiis.'),(53,86,82,'2021-03-14 17:08:14','Maiores eum qui ut at veritatis. Laborum qui magni ut distinctio. Et rerum sequi asperiores aut saepe aut.'),(54,18,13,'2021-03-14 17:08:14','Laborum impedit consequatur sed minus enim veniam nulla. Voluptatem est consequatur autem. Earum excepturi autem blanditiis adipisci ex vitae blanditiis.'),(55,2,58,'2021-03-14 17:08:14','Quo eligendi tempore vel et ut suscipit eos. Sit illo rerum quae corporis dicta eveniet qui impedit. Facilis expedita laborum voluptatem consectetur porro dolor dolorem.'),(56,10,6,'2021-03-14 17:08:14','Quisquam quae ullam hic consequatur deleniti aspernatur. Illum consequuntur distinctio corporis totam aperiam. Error est id et quia nihil consequatur et.'),(57,92,45,'2021-03-14 17:08:14','Est sed ab similique minima quo neque illum architecto. Consequuntur aut explicabo illum. Dolorem sint perferendis hic. Aut animi maiores debitis eum delectus necessitatibus possimus.'),(58,9,69,'2021-03-14 17:08:14','Consequatur deserunt dolor a ut sint sint blanditiis et. Repudiandae quia earum voluptatem consequatur. Nisi suscipit esse ipsa repellat.'),(59,8,25,'2021-03-14 17:08:14','Voluptas sed non qui iste eius repellendus. Nulla est et vel odio aliquam corporis rerum ut. Aut cumque aspernatur repellat qui.'),(60,61,39,'2021-03-14 17:08:14','Voluptatem non vitae nostrum placeat laudantium quasi sunt. Debitis illum et aliquam doloremque. Fugit recusandae ratione voluptatibus exercitationem quo.'),(61,25,20,'2021-03-14 17:08:14','Officia impedit ex exercitationem magni occaecati dolor. Veritatis eveniet mollitia dolores rerum quis voluptatem. Deleniti ipsum ut placeat fugit et. Eos quis enim recusandae sit.'),(62,60,68,'2021-03-14 17:08:14','Quod vel expedita suscipit quia voluptatem voluptatibus. Vel eum vero odio consectetur quas nihil ad illum. Vitae esse velit recusandae vitae voluptas voluptate. Suscipit nulla ut itaque veritatis.'),(63,51,87,'2021-03-14 17:08:14','Illum quas est eum qui. Error odit enim modi id. Perspiciatis sint dolorem sapiente.'),(64,33,67,'2021-03-14 17:08:14','Magni ratione nihil velit. Quod qui quia et consequatur voluptatibus incidunt.'),(65,91,15,'2021-03-14 17:08:14','Fugit explicabo voluptatem mollitia. Aut perferendis sequi iusto repudiandae eos aliquid et. Quis consequatur cupiditate similique ullam esse magni iure. Reiciendis cumque fugit tempora harum sed ea quo corporis.'),(66,97,86,'2021-03-14 17:08:14','Quam in nostrum necessitatibus quia. Quod atque et a et. Sed facere sequi quia et quod magnam rerum. Nulla dicta nihil et ea.'),(67,49,97,'2021-03-14 17:08:14','Officia autem nostrum ut tenetur ut excepturi dolorum officia. Consequatur molestias non voluptas corporis. Ea aperiam itaque quis alias non.'),(68,97,68,'2021-03-14 17:08:14','Architecto exercitationem similique consequuntur molestiae dolorem asperiores. Aut sunt excepturi qui eveniet repudiandae voluptas. Aliquid magni maiores dolorum omnis. Quia eius aut ipsam inventore et voluptatem.'),(69,40,86,'2021-03-14 17:08:14','Autem quasi eos quae quia excepturi consequuntur corrupti tempora. Id dolores voluptate non est. Libero reiciendis dolores autem corrupti qui rerum. Amet modi voluptatem dignissimos sint dolorum asperiores adipisci nam.'),(70,15,43,'2021-03-14 17:08:14','Enim facere esse repudiandae. Minus sequi eius est quidem. Eligendi error alias praesentium culpa libero rerum.'),(71,72,17,'2021-03-14 17:08:14','Quidem est vel distinctio exercitationem libero. Soluta in quisquam dolor. Nihil quo accusamus sapiente reprehenderit ullam. Doloremque modi incidunt aut perspiciatis.'),(72,69,29,'2021-03-14 17:08:14','Consequuntur temporibus sequi ea corrupti. Et enim perspiciatis ut delectus ipsam. Id occaecati sed ipsam aliquam non ab tenetur.'),(73,20,59,'2021-03-14 17:08:14','Et praesentium adipisci dolorem eos quis et. Fuga et molestiae perferendis consequuntur. Totam maiores quia laudantium officia. Iure amet maxime consectetur ad.'),(74,29,28,'2021-03-14 17:08:14','Sunt suscipit rerum nisi ducimus. Sunt saepe consequuntur laboriosam provident sunt et. Et nisi eos autem voluptatem ipsa sunt praesentium. Eum earum ex quas amet vel voluptatibus.'),(75,57,41,'2021-03-14 17:08:14','Quo velit ut eveniet incidunt autem vitae omnis. Eius incidunt iste omnis omnis ducimus explicabo laboriosam officia. Porro placeat vero illum ipsum quae. Sunt corporis voluptatem soluta id voluptatem quisquam. Asperiores porro esse itaque vero.'),(76,56,3,'2021-03-14 17:08:14','Nihil perspiciatis consequatur laudantium molestiae quia asperiores doloremque. Asperiores facilis voluptatibus aut eos. Voluptates sequi sequi neque.'),(77,5,70,'2021-03-14 17:08:14','Inventore quasi voluptatum qui voluptas. Eius et labore qui inventore voluptas tempora. Dolorum aperiam id libero deleniti quod at voluptatem sit.'),(78,87,5,'2021-03-14 17:08:14','Modi eveniet iusto aspernatur non. Necessitatibus et perferendis sit quas dolores dignissimos. Ab ut quia officiis non blanditiis quo inventore.'),(79,25,63,'2021-03-14 17:08:14','Ut rerum voluptatem et eos recusandae harum et. Nostrum suscipit quos vitae nihil. Molestiae ad corrupti pariatur sit.'),(80,28,6,'2021-03-14 17:08:14','Pariatur expedita pariatur aut. Recusandae beatae consequatur ut eos laborum accusantium sapiente dolores. Corrupti molestiae et sed perferendis.'),(81,70,31,'2021-03-14 17:08:14','Sit provident amet corporis est et. Consectetur magnam rerum nulla voluptas qui. Ullam sed sunt aut dolorem.'),(82,18,4,'2021-03-14 17:08:14','Fuga alias ullam nam doloribus facilis voluptas omnis. Hic rem perferendis accusantium. Vitae iste sit eum sed aspernatur sint nihil a. Ipsam culpa at et voluptatibus vero.'),(83,94,16,'2021-03-14 17:08:14','Laudantium reprehenderit odio minus tenetur occaecati velit amet. Et molestiae ea qui necessitatibus. Dolorem ut molestiae temporibus. Ad porro dolorem praesentium quas. Et omnis ut rerum qui delectus ut commodi velit.'),(84,70,28,'2021-03-14 17:08:14','Quia ipsam repellendus libero saepe. Delectus corporis eum voluptatem animi nemo. Fugiat dolore et est molestiae repellat cupiditate eius.'),(85,49,66,'2021-03-14 17:08:14','Quia quos qui libero minus impedit ea. Dignissimos accusantium dolorum dolorum sunt sit illo aut.'),(86,82,47,'2021-03-14 17:08:14','Voluptas id neque quibusdam quidem alias aliquid molestiae nisi. Dicta id omnis hic voluptas sunt.'),(87,50,1,'2021-03-14 17:08:14','Ducimus totam recusandae et nihil sunt aut sit. Officiis nobis molestiae assumenda aut rerum explicabo aspernatur cum. Nemo quia quidem qui dolorum eveniet consectetur. Necessitatibus velit et quisquam delectus consequatur.'),(88,31,38,'2021-03-14 17:08:14','Sed quia sed ut sit maxime. Exercitationem sunt quos sit consequatur distinctio. Corrupti dolorem sed ut quia maiores voluptate ab ex. Quis est velit autem suscipit voluptatem.'),(89,95,28,'2021-03-14 17:08:14','Sint nihil dolores exercitationem temporibus dignissimos. Ducimus facere ut voluptatem aliquid. Error nihil sunt laborum provident sit minus voluptate. Porro rerum ipsa animi laborum veritatis sunt non ut. Cupiditate iusto cupiditate voluptatem reiciendis.'),(90,10,47,'2021-03-14 17:08:14','Velit consequatur cumque perspiciatis minus occaecati eaque et. Recusandae magnam culpa quaerat et mollitia similique distinctio. Quod in ut dolor ipsam asperiores labore nemo.'),(91,52,82,'2021-03-14 17:08:14','Minima molestiae et nihil labore porro. Numquam fugiat excepturi iusto ea. Quos non officiis et rerum nam commodi.'),(92,29,72,'2021-03-14 17:08:14','Dolores reprehenderit est fugiat nam consequuntur ut. Est saepe aut quam cupiditate odio. Omnis dolor et dolores nulla quisquam quia. Et perferendis quae quod et dicta.'),(93,50,20,'2021-03-14 17:08:14','Veniam deleniti dolores atque id. Nihil totam dolor inventore sapiente. Harum dolor consequatur nisi dolores asperiores ut harum. Nobis molestiae quaerat voluptas est.'),(94,74,44,'2021-03-14 17:08:14','Optio dignissimos aliquid accusamus qui modi. Voluptatibus non id magnam qui minus quisquam. Doloribus nulla doloribus qui omnis enim. Itaque minima qui modi ut ullam autem dolorem.'),(95,52,19,'2021-03-14 17:08:14','Aliquid delectus amet aut enim fuga totam. Qui et eum libero est distinctio tempora. Voluptas dolores voluptates tempora vel ea. Ut numquam officiis in autem et esse.'),(96,15,25,'2021-03-14 17:08:14','Ducimus quisquam nesciunt itaque cupiditate beatae magni ut. Omnis quia et ut sequi molestiae possimus.'),(97,13,69,'2021-03-14 17:08:14','Animi id doloremque corrupti nesciunt omnis culpa perferendis. Animi aliquid ut id nisi. Delectus iusto eos tenetur consequatur illum pariatur. Dolore odit et aperiam provident eveniet temporibus.'),(98,54,49,'2021-03-14 17:08:14','Quae id quas ad quibusdam adipisci voluptatem. Ullam soluta vel similique ut autem officia fugiat. Ex quod molestiae eaque repudiandae. Quaerat alias sit repudiandae mollitia.'),(99,60,51,'2021-03-14 17:08:14','Impedit tempora dolores maxime molestias. Blanditiis laudantium quia qui iste non ut. Non quas aperiam numquam autem totam et ut. Magni vero ducimus qui vitae voluptatem illum.'),(100,45,29,'2021-03-14 17:08:14','Repellat eum placeat et quam. Quod at nostrum omnis molestiae eum quasi voluptas minima. Perspiciatis magni dolore cum veniam molestiae illum atque.');
/*!40000 ALTER TABLE `messages` ENABLE KEYS */;
UNLOCK TABLES;

--
-- Table structure for table `rating`
--

DROP TABLE IF EXISTS `rating`;
/*!40101 SET @saved_cs_client     = @@character_set_client */;
/*!50503 SET character_set_client = utf8mb4 */;
CREATE TABLE `rating` (
  `id` bigint unsigned NOT NULL AUTO_INCREMENT,
  `title_id` bigint unsigned DEFAULT NULL,
  `user_id` bigint unsigned DEFAULT NULL,
  `rating` tinyint unsigned NOT NULL DEFAULT '0',
  `created_at` timestamp NULL DEFAULT CURRENT_TIMESTAMP,
  `updated_at` timestamp NULL DEFAULT CURRENT_TIMESTAMP,
  PRIMARY KEY (`id`),
  UNIQUE KEY `id` (`id`),
  KEY `rating` (`rating`),
  KEY `title_id` (`title_id`),
  KEY `user_id` (`user_id`),
  CONSTRAINT `rating_ibfk_1` FOREIGN KEY (`title_id`) REFERENCES `titles` (`id`) ON DELETE RESTRICT ON UPDATE CASCADE,
  CONSTRAINT `rating_ibfk_2` FOREIGN KEY (`user_id`) REFERENCES `users` (`id`) ON DELETE RESTRICT ON UPDATE CASCADE
) ENGINE=InnoDB AUTO_INCREMENT=401 DEFAULT CHARSET=utf8mb4 COLLATE=utf8mb4_0900_ai_ci;
/*!40101 SET character_set_client = @saved_cs_client */;

--
-- Dumping data for table `rating`
--

LOCK TABLES `rating` WRITE;
/*!40000 ALTER TABLE `rating` DISABLE KEYS */;
INSERT INTO `rating` VALUES (1,5,16,6,'2021-03-14 17:11:08','2021-03-14 17:11:08'),(2,15,58,4,'2021-03-14 17:11:08','2021-03-14 17:11:08'),(3,23,95,5,'2021-03-14 17:11:08','2021-03-14 17:11:08'),(4,33,41,8,'2021-03-14 17:11:08','2021-03-14 17:11:08'),(5,100,75,8,'2021-03-14 17:11:08','2021-03-14 17:11:08'),(6,64,14,7,'2021-03-14 17:11:08','2021-03-14 17:11:08'),(7,95,41,7,'2021-03-14 17:11:08','2021-03-14 17:11:08'),(8,6,36,4,'2021-03-14 17:11:08','2021-03-14 17:11:08'),(9,13,40,8,'2021-03-14 17:11:08','2021-03-14 17:11:08'),(10,4,93,6,'2021-03-14 17:11:08','2021-03-14 17:11:08'),(11,77,52,6,'2021-03-14 17:11:08','2021-03-14 17:11:08'),(12,27,38,5,'2021-03-14 17:11:08','2021-03-14 17:11:08'),(13,87,18,8,'2021-03-14 17:11:08','2021-03-14 17:11:08'),(14,13,22,6,'2021-03-14 17:11:08','2021-03-14 17:11:08'),(15,6,17,6,'2021-03-14 17:11:08','2021-03-14 17:11:08'),(16,27,29,8,'2021-03-14 17:11:08','2021-03-14 17:11:08'),(17,39,19,5,'2021-03-14 17:11:08','2021-03-14 17:11:08'),(18,43,19,6,'2021-03-14 17:11:08','2021-03-14 17:11:08'),(19,66,23,4,'2021-03-14 17:11:08','2021-03-14 17:11:08'),(20,2,2,6,'2021-03-14 17:11:08','2021-03-14 17:11:08'),(21,41,92,5,'2021-03-14 17:11:08','2021-03-14 17:11:08'),(22,51,82,7,'2021-03-14 17:11:08','2021-03-14 17:11:08'),(23,63,7,9,'2021-03-14 17:11:08','2021-03-14 17:11:08'),(24,45,14,8,'2021-03-14 17:11:08','2021-03-14 17:11:08'),(25,29,95,8,'2021-03-14 17:11:08','2021-03-14 17:11:08'),(26,93,100,4,'2021-03-14 17:11:08','2021-03-14 17:11:08'),(27,56,51,6,'2021-03-14 17:11:08','2021-03-14 17:11:08'),(28,7,26,7,'2021-03-14 17:11:08','2021-03-14 17:11:08'),(29,55,72,8,'2021-03-14 17:11:08','2021-03-14 17:11:08'),(30,67,94,4,'2021-03-14 17:11:08','2021-03-14 17:11:08'),(31,57,7,9,'2021-03-14 17:11:08','2021-03-14 17:11:08'),(32,94,5,4,'2021-03-14 17:11:08','2021-03-14 17:11:08'),(33,37,58,7,'2021-03-14 17:11:08','2021-03-14 17:11:08'),(34,66,84,6,'2021-03-14 17:11:08','2021-03-14 17:11:08'),(35,6,59,6,'2021-03-14 17:11:08','2021-03-14 17:11:08'),(36,64,16,6,'2021-03-14 17:11:08','2021-03-14 17:11:08'),(37,75,54,8,'2021-03-14 17:11:08','2021-03-14 17:11:08'),(38,65,67,5,'2021-03-14 17:11:08','2021-03-14 17:11:08'),(39,97,98,8,'2021-03-14 17:11:08','2021-03-14 17:11:08'),(40,19,64,7,'2021-03-14 17:11:08','2021-03-14 17:11:08'),(41,64,53,6,'2021-03-14 17:11:08','2021-03-14 17:11:08'),(42,39,1,5,'2021-03-14 17:11:08','2021-03-14 17:11:08'),(43,21,65,4,'2021-03-14 17:11:08','2021-03-14 17:11:08'),(44,33,76,6,'2021-03-14 17:11:08','2021-03-14 17:11:08'),(45,29,24,4,'2021-03-14 17:11:08','2021-03-14 17:11:08'),(46,60,26,4,'2021-03-14 17:11:08','2021-03-14 17:11:08'),(47,55,74,7,'2021-03-14 17:11:08','2021-03-14 17:11:08'),(48,77,100,8,'2021-03-14 17:11:08','2021-03-14 17:11:08'),(49,83,21,7,'2021-03-14 17:11:08','2021-03-14 17:11:08'),(50,18,50,9,'2021-03-14 17:11:08','2021-03-14 17:11:08'),(51,97,90,8,'2021-03-14 17:11:08','2021-03-14 17:11:08'),(52,94,53,5,'2021-03-14 17:11:08','2021-03-14 17:11:08'),(53,80,41,9,'2021-03-14 17:11:08','2021-03-14 17:11:08'),(54,61,47,5,'2021-03-14 17:11:08','2021-03-14 17:11:08'),(55,74,86,8,'2021-03-14 17:11:08','2021-03-14 17:11:08'),(56,53,46,4,'2021-03-14 17:11:08','2021-03-14 17:11:08'),(57,5,1,5,'2021-03-14 17:11:08','2021-03-14 17:11:08'),(58,65,45,8,'2021-03-14 17:11:08','2021-03-14 17:11:08'),(59,11,53,9,'2021-03-14 17:11:08','2021-03-14 17:11:08'),(60,79,41,6,'2021-03-14 17:11:08','2021-03-14 17:11:08'),(61,75,23,4,'2021-03-14 17:11:08','2021-03-14 17:11:08'),(62,13,75,6,'2021-03-14 17:11:08','2021-03-14 17:11:08'),(63,6,12,5,'2021-03-14 17:11:08','2021-03-14 17:11:08'),(64,84,38,9,'2021-03-14 17:11:08','2021-03-14 17:11:08'),(65,65,86,5,'2021-03-14 17:11:08','2021-03-14 17:11:08'),(66,85,53,7,'2021-03-14 17:11:08','2021-03-14 17:11:08'),(67,85,58,8,'2021-03-14 17:11:08','2021-03-14 17:11:08'),(68,37,77,6,'2021-03-14 17:11:08','2021-03-14 17:11:08'),(69,86,78,6,'2021-03-14 17:11:08','2021-03-14 17:11:08'),(70,85,49,6,'2021-03-14 17:11:08','2021-03-14 17:11:08'),(71,83,98,8,'2021-03-14 17:11:08','2021-03-14 17:11:08'),(72,99,77,6,'2021-03-14 17:11:08','2021-03-14 17:11:08'),(73,19,38,9,'2021-03-14 17:11:08','2021-03-14 17:11:08'),(74,26,39,4,'2021-03-14 17:11:08','2021-03-14 17:11:08'),(75,15,76,5,'2021-03-14 17:11:08','2021-03-14 17:11:08'),(76,39,67,4,'2021-03-14 17:11:08','2021-03-14 17:11:08'),(77,27,25,5,'2021-03-14 17:11:08','2021-03-14 17:11:08'),(78,4,96,4,'2021-03-14 17:11:08','2021-03-14 17:11:08'),(79,55,57,5,'2021-03-14 17:11:08','2021-03-14 17:11:08'),(80,90,36,9,'2021-03-14 17:11:08','2021-03-14 17:11:08'),(81,80,27,5,'2021-03-14 17:11:08','2021-03-14 17:11:08'),(82,18,31,6,'2021-03-14 17:11:08','2021-03-14 17:11:08'),(83,45,2,9,'2021-03-14 17:11:08','2021-03-14 17:11:08'),(84,30,22,8,'2021-03-14 17:11:08','2021-03-14 17:11:08'),(85,52,53,6,'2021-03-14 17:11:08','2021-03-14 17:11:08'),(86,9,21,4,'2021-03-14 17:11:08','2021-03-14 17:11:08'),(87,48,11,9,'2021-03-14 17:11:08','2021-03-14 17:11:08'),(88,62,60,5,'2021-03-14 17:11:08','2021-03-14 17:11:08'),(89,95,61,7,'2021-03-14 17:11:08','2021-03-14 17:11:08'),(90,75,80,7,'2021-03-14 17:11:08','2021-03-14 17:11:08'),(91,55,1,6,'2021-03-14 17:11:08','2021-03-14 17:11:08'),(92,38,97,4,'2021-03-14 17:11:08','2021-03-14 17:11:08'),(93,98,21,7,'2021-03-14 17:11:08','2021-03-14 17:11:08'),(94,56,25,8,'2021-03-14 17:11:08','2021-03-14 17:11:08'),(95,95,30,6,'2021-03-14 17:11:08','2021-03-14 17:11:08'),(96,3,44,5,'2021-03-14 17:11:08','2021-03-14 17:11:08'),(97,22,16,9,'2021-03-14 17:11:08','2021-03-14 17:11:08'),(98,66,70,4,'2021-03-14 17:11:08','2021-03-14 17:11:08'),(99,74,49,7,'2021-03-14 17:11:08','2021-03-14 17:11:08'),(100,29,92,5,'2021-03-14 17:11:08','2021-03-14 17:11:08'),(101,91,97,10,'2021-03-14 17:11:08','2021-03-14 17:11:08'),(102,55,10,2,'2021-03-14 17:11:08','2021-03-14 17:11:08'),(103,1,66,6,'2021-03-14 17:11:08','2021-03-14 17:11:08'),(104,43,2,5,'2021-03-14 17:11:08','2021-03-14 17:11:08'),(105,87,39,3,'2021-03-14 17:11:08','2021-03-14 17:11:08'),(106,8,78,9,'2021-03-14 17:11:08','2021-03-14 17:11:08'),(107,93,92,10,'2021-03-14 17:11:08','2021-03-14 17:11:08'),(108,91,61,10,'2021-03-14 17:11:08','2021-03-14 17:11:08'),(109,76,34,10,'2021-03-14 17:11:08','2021-03-14 17:11:08'),(110,90,15,1,'2021-03-14 17:11:08','2021-03-14 17:11:08'),(111,87,43,3,'2021-03-14 17:11:08','2021-03-14 17:11:08'),(112,89,32,9,'2021-03-14 17:11:08','2021-03-14 17:11:08'),(113,76,20,6,'2021-03-14 17:11:08','2021-03-14 17:11:08'),(114,51,2,4,'2021-03-14 17:11:08','2021-03-14 17:11:08'),(115,15,34,6,'2021-03-14 17:11:08','2021-03-14 17:11:08'),(116,92,23,8,'2021-03-14 17:11:08','2021-03-14 17:11:08'),(117,49,62,4,'2021-03-14 17:11:08','2021-03-14 17:11:08'),(118,75,85,8,'2021-03-14 17:11:08','2021-03-14 17:11:08'),(119,42,5,10,'2021-03-14 17:11:08','2021-03-14 17:11:08'),(120,8,2,7,'2021-03-14 17:11:08','2021-03-14 17:11:08'),(121,71,98,3,'2021-03-14 17:11:08','2021-03-14 17:11:08'),(122,76,11,4,'2021-03-14 17:11:08','2021-03-14 17:11:08'),(123,56,78,4,'2021-03-14 17:11:08','2021-03-14 17:11:08'),(124,15,57,9,'2021-03-14 17:11:08','2021-03-14 17:11:08'),(125,99,68,4,'2021-03-14 17:11:08','2021-03-14 17:11:08'),(126,15,46,2,'2021-03-14 17:11:08','2021-03-14 17:11:08'),(127,10,20,3,'2021-03-14 17:11:08','2021-03-14 17:11:08'),(128,8,95,3,'2021-03-14 17:11:08','2021-03-14 17:11:08'),(129,99,94,8,'2021-03-14 17:11:08','2021-03-14 17:11:08'),(130,32,84,2,'2021-03-14 17:11:08','2021-03-14 17:11:08'),(131,83,81,1,'2021-03-14 17:11:08','2021-03-14 17:11:08'),(132,8,65,2,'2021-03-14 17:11:08','2021-03-14 17:11:08'),(133,8,39,5,'2021-03-14 17:11:08','2021-03-14 17:11:08'),(134,89,89,1,'2021-03-14 17:11:08','2021-03-14 17:11:08'),(135,21,32,8,'2021-03-14 17:11:08','2021-03-14 17:11:08'),(136,88,85,3,'2021-03-14 17:11:08','2021-03-14 17:11:08'),(137,4,14,9,'2021-03-14 17:11:08','2021-03-14 17:11:08'),(138,26,6,2,'2021-03-14 17:11:08','2021-03-14 17:11:08'),(139,77,26,10,'2021-03-14 17:11:08','2021-03-14 17:11:08'),(140,36,82,1,'2021-03-14 17:11:08','2021-03-14 17:11:08'),(141,18,9,8,'2021-03-14 17:11:08','2021-03-14 17:11:08'),(142,25,92,3,'2021-03-14 17:11:08','2021-03-14 17:11:08'),(143,31,55,4,'2021-03-14 17:11:08','2021-03-14 17:11:08'),(144,7,82,10,'2021-03-14 17:11:08','2021-03-14 17:11:08'),(145,62,50,4,'2021-03-14 17:11:08','2021-03-14 17:11:08'),(146,43,50,9,'2021-03-14 17:11:08','2021-03-14 17:11:08'),(147,30,64,5,'2021-03-14 17:11:08','2021-03-14 17:11:08'),(148,25,45,5,'2021-03-14 17:11:08','2021-03-14 17:11:08'),(149,53,72,4,'2021-03-14 17:11:08','2021-03-14 17:11:08'),(150,39,94,8,'2021-03-14 17:11:08','2021-03-14 17:11:08'),(151,21,99,8,'2021-03-14 17:11:08','2021-03-14 17:11:08'),(152,47,2,1,'2021-03-14 17:11:08','2021-03-14 17:11:08'),(153,9,88,7,'2021-03-14 17:11:08','2021-03-14 17:11:08'),(154,14,30,3,'2021-03-14 17:11:08','2021-03-14 17:11:08'),(155,67,53,7,'2021-03-14 17:11:08','2021-03-14 17:11:08'),(156,44,29,3,'2021-03-14 17:11:08','2021-03-14 17:11:08'),(157,41,83,6,'2021-03-14 17:11:08','2021-03-14 17:11:08'),(158,70,36,8,'2021-03-14 17:11:08','2021-03-14 17:11:08'),(159,36,34,10,'2021-03-14 17:11:08','2021-03-14 17:11:08'),(160,72,62,3,'2021-03-14 17:11:08','2021-03-14 17:11:08'),(161,89,20,9,'2021-03-14 17:11:08','2021-03-14 17:11:08'),(162,29,55,1,'2021-03-14 17:11:08','2021-03-14 17:11:08'),(163,100,25,7,'2021-03-14 17:11:08','2021-03-14 17:11:08'),(164,91,95,1,'2021-03-14 17:11:08','2021-03-14 17:11:08'),(165,88,61,1,'2021-03-14 17:11:08','2021-03-14 17:11:08'),(166,98,11,5,'2021-03-14 17:11:08','2021-03-14 17:11:08'),(167,72,36,9,'2021-03-14 17:11:08','2021-03-14 17:11:08'),(168,7,88,8,'2021-03-14 17:11:08','2021-03-14 17:11:08'),(169,11,94,2,'2021-03-14 17:11:08','2021-03-14 17:11:08'),(170,90,89,6,'2021-03-14 17:11:08','2021-03-14 17:11:08'),(171,87,44,6,'2021-03-14 17:11:08','2021-03-14 17:11:08'),(172,14,12,8,'2021-03-14 17:11:08','2021-03-14 17:11:08'),(173,35,90,3,'2021-03-14 17:11:08','2021-03-14 17:11:08'),(174,69,36,1,'2021-03-14 17:11:08','2021-03-14 17:11:08'),(175,55,26,2,'2021-03-14 17:11:08','2021-03-14 17:11:08'),(176,80,73,3,'2021-03-14 17:11:08','2021-03-14 17:11:08'),(177,74,82,3,'2021-03-14 17:11:08','2021-03-14 17:11:08'),(178,56,3,4,'2021-03-14 17:11:08','2021-03-14 17:11:08'),(179,18,47,3,'2021-03-14 17:11:08','2021-03-14 17:11:08'),(180,35,81,4,'2021-03-14 17:11:08','2021-03-14 17:11:08'),(181,14,20,5,'2021-03-14 17:11:08','2021-03-14 17:11:08'),(182,74,79,2,'2021-03-14 17:11:08','2021-03-14 17:11:08'),(183,16,19,4,'2021-03-14 17:11:08','2021-03-14 17:11:08'),(184,16,30,3,'2021-03-14 17:11:08','2021-03-14 17:11:08'),(185,38,96,1,'2021-03-14 17:11:08','2021-03-14 17:11:08'),(186,20,26,4,'2021-03-14 17:11:08','2021-03-14 17:11:08'),(187,56,26,8,'2021-03-14 17:11:08','2021-03-14 17:11:08'),(188,9,64,8,'2021-03-14 17:11:08','2021-03-14 17:11:08'),(189,83,43,3,'2021-03-14 17:11:08','2021-03-14 17:11:08'),(190,73,73,6,'2021-03-14 17:11:08','2021-03-14 17:11:08'),(191,37,9,5,'2021-03-14 17:11:08','2021-03-14 17:11:08'),(192,51,87,2,'2021-03-14 17:11:08','2021-03-14 17:11:08'),(193,92,83,10,'2021-03-14 17:11:08','2021-03-14 17:11:08'),(194,30,60,7,'2021-03-14 17:11:08','2021-03-14 17:11:08'),(195,51,54,2,'2021-03-14 17:11:08','2021-03-14 17:11:08'),(196,59,13,6,'2021-03-14 17:11:08','2021-03-14 17:11:08'),(197,93,82,2,'2021-03-14 17:11:08','2021-03-14 17:11:08'),(198,59,5,5,'2021-03-14 17:11:08','2021-03-14 17:11:08'),(199,38,46,4,'2021-03-14 17:11:08','2021-03-14 17:11:08'),(200,53,44,9,'2021-03-14 17:11:08','2021-03-14 17:11:08'),(201,29,80,7,'2021-03-14 17:11:08','2021-03-14 17:11:08'),(202,71,59,6,'2021-03-14 17:11:08','2021-03-14 17:11:08'),(203,14,99,7,'2021-03-14 17:11:08','2021-03-14 17:11:08'),(204,87,49,10,'2021-03-14 17:11:08','2021-03-14 17:11:08'),(205,7,67,6,'2021-03-14 17:11:08','2021-03-14 17:11:08'),(206,91,39,7,'2021-03-14 17:11:08','2021-03-14 17:11:08'),(207,27,16,9,'2021-03-14 17:11:08','2021-03-14 17:11:08'),(208,78,85,3,'2021-03-14 17:11:08','2021-03-14 17:11:08'),(209,59,21,10,'2021-03-14 17:11:08','2021-03-14 17:11:08'),(210,64,36,7,'2021-03-14 17:11:08','2021-03-14 17:11:08'),(211,73,39,7,'2021-03-14 17:11:08','2021-03-14 17:11:08'),(212,7,86,4,'2021-03-14 17:11:08','2021-03-14 17:11:08'),(213,98,97,7,'2021-03-14 17:11:08','2021-03-14 17:11:08'),(214,41,46,5,'2021-03-14 17:11:08','2021-03-14 17:11:08'),(215,68,83,3,'2021-03-14 17:11:08','2021-03-14 17:11:08'),(216,89,51,3,'2021-03-14 17:11:08','2021-03-14 17:11:08'),(217,69,6,3,'2021-03-14 17:11:08','2021-03-14 17:11:08'),(218,57,44,4,'2021-03-14 17:11:08','2021-03-14 17:11:08'),(219,12,81,3,'2021-03-14 17:11:08','2021-03-14 17:11:08'),(220,56,80,9,'2021-03-14 17:11:08','2021-03-14 17:11:08'),(221,80,14,8,'2021-03-14 17:11:08','2021-03-14 17:11:08'),(222,22,96,9,'2021-03-14 17:11:08','2021-03-14 17:11:08'),(223,16,51,5,'2021-03-14 17:11:08','2021-03-14 17:11:08'),(224,2,93,2,'2021-03-14 17:11:08','2021-03-14 17:11:08'),(225,13,39,9,'2021-03-14 17:11:08','2021-03-14 17:11:08'),(226,47,32,7,'2021-03-14 17:11:08','2021-03-14 17:11:08'),(227,14,72,2,'2021-03-14 17:11:08','2021-03-14 17:11:08'),(228,52,7,10,'2021-03-14 17:11:08','2021-03-14 17:11:08'),(229,32,68,2,'2021-03-14 17:11:08','2021-03-14 17:11:08'),(230,3,26,2,'2021-03-14 17:11:08','2021-03-14 17:11:08'),(231,70,12,1,'2021-03-14 17:11:08','2021-03-14 17:11:08'),(232,26,26,3,'2021-03-14 17:11:08','2021-03-14 17:11:08'),(233,23,39,5,'2021-03-14 17:11:08','2021-03-14 17:11:08'),(234,100,46,4,'2021-03-14 17:11:08','2021-03-14 17:11:08'),(235,20,54,7,'2021-03-14 17:11:08','2021-03-14 17:11:08'),(236,89,48,3,'2021-03-14 17:11:08','2021-03-14 17:11:08'),(237,68,45,9,'2021-03-14 17:11:08','2021-03-14 17:11:08'),(238,95,8,4,'2021-03-14 17:11:08','2021-03-14 17:11:08'),(239,41,59,3,'2021-03-14 17:11:08','2021-03-14 17:11:08'),(240,25,16,8,'2021-03-14 17:11:08','2021-03-14 17:11:08'),(241,14,57,5,'2021-03-14 17:11:08','2021-03-14 17:11:08'),(242,24,66,3,'2021-03-14 17:11:08','2021-03-14 17:11:08'),(243,11,19,3,'2021-03-14 17:11:08','2021-03-14 17:11:08'),(244,37,43,5,'2021-03-14 17:11:08','2021-03-14 17:11:08'),(245,67,23,2,'2021-03-14 17:11:08','2021-03-14 17:11:08'),(246,70,8,8,'2021-03-14 17:11:08','2021-03-14 17:11:08'),(247,10,86,3,'2021-03-14 17:11:08','2021-03-14 17:11:08'),(248,85,44,1,'2021-03-14 17:11:08','2021-03-14 17:11:08'),(249,40,17,3,'2021-03-14 17:11:08','2021-03-14 17:11:08'),(250,26,88,7,'2021-03-14 17:11:08','2021-03-14 17:11:08'),(251,19,100,6,'2021-03-14 17:11:08','2021-03-14 17:11:08'),(252,71,59,3,'2021-03-14 17:11:08','2021-03-14 17:11:08'),(253,40,19,8,'2021-03-14 17:11:08','2021-03-14 17:11:08'),(254,49,72,5,'2021-03-14 17:11:08','2021-03-14 17:11:08'),(255,22,85,10,'2021-03-14 17:11:08','2021-03-14 17:11:08'),(256,44,26,9,'2021-03-14 17:11:08','2021-03-14 17:11:08'),(257,59,90,6,'2021-03-14 17:11:08','2021-03-14 17:11:08'),(258,20,77,1,'2021-03-14 17:11:08','2021-03-14 17:11:08'),(259,70,79,10,'2021-03-14 17:11:08','2021-03-14 17:11:08'),(260,60,82,2,'2021-03-14 17:11:08','2021-03-14 17:11:08'),(261,47,80,2,'2021-03-14 17:11:08','2021-03-14 17:11:08'),(262,6,41,9,'2021-03-14 17:11:08','2021-03-14 17:11:08'),(263,70,62,4,'2021-03-14 17:11:08','2021-03-14 17:11:08'),(264,10,55,8,'2021-03-14 17:11:08','2021-03-14 17:11:08'),(265,38,37,4,'2021-03-14 17:11:08','2021-03-14 17:11:08'),(266,8,2,8,'2021-03-14 17:11:08','2021-03-14 17:11:08'),(267,44,87,7,'2021-03-14 17:11:08','2021-03-14 17:11:08'),(268,26,11,6,'2021-03-14 17:11:08','2021-03-14 17:11:08'),(269,68,12,1,'2021-03-14 17:11:08','2021-03-14 17:11:08'),(270,75,41,4,'2021-03-14 17:11:08','2021-03-14 17:11:08'),(271,84,13,4,'2021-03-14 17:11:08','2021-03-14 17:11:08'),(272,69,23,3,'2021-03-14 17:11:08','2021-03-14 17:11:08'),(273,86,78,7,'2021-03-14 17:11:08','2021-03-14 17:11:08'),(274,98,87,6,'2021-03-14 17:11:08','2021-03-14 17:11:08'),(275,78,9,5,'2021-03-14 17:11:08','2021-03-14 17:11:08'),(276,94,75,4,'2021-03-14 17:11:08','2021-03-14 17:11:08'),(277,33,56,6,'2021-03-14 17:11:08','2021-03-14 17:11:08'),(278,9,12,6,'2021-03-14 17:11:08','2021-03-14 17:11:08'),(279,69,88,10,'2021-03-14 17:11:08','2021-03-14 17:11:08'),(280,91,28,1,'2021-03-14 17:11:08','2021-03-14 17:11:08'),(281,46,30,10,'2021-03-14 17:11:08','2021-03-14 17:11:08'),(282,71,22,2,'2021-03-14 17:11:08','2021-03-14 17:11:08'),(283,30,23,9,'2021-03-14 17:11:08','2021-03-14 17:11:08'),(284,6,94,10,'2021-03-14 17:11:08','2021-03-14 17:11:08'),(285,46,66,6,'2021-03-14 17:11:08','2021-03-14 17:11:08'),(286,98,87,5,'2021-03-14 17:11:08','2021-03-14 17:11:08'),(287,81,8,3,'2021-03-14 17:11:08','2021-03-14 17:11:08'),(288,41,19,4,'2021-03-14 17:11:08','2021-03-14 17:11:08'),(289,29,44,4,'2021-03-14 17:11:08','2021-03-14 17:11:08'),(290,91,100,4,'2021-03-14 17:11:08','2021-03-14 17:11:08'),(291,51,48,8,'2021-03-14 17:11:08','2021-03-14 17:11:08'),(292,88,88,6,'2021-03-14 17:11:08','2021-03-14 17:11:08'),(293,15,40,2,'2021-03-14 17:11:08','2021-03-14 17:11:08'),(294,99,92,4,'2021-03-14 17:11:08','2021-03-14 17:11:08'),(295,70,82,7,'2021-03-14 17:11:08','2021-03-14 17:11:08'),(296,32,45,5,'2021-03-14 17:11:08','2021-03-14 17:11:08'),(297,47,30,5,'2021-03-14 17:11:08','2021-03-14 17:11:08'),(298,40,7,1,'2021-03-14 17:11:08','2021-03-14 17:11:08'),(299,78,12,10,'2021-03-14 17:11:08','2021-03-14 17:11:08'),(300,79,37,5,'2021-03-14 17:11:08','2021-03-14 17:11:08'),(301,47,27,5,'2021-03-14 17:11:08','2021-03-14 17:11:08'),(302,91,24,10,'2021-03-14 17:11:08','2021-03-14 17:11:08'),(303,53,63,9,'2021-03-14 17:11:08','2021-03-14 17:11:08'),(304,65,49,7,'2021-03-14 17:11:08','2021-03-14 17:11:08'),(305,99,91,4,'2021-03-14 17:11:08','2021-03-14 17:11:08'),(306,84,99,7,'2021-03-14 17:11:08','2021-03-14 17:11:08'),(307,35,33,8,'2021-03-14 17:11:08','2021-03-14 17:11:08'),(308,81,41,2,'2021-03-14 17:11:08','2021-03-14 17:11:08'),(309,55,84,5,'2021-03-14 17:11:08','2021-03-14 17:11:08'),(310,38,84,4,'2021-03-14 17:11:08','2021-03-14 17:11:08'),(311,13,50,8,'2021-03-14 17:11:08','2021-03-14 17:11:08'),(312,69,69,9,'2021-03-14 17:11:08','2021-03-14 17:11:08'),(313,36,38,1,'2021-03-14 17:11:08','2021-03-14 17:11:08'),(314,60,24,4,'2021-03-14 17:11:08','2021-03-14 17:11:08'),(315,44,58,8,'2021-03-14 17:11:08','2021-03-14 17:11:08'),(316,8,62,7,'2021-03-14 17:11:08','2021-03-14 17:11:08'),(317,53,61,1,'2021-03-14 17:11:08','2021-03-14 17:11:08'),(318,56,41,2,'2021-03-14 17:11:08','2021-03-14 17:11:08'),(319,17,40,9,'2021-03-14 17:11:08','2021-03-14 17:11:08'),(320,21,92,9,'2021-03-14 17:11:08','2021-03-14 17:11:08'),(321,35,84,5,'2021-03-14 17:11:08','2021-03-14 17:11:08'),(322,6,38,9,'2021-03-14 17:11:08','2021-03-14 17:11:08'),(323,36,92,5,'2021-03-14 17:11:08','2021-03-14 17:11:08'),(324,7,62,6,'2021-03-14 17:11:08','2021-03-14 17:11:08'),(325,62,34,3,'2021-03-14 17:11:08','2021-03-14 17:11:08'),(326,10,32,1,'2021-03-14 17:11:08','2021-03-14 17:11:08'),(327,80,87,9,'2021-03-14 17:11:08','2021-03-14 17:11:08'),(328,13,91,5,'2021-03-14 17:11:08','2021-03-14 17:11:08'),(329,40,16,7,'2021-03-14 17:11:08','2021-03-14 17:11:08'),(330,4,15,8,'2021-03-14 17:11:08','2021-03-14 17:11:08'),(331,80,66,3,'2021-03-14 17:11:08','2021-03-14 17:11:08'),(332,79,97,1,'2021-03-14 17:11:08','2021-03-14 17:11:08'),(333,32,84,9,'2021-03-14 17:11:08','2021-03-14 17:11:08'),(334,18,58,7,'2021-03-14 17:11:08','2021-03-14 17:11:08'),(335,68,13,1,'2021-03-14 17:11:08','2021-03-14 17:11:08'),(336,9,93,1,'2021-03-14 17:11:08','2021-03-14 17:11:08'),(337,60,98,10,'2021-03-14 17:11:08','2021-03-14 17:11:08'),(338,9,41,2,'2021-03-14 17:11:08','2021-03-14 17:11:08'),(339,93,11,5,'2021-03-14 17:11:08','2021-03-14 17:11:08'),(340,15,41,7,'2021-03-14 17:11:08','2021-03-14 17:11:08'),(341,49,58,5,'2021-03-14 17:11:08','2021-03-14 17:11:08'),(342,99,61,1,'2021-03-14 17:11:08','2021-03-14 17:11:08'),(343,41,4,8,'2021-03-14 17:11:08','2021-03-14 17:11:08'),(344,77,71,10,'2021-03-14 17:11:08','2021-03-14 17:11:08'),(345,95,93,2,'2021-03-14 17:11:08','2021-03-14 17:11:08'),(346,93,25,8,'2021-03-14 17:11:08','2021-03-14 17:11:08'),(347,38,63,10,'2021-03-14 17:11:08','2021-03-14 17:11:08'),(348,98,58,8,'2021-03-14 17:11:08','2021-03-14 17:11:08'),(349,31,85,10,'2021-03-14 17:11:08','2021-03-14 17:11:08'),(350,74,11,10,'2021-03-14 17:11:08','2021-03-14 17:11:08'),(351,9,11,6,'2021-03-14 17:11:08','2021-03-14 17:11:08'),(352,46,46,5,'2021-03-14 17:11:08','2021-03-14 17:11:08'),(353,29,78,10,'2021-03-14 17:11:08','2021-03-14 17:11:08'),(354,56,88,1,'2021-03-14 17:11:08','2021-03-14 17:11:08'),(355,61,42,7,'2021-03-14 17:11:08','2021-03-14 17:11:08'),(356,44,19,2,'2021-03-14 17:11:08','2021-03-14 17:11:08'),(357,31,82,5,'2021-03-14 17:11:08','2021-03-14 17:11:08'),(358,59,6,10,'2021-03-14 17:11:08','2021-03-14 17:11:08'),(359,31,64,1,'2021-03-14 17:11:08','2021-03-14 17:11:08'),(360,81,39,9,'2021-03-14 17:11:08','2021-03-14 17:11:08'),(361,45,13,1,'2021-03-14 17:11:08','2021-03-14 17:11:08'),(362,88,88,10,'2021-03-14 17:11:08','2021-03-14 17:11:08'),(363,59,27,3,'2021-03-14 17:11:08','2021-03-14 17:11:08'),(364,4,81,8,'2021-03-14 17:11:08','2021-03-14 17:11:08'),(365,48,23,9,'2021-03-14 17:11:08','2021-03-14 17:11:08'),(366,32,2,4,'2021-03-14 17:11:08','2021-03-14 17:11:08'),(367,80,22,1,'2021-03-14 17:11:08','2021-03-14 17:11:08'),(368,27,13,6,'2021-03-14 17:11:08','2021-03-14 17:11:08'),(369,26,19,5,'2021-03-14 17:11:08','2021-03-14 17:11:08'),(370,57,72,7,'2021-03-14 17:11:08','2021-03-14 17:11:08'),(371,38,87,7,'2021-03-14 17:11:08','2021-03-14 17:11:08'),(372,55,97,3,'2021-03-14 17:11:08','2021-03-14 17:11:08'),(373,49,6,3,'2021-03-14 17:11:08','2021-03-14 17:11:08'),(374,83,55,1,'2021-03-14 17:11:08','2021-03-14 17:11:08'),(375,40,84,6,'2021-03-14 17:11:08','2021-03-14 17:11:08'),(376,8,28,7,'2021-03-14 17:11:08','2021-03-14 17:11:08'),(377,9,100,7,'2021-03-14 17:11:08','2021-03-14 17:11:08'),(378,76,90,2,'2021-03-14 17:11:08','2021-03-14 17:11:08'),(379,50,28,2,'2021-03-14 17:11:08','2021-03-14 17:11:08'),(380,28,7,10,'2021-03-14 17:11:08','2021-03-14 17:11:08'),(381,31,79,8,'2021-03-14 17:11:08','2021-03-14 17:11:08'),(382,97,45,9,'2021-03-14 17:11:08','2021-03-14 17:11:08'),(383,45,95,5,'2021-03-14 17:11:08','2021-03-14 17:11:08'),(384,40,3,3,'2021-03-14 17:11:08','2021-03-14 17:11:08'),(385,81,77,4,'2021-03-14 17:11:08','2021-03-14 17:11:08'),(386,100,85,9,'2021-03-14 17:11:08','2021-03-14 17:11:08'),(387,43,98,7,'2021-03-14 17:11:08','2021-03-14 17:11:08'),(388,59,29,4,'2021-03-14 17:11:08','2021-03-14 17:11:08'),(389,39,74,8,'2021-03-14 17:11:08','2021-03-14 17:11:08'),(390,22,72,3,'2021-03-14 17:11:08','2021-03-14 17:11:08'),(391,28,1,5,'2021-03-14 17:11:08','2021-03-14 17:11:08'),(392,4,80,9,'2021-03-14 17:11:08','2021-03-14 17:11:08'),(393,94,8,2,'2021-03-14 17:11:08','2021-03-14 17:11:08'),(394,2,91,8,'2021-03-14 17:11:08','2021-03-14 17:11:08'),(395,71,6,9,'2021-03-14 17:11:08','2021-03-14 17:11:08'),(396,56,35,8,'2021-03-14 17:11:08','2021-03-14 17:11:08'),(397,88,73,2,'2021-03-14 17:11:08','2021-03-14 17:11:08'),(398,85,46,2,'2021-03-14 17:11:08','2021-03-14 17:11:08'),(399,87,18,5,'2021-03-14 17:11:08','2021-03-14 17:11:08'),(400,21,9,2,'2021-03-14 17:11:08','2021-03-14 17:11:08');
/*!40000 ALTER TABLE `rating` ENABLE KEYS */;
UNLOCK TABLES;

--
-- Table structure for table `reviews`
--

DROP TABLE IF EXISTS `reviews`;
/*!40101 SET @saved_cs_client     = @@character_set_client */;
/*!50503 SET character_set_client = utf8mb4 */;
CREATE TABLE `reviews` (
  `id` bigint unsigned NOT NULL AUTO_INCREMENT,
  `title_id` bigint unsigned DEFAULT NULL,
  `user_id` bigint unsigned DEFAULT NULL,
  `body` varchar(500) DEFAULT NULL,
  `is_positive` bit(1) DEFAULT b'1',
  `created_at` timestamp NULL DEFAULT CURRENT_TIMESTAMP,
  PRIMARY KEY (`id`),
  UNIQUE KEY `id` (`id`),
  KEY `is_positive` (`is_positive`),
  KEY `title_id` (`title_id`),
  KEY `user_id` (`user_id`),
  CONSTRAINT `reviews_ibfk_1` FOREIGN KEY (`title_id`) REFERENCES `titles` (`id`) ON DELETE RESTRICT ON UPDATE CASCADE,
  CONSTRAINT `reviews_ibfk_2` FOREIGN KEY (`user_id`) REFERENCES `users` (`id`) ON DELETE RESTRICT ON UPDATE CASCADE
) ENGINE=InnoDB AUTO_INCREMENT=301 DEFAULT CHARSET=utf8mb4 COLLATE=utf8mb4_0900_ai_ci;
/*!40101 SET character_set_client = @saved_cs_client */;

--
-- Dumping data for table `reviews`
--

LOCK TABLES `reviews` WRITE;
/*!40000 ALTER TABLE `reviews` DISABLE KEYS */;
INSERT INTO `reviews` VALUES (1,17,37,'Et voluptates porro deleniti voluptatem voluptatum. Nisi aliquid atque magnam molestiae. Sequi dicta cumque ad quisquam iusto expedita quia. Molestiae nesciunt nihil nemo illum qui maxime sequi. Ut dolor illo amet quaerat autem.',_binary '','2021-03-14 17:12:22'),(2,45,22,'Ut consequuntur error veniam molestiae dolorem. Quasi et molestias ea ut minima deleniti. Consectetur ipsa ea commodi. Est officiis beatae minus.',_binary '\0','2021-03-14 17:12:22'),(3,30,100,'Perspiciatis vel minima alias totam et maiores animi id. Odit consequatur autem et incidunt iste. Ab beatae id voluptatibus sequi. Et sit ut sint incidunt. A dolorem ratione qui possimus modi esse eum.',_binary '','2021-03-14 17:12:22'),(4,96,59,'Et reprehenderit minima ea velit quia animi esse. Ducimus qui aut quasi est. Labore ab voluptas fuga esse aut. Ex beatae quia optio distinctio.',_binary '\0','2021-03-14 17:12:22'),(5,74,58,'Deserunt eos est voluptas aliquam. Dolore cupiditate occaecati aut quis et consectetur. Cum qui qui veritatis nobis dolores a dignissimos. Et et aut corrupti vel illo quod ullam.',_binary '','2021-03-14 17:12:22'),(6,96,74,'Enim iste illo iure labore ut. Animi optio at consequatur veritatis. Sed dolores voluptatem et. Natus nobis maxime suscipit autem harum.',_binary '\0','2021-03-14 17:12:22'),(7,88,26,'Laboriosam voluptate unde sunt rerum sapiente sunt. Dolores qui corrupti odit odio quia amet. Natus ipsam est dolorem magnam atque. Excepturi at illum est nostrum.',_binary '\0','2021-03-14 17:12:22'),(8,74,47,'Non aut ipsum magnam. Omnis necessitatibus neque non. Quas minus ex cum eos aut quibusdam reiciendis voluptatem. Facilis qui dolores tempora aliquid qui.',_binary '','2021-03-14 17:12:22'),(9,7,30,'Voluptas qui eaque ut vel. Maxime magnam ipsum similique vitae praesentium atque. Tenetur consequatur eaque nulla saepe. Ipsa possimus libero non voluptate qui ratione.',_binary '\0','2021-03-14 17:12:22'),(10,81,34,'Et vel sed labore dolores magnam magnam. Totam assumenda sunt rem officia molestias ut. Tenetur necessitatibus sunt qui non.',_binary '','2021-03-14 17:12:22'),(11,20,64,'Voluptatem non eligendi sed tempore culpa. Aut dolor ipsam libero. Quis porro eum inventore saepe veritatis eum. Incidunt minus laborum enim dolores vero odit. Et voluptates et esse.',_binary '\0','2021-03-14 17:12:22'),(12,18,18,'Eum tempore veniam totam ad sint rerum quaerat. Non molestiae consequatur voluptatem exercitationem expedita.',_binary '','2021-03-14 17:12:22'),(13,2,16,'Consequatur quam voluptatem dolorem earum maxime commodi. Animi animi inventore sed rerum ut velit. Mollitia vel doloribus laudantium consequatur.',_binary '\0','2021-03-14 17:12:22'),(14,85,92,'Ut nam et doloribus velit earum sint iure. Dicta consequatur aut id ab error.',_binary '\0','2021-03-14 17:12:22'),(15,12,57,'Ut facere ut et consequuntur accusamus pariatur. Sed ut repellat optio nihil accusantium iste optio. Laboriosam temporibus eveniet laborum necessitatibus minima aut.',_binary '','2021-03-14 17:12:22'),(16,98,68,'Repellat quia dolorem quae recusandae. Nihil nesciunt rem placeat illum eos. Rerum vel iusto et ducimus libero. Amet corporis odio possimus nisi nobis.',_binary '\0','2021-03-14 17:12:22'),(17,42,25,'Fugiat dignissimos et nihil voluptas nisi impedit consequatur blanditiis. Assumenda eum iste deserunt nulla ab quo explicabo. Ipsum mollitia illo non corrupti modi. Voluptatem nulla alias ut dolores.',_binary '','2021-03-14 17:12:22'),(18,56,36,'Debitis accusantium nesciunt esse. Sit at enim qui. Dolor accusamus temporibus vero eos facilis officiis perspiciatis. Aperiam doloremque asperiores laborum ea suscipit delectus.',_binary '','2021-03-14 17:12:22'),(19,100,93,'Inventore ea cum dolorem voluptatem quas facere. Adipisci quas quia maiores impedit porro maxime. Ab voluptatibus ipsum incidunt architecto ut quibusdam.',_binary '\0','2021-03-14 17:12:22'),(20,17,18,'Placeat soluta consequatur et est veritatis qui. Necessitatibus atque odit non ad officia aut ut fuga. Accusantium vel sed et modi placeat quas maxime.',_binary '','2021-03-14 17:12:22'),(21,68,25,'Explicabo veniam quia error distinctio odit sit porro. Ex numquam fugiat aut quasi et incidunt. Impedit rerum omnis et accusamus dolore sint. Fugiat soluta ullam illo quam quae.',_binary '','2021-03-14 17:12:22'),(22,66,17,'Consequuntur dolores rerum necessitatibus similique. Alias exercitationem libero quis ad quod distinctio. Quasi dolore repellendus quae consequatur et perferendis. Eos aut minima qui quas neque nostrum voluptate numquam.',_binary '\0','2021-03-14 17:12:22'),(23,67,5,'Dolore in provident recusandae natus dolorem. Aspernatur nam veritatis ut dolorem. Sit qui aspernatur distinctio et at consequatur at. Quaerat in est sunt similique dolores.',_binary '','2021-03-14 17:12:22'),(24,55,32,'Ea vero libero vel reiciendis blanditiis. Omnis eos numquam odio quia repudiandae qui optio. Provident et aperiam necessitatibus nostrum libero. Qui mollitia recusandae eius consequuntur recusandae maxime.',_binary '\0','2021-03-14 17:12:22'),(25,43,44,'Non dolor aut et et. Et repellendus nam ex nam quia maxime.',_binary '','2021-03-14 17:12:22'),(26,11,66,'Expedita quas aliquid aut exercitationem alias. Similique soluta dolor placeat magnam similique iusto. Id saepe rerum recusandae vero dolorem cum vel. Consequuntur quam ad est alias temporibus et autem.',_binary '','2021-03-14 17:12:22'),(27,32,50,'Quibusdam nihil at sequi quis. Tempore ex aperiam sit ratione optio sit deserunt error. Quod nostrum quas non nemo.',_binary '\0','2021-03-14 17:12:22'),(28,98,62,'Dolorem ratione est perferendis. Amet nesciunt voluptates vel sit voluptas expedita. Impedit reiciendis non voluptatem aut iusto est.',_binary '','2021-03-14 17:12:22'),(29,80,86,'Distinctio consectetur doloremque veritatis ex vitae error ut quasi. Quam iste vel natus qui nobis.',_binary '','2021-03-14 17:12:22'),(30,78,40,'Distinctio incidunt natus vel illum. Voluptas pariatur et sequi ipsa tempore consectetur ut. Quam ut in in deleniti.',_binary '','2021-03-14 17:12:22'),(31,16,56,'Optio ipsam non molestiae perspiciatis illo. Illum aut dolores fuga voluptatem aut sint aperiam. Aliquid inventore eveniet eligendi dolorum et. Et vero assumenda deserunt reiciendis sint.',_binary '\0','2021-03-14 17:12:22'),(32,65,5,'Vel quo tempora voluptas labore. In laborum minima sit recusandae fugiat. Aut culpa voluptatem rem fugiat saepe iusto.',_binary '\0','2021-03-14 17:12:22'),(33,35,63,'Veniam cupiditate nam quibusdam sapiente reiciendis est animi ullam. Quia unde qui est. Tenetur voluptatem ex molestiae illo libero harum. Alias aspernatur quidem illum.',_binary '\0','2021-03-14 17:12:22'),(34,45,29,'Expedita consequatur architecto exercitationem veniam omnis. Nemo reprehenderit ut autem.',_binary '\0','2021-03-14 17:12:22'),(35,65,52,'Eaque dolores et sed quia. Praesentium non accusantium aut et iure aspernatur quasi similique. Culpa omnis reiciendis vitae modi occaecati rerum delectus.',_binary '\0','2021-03-14 17:12:22'),(36,2,80,'Alias perferendis vel distinctio id maiores et nihil ratione consequatur.',_binary '','2021-03-14 17:12:22'),(37,15,56,'Magnam non animi nihil voluptatibus quas quaerat iusto.',_binary '','2021-03-14 17:12:22'),(38,11,20,'Est vitae culpa dicta veritatis fugiat voluptatem veniam et sint excepturi labore sunt.',_binary '\0','2021-03-14 17:12:22'),(39,30,56,'Ea perferendis quia architecto deserunt aut quia sed quis consequatur molestiae et.',_binary '','2021-03-14 17:12:22'),(40,44,45,'Et et ipsam natus accusamus eius voluptas temporibus ea.',_binary '','2021-03-14 17:12:22'),(41,11,94,'Dicta omnis in optio maxime esse quisquam voluptas autem deserunt voluptatem.',_binary '\0','2021-03-14 17:12:22'),(42,48,44,'Est placeat et cum deserunt ut excepturi dolore pariatur corporis aliquid et quidem ratione.',_binary '\0','2021-03-14 17:12:22'),(43,18,31,'Similique eum autem eos ratione ea itaque.',_binary '','2021-03-14 17:12:22'),(44,43,63,'Unde aut repellat ab quia et facere.',_binary '\0','2021-03-14 17:12:22'),(45,2,20,'Quidem quae voluptates soluta distinctio et aspernatur vel est.',_binary '\0','2021-03-14 17:12:22'),(46,18,50,'Nemo beatae quis omnis dignissimos voluptatum qui recusandae consectetur omnis.',_binary '','2021-03-14 17:12:22'),(47,36,42,'Molestias esse nemo dolorem omnis tempore voluptas.',_binary '\0','2021-03-14 17:12:22'),(48,16,35,'Quae tenetur qui quia aperiam consequuntur facere id voluptatem sapiente voluptate nemo iusto explicabo.',_binary '\0','2021-03-14 17:12:22'),(49,8,30,'Labore voluptas voluptas distinctio ut et quae ducimus debitis vitae.',_binary '','2021-03-14 17:12:22'),(50,3,55,'Illo corrupti aut minima non et repudiandae.',_binary '','2021-03-14 17:12:22'),(51,14,9,'Ut qui nemo ut repellat voluptas sint quod earum nihil recusandae.',_binary '','2021-03-14 17:12:22'),(52,27,68,'In accusamus enim at quae et molestiae neque delectus voluptas non sint provident.',_binary '\0','2021-03-14 17:12:22'),(53,21,52,'Blanditiis voluptate numquam consequatur ea illum et ut.',_binary '\0','2021-03-14 17:12:22'),(54,23,77,'Similique commodi provident aut aspernatur et dolores magni sit accusantium sequi tempore quaerat.',_binary '\0','2021-03-14 17:12:22'),(55,6,59,'Eum dolor temporibus dolor officia et possimus quam quis velit quod.',_binary '\0','2021-03-14 17:12:22'),(56,30,65,'Non facilis voluptatem libero laboriosam voluptatem adipisci possimus quos assumenda.',_binary '','2021-03-14 17:12:22'),(57,23,26,'Sunt iusto incidunt sequi quidem ut ad voluptatibus natus veniam expedita sed voluptates quia sunt.',_binary '','2021-03-14 17:12:22'),(58,27,61,'Nihil et optio laborum aspernatur perspiciatis reprehenderit temporibus cupiditate voluptatem numquam.',_binary '','2021-03-14 17:12:22'),(59,28,86,'Cum quis laudantium ullam omnis sunt aut.',_binary '\0','2021-03-14 17:12:22'),(60,47,73,'Quia veritatis ut voluptates quis eligendi non non fuga error rerum aut architecto aut.',_binary '','2021-03-14 17:12:22'),(61,20,74,'Unde blanditiis nesciunt qui beatae libero dignissimos voluptates.',_binary '','2021-03-14 17:12:22'),(62,2,98,'Commodi qui repudiandae deserunt assumenda iure eius animi maxime.',_binary '','2021-03-14 17:12:22'),(63,42,72,'Ipsam occaecati magni totam aspernatur quia consequatur et quo nihil eum dolorum.',_binary '\0','2021-03-14 17:12:22'),(64,7,29,'Laudantium enim animi amet nesciunt excepturi et aut sunt dolor quia ut sed praesentium.',_binary '\0','2021-03-14 17:12:22'),(65,1,91,'Ut tempora aut dolor nesciunt sint atque atque harum adipisci ut accusamus.',_binary '','2021-03-14 17:12:22'),(66,34,2,'Neque deserunt ea impedit qui quo eum vel.',_binary '\0','2021-03-14 17:12:22'),(67,28,1,'Molestiae ea vero ex ab iste earum.',_binary '\0','2021-03-14 17:12:22'),(68,9,86,'Commodi sed architecto hic illum velit distinctio quia magnam totam id.',_binary '\0','2021-03-14 17:12:22'),(69,20,73,'Voluptatem non facilis beatae perferendis est occaecati eos quos eum.',_binary '\0','2021-03-14 17:12:22'),(70,50,7,'Necessitatibus quod natus id optio ipsam libero autem dolor ducimus est.',_binary '','2021-03-14 17:12:22'),(71,9,15,'Sit iste non et voluptas ut nihil esse reiciendis sint veniam repellat.',_binary '','2021-03-14 17:12:22'),(72,10,71,'Consectetur sequi possimus saepe dicta qui optio odio iure sint ducimus et veniam consequatur.',_binary '\0','2021-03-14 17:12:22'),(73,14,82,'Delectus voluptate aperiam suscipit sunt nemo ullam illo est quibusdam in similique aut velit.',_binary '\0','2021-03-14 17:12:22'),(74,17,79,'Cupiditate qui ex a minima nemo pariatur.',_binary '','2021-03-14 17:12:22'),(75,11,23,'Optio ut veritatis vero veritatis rerum natus et maxime.',_binary '','2021-03-14 17:12:22'),(76,39,100,'Est rerum inventore quo repellat repellat impedit perspiciatis saepe sunt enim.',_binary '\0','2021-03-14 17:12:22'),(77,7,28,'Voluptas excepturi ducimus praesentium voluptates aut id quo.',_binary '','2021-03-14 17:12:22'),(78,25,34,'Fugit temporibus quisquam consequatur voluptatem accusantium eum esse magnam exercitationem ea est harum voluptas.',_binary '\0','2021-03-14 17:12:22'),(79,14,26,'Excepturi eum vel aut officiis ipsam dolores repellat eum.',_binary '\0','2021-03-14 17:12:22'),(80,34,15,'Ducimus tenetur sunt enim enim itaque sapiente voluptatem odio quis repellendus debitis.',_binary '','2021-03-14 17:12:22'),(81,23,89,'Dolores ut ducimus atque possimus eligendi dolore consequuntur est ducimus illum quisquam error amet.',_binary '','2021-03-14 17:12:22'),(82,46,59,'Illo consectetur libero nisi et culpa labore porro dignissimos.',_binary '\0','2021-03-14 17:12:22'),(83,23,66,'Cumque dicta iure sed nemo qui sapiente numquam.',_binary '\0','2021-03-14 17:12:22'),(84,24,12,'Porro facere quibusdam ex rem neque amet eum totam voluptas.',_binary '','2021-03-14 17:12:22'),(85,27,11,'Voluptatum aut est vitae laborum vero magni sit magnam ipsa voluptatem neque.',_binary '\0','2021-03-14 17:12:22'),(86,11,77,'Qui laboriosam adipisci cupiditate eveniet sed rerum magnam.',_binary '','2021-03-14 17:12:22'),(87,19,89,'Perferendis qui ut repellendus dolor quo odio ullam molestiae non.',_binary '','2021-03-14 17:12:22'),(88,38,97,'Sequi saepe sequi aut est id sint dolor eveniet earum voluptas.',_binary '','2021-03-14 17:12:22'),(89,16,41,'Ut autem quia qui consequatur vel laudantium ut repellat a sit rerum qui.',_binary '','2021-03-14 17:12:22'),(90,28,92,'Tenetur consectetur aut sit et alias quas quia eius fugit aliquam dolorum sunt.',_binary '','2021-03-14 17:12:22'),(91,7,17,'Placeat cupiditate repellat quae et atque voluptate.',_binary '\0','2021-03-14 17:12:22'),(92,14,53,'Et debitis vel et doloremque repudiandae ut amet enim cupiditate.',_binary '\0','2021-03-14 17:12:22'),(93,33,78,'Excepturi voluptates temporibus adipisci soluta neque qui nesciunt.',_binary '\0','2021-03-14 17:12:22'),(94,12,81,'Vitae odit voluptatem consequatur ut nesciunt qui pariatur.',_binary '','2021-03-14 17:12:22'),(95,42,41,'Amet a qui reiciendis labore sapiente nemo amet molestiae sint.',_binary '','2021-03-14 17:12:22'),(96,30,31,'Unde ea id laboriosam at recusandae blanditiis quisquam non recusandae animi ut consequatur.',_binary '','2021-03-14 17:12:22'),(97,35,4,'Quasi officia labore perspiciatis a quia et quia soluta amet consequatur aperiam dolorem quo.',_binary '','2021-03-14 17:12:22'),(98,2,54,'In sint est voluptatem itaque consequuntur nam qui corrupti ipsum nulla nihil rerum quos.',_binary '','2021-03-14 17:12:22'),(99,50,33,'Sequi tempore tempora ut exercitationem quam harum sunt ab qui laborum reprehenderit.',_binary '\0','2021-03-14 17:12:22'),(100,44,45,'Et omnis aut asperiores nihil magni accusantium reiciendis sit inventore quia quibusdam.',_binary '\0','2021-03-14 17:12:22'),(101,41,72,'Est veritatis et molestiae sunt aperiam eum pariatur veniam quia ullam sed sunt.',_binary '','2021-03-14 17:12:22'),(102,18,12,'Assumenda dolorem voluptatem voluptatem ut distinctio sunt et voluptatibus velit a libero.',_binary '\0','2021-03-14 17:12:22'),(103,19,36,'Iusto repellendus possimus corporis labore architecto sit vel.',_binary '','2021-03-14 17:12:22'),(104,14,12,'Dolorem facilis quasi autem rem voluptatum hic odio.',_binary '\0','2021-03-14 17:12:22'),(105,13,58,'Laborum velit at dolorum quo reiciendis veritatis voluptas vel architecto aut saepe.',_binary '','2021-03-14 17:12:22'),(106,28,75,'Quia est recusandae deserunt quia reprehenderit ut id sed maiores.',_binary '','2021-03-14 17:12:22'),(107,31,80,'Quia id totam rerum sit repudiandae laborum aperiam adipisci.',_binary '\0','2021-03-14 17:12:22'),(108,31,76,'Odio quo quo et est et exercitationem dolorum ipsa et sapiente.',_binary '','2021-03-14 17:12:22'),(109,29,59,'Asperiores in laboriosam et in aut nisi impedit qui fugiat quaerat.',_binary '\0','2021-03-14 17:12:22'),(110,1,11,'Eum omnis maxime similique repudiandae aut aut delectus alias delectus dolores consequatur aperiam.',_binary '\0','2021-03-14 17:12:22'),(111,18,22,'Natus alias cumque velit nesciunt rem iste autem a velit voluptas sunt.',_binary '','2021-03-14 17:12:22'),(112,18,16,'Vel optio repudiandae quaerat et quod et ipsum consequatur inventore cumque nesciunt.',_binary '','2021-03-14 17:12:22'),(113,36,39,'Sequi similique facere fugit saepe cum occaecati et distinctio nam sed.',_binary '','2021-03-14 17:12:22'),(114,32,53,'Iusto autem ut quia minus error voluptatem modi.',_binary '','2021-03-14 17:12:22'),(115,36,76,'Perferendis recusandae et in beatae nam ut voluptatem eos ea impedit.',_binary '\0','2021-03-14 17:12:22'),(116,17,35,'Explicabo eaque consequuntur architecto vel sequi et omnis.',_binary '','2021-03-14 17:12:22'),(117,33,17,'Eum veritatis inventore nesciunt quod autem earum esse error sit placeat.',_binary '','2021-03-14 17:12:22'),(118,45,63,'Laboriosam reiciendis at ab id molestias culpa.',_binary '\0','2021-03-14 17:12:22'),(119,35,90,'Illum velit rerum quae nobis ea ab nostrum et cumque et.',_binary '','2021-03-14 17:12:22'),(120,7,41,'Beatae quis laudantium eius autem rerum a rerum nemo molestiae corporis labore voluptatum.',_binary '','2021-03-14 17:12:22'),(121,22,32,'Et rerum ex recusandae voluptatem voluptatem reiciendis sapiente quia eveniet.',_binary '\0','2021-03-14 17:12:22'),(122,20,90,'Corrupti dicta sint laudantium id velit voluptas eaque ut numquam quidem.',_binary '\0','2021-03-14 17:12:22'),(123,45,37,'Repellendus enim impedit quae a expedita quas quibusdam praesentium culpa.',_binary '','2021-03-14 17:12:22'),(124,19,92,'Quis aperiam sapiente omnis eum assumenda repellendus.',_binary '','2021-03-14 17:12:22'),(125,1,10,'Quis velit laboriosam nulla repellat sit iure est accusamus quaerat.',_binary '','2021-03-14 17:12:22'),(126,20,80,'Sequi eius adipisci architecto non tempora suscipit et.',_binary '\0','2021-03-14 17:12:22'),(127,34,28,'Dolor sapiente dolores autem quia dolores reprehenderit officiis animi id nobis hic.',_binary '','2021-03-14 17:12:22'),(128,18,69,'Est sunt quo sapiente modi maxime enim corrupti et ipsa eligendi nulla hic.',_binary '\0','2021-03-14 17:12:22'),(129,24,32,'Magni commodi ea sequi non id et.',_binary '','2021-03-14 17:12:22'),(130,6,34,'Perspiciatis corporis est alias non illum et voluptatibus quae reiciendis est quisquam sit rerum.',_binary '\0','2021-03-14 17:12:22'),(131,2,86,'Quaerat magnam est cum rerum unde provident dolores iure tenetur dolores officiis alias sunt.',_binary '\0','2021-03-14 17:12:22'),(132,8,87,'Voluptates rerum assumenda sunt saepe debitis neque modi voluptas sit.',_binary '\0','2021-03-14 17:12:22'),(133,25,92,'Cupiditate provident saepe neque aut vero et a cumque explicabo cumque in.',_binary '\0','2021-03-14 17:12:22'),(134,19,57,'Vel sunt laborum facilis eligendi nostrum ut voluptates qui delectus beatae sit.',_binary '\0','2021-03-14 17:12:22'),(135,46,1,'Ad nihil laboriosam accusantium sequi doloremque non qui saepe sint dolorum quasi repellendus sapiente.',_binary '','2021-03-14 17:12:22'),(136,16,17,'Sit omnis libero sit dolore quae ipsam.',_binary '\0','2021-03-14 17:12:22'),(137,25,93,'Corporis dolorum dolor animi velit veniam quas quam nostrum.',_binary '','2021-03-14 17:12:22'),(138,5,82,'In autem omnis ut voluptatum iure libero aut voluptatem illo debitis ut sequi vero.',_binary '','2021-03-14 17:12:22'),(139,49,30,'Delectus dolor cupiditate velit sit hic rerum et rem ut.',_binary '','2021-03-14 17:12:22'),(140,12,67,'Facere esse ad sapiente id officia ut nesciunt.',_binary '','2021-03-14 17:12:22'),(141,17,90,'Molestiae dolor qui nulla repellat qui doloribus in ea ut expedita asperiores.',_binary '','2021-03-14 17:12:22'),(142,21,35,'Expedita molestiae repellat consequatur consequatur dicta cumque ipsum voluptatem.',_binary '','2021-03-14 17:12:22'),(143,9,1,'Libero soluta incidunt dolor eos totam nostrum similique ut est impedit laborum.',_binary '','2021-03-14 17:12:22'),(144,41,98,'Dolores consectetur aperiam a non eos dolorem ducimus ullam.',_binary '\0','2021-03-14 17:12:22'),(145,30,46,'In dolorem rerum molestias quo odio aut ut reprehenderit nam porro.',_binary '\0','2021-03-14 17:12:22'),(146,45,68,'Ut autem occaecati dolores rem rerum optio pariatur a similique ut.',_binary '\0','2021-03-14 17:12:22'),(147,14,23,'Voluptatem suscipit debitis vero unde excepturi quod sed dolores voluptatem doloremque.',_binary '\0','2021-03-14 17:12:22'),(148,18,8,'Nostrum fugit similique et aut doloribus dolorem et natus id placeat ut.',_binary '\0','2021-03-14 17:12:22'),(149,3,24,'Repudiandae architecto doloremque aut eveniet et ipsum tempora beatae minus ipsam voluptates quis.',_binary '\0','2021-03-14 17:12:22'),(150,34,74,'Ipsa quidem deserunt accusamus cum voluptate sapiente similique id corrupti quis adipisci.',_binary '\0','2021-03-14 17:12:22'),(151,29,59,'Maiores itaque voluptatibus qui architecto ut voluptatem.',_binary '','2021-03-14 17:12:22'),(152,26,84,'Occaecati eveniet aperiam quam vero adipisci vero eius reprehenderit ipsam enim rem ex quasi.',_binary '\0','2021-03-14 17:12:22'),(153,32,86,'Vitae est debitis quis voluptatem ut et voluptas corporis ut ab accusamus.',_binary '\0','2021-03-14 17:12:22'),(154,40,51,'Corrupti dolor veritatis a soluta ipsum ab quo.',_binary '','2021-03-14 17:12:22'),(155,19,52,'Ad eum inventore amet ipsa minima voluptates placeat debitis dolores magni omnis quas.',_binary '\0','2021-03-14 17:12:22'),(156,22,13,'Amet non autem dolor quidem dolor quos alias et sunt accusantium.',_binary '\0','2021-03-14 17:12:22'),(157,21,2,'Sunt repudiandae tempora natus iusto non quia corrupti tempore enim impedit quas id.',_binary '','2021-03-14 17:12:22'),(158,12,23,'Culpa impedit perspiciatis iste sequi id hic eum ipsam illum perferendis.',_binary '\0','2021-03-14 17:12:22'),(159,27,73,'Consequatur porro necessitatibus maiores quam temporibus in dolor voluptatem voluptas esse iusto voluptatem.',_binary '','2021-03-14 17:12:22'),(160,18,2,'Cum libero numquam nostrum vero ipsum aut dolore aut qui neque illo adipisci fuga.',_binary '\0','2021-03-14 17:12:22'),(161,5,28,'Et laboriosam eaque voluptatem sequi explicabo qui provident ipsum.',_binary '','2021-03-14 17:12:22'),(162,18,21,'In saepe provident perspiciatis porro ut ab.',_binary '','2021-03-14 17:12:22'),(163,21,7,'Aut iste a odio et similique hic quasi.',_binary '','2021-03-14 17:12:22'),(164,33,23,'Dignissimos consequatur non laborum unde quo aliquid facilis et consectetur ipsam autem est omnis.',_binary '\0','2021-03-14 17:12:22'),(165,32,58,'Rerum esse aperiam rerum hic deleniti ratione id voluptas consequuntur ullam est.',_binary '','2021-03-14 17:12:22'),(166,8,96,'Aliquam iste hic fugit assumenda est est cumque odio neque sit.',_binary '','2021-03-14 17:12:22'),(167,31,3,'Architecto sint tenetur hic suscipit mollitia ut molestiae qui quod debitis minima.',_binary '\0','2021-03-14 17:12:22'),(168,4,1,'Atque optio accusamus ut consequuntur et est autem qui.',_binary '','2021-03-14 17:12:22'),(169,9,52,'Asperiores vero autem repudiandae qui provident perspiciatis.',_binary '\0','2021-03-14 17:12:22'),(170,24,92,'Ratione error aut sunt esse quibusdam vel aut voluptatibus consequatur nihil et nisi et.',_binary '\0','2021-03-14 17:12:22'),(171,37,73,'Consectetur aut incidunt omnis neque adipisci quisquam temporibus laborum qui.',_binary '','2021-03-14 17:12:22'),(172,15,76,'Voluptatem a porro dolor quaerat inventore eos corrupti ut quos consequatur magnam eos vitae.',_binary '\0','2021-03-14 17:12:22'),(173,24,94,'Itaque ut consequuntur repudiandae corporis ullam sint dolorum maxime.',_binary '','2021-03-14 17:12:22'),(174,45,42,'Voluptatum et ratione atque et iure cumque voluptatum sed nesciunt.',_binary '\0','2021-03-14 17:12:22'),(175,33,46,'Nostrum blanditiis consequuntur quaerat et laudantium consequatur repellat ad doloremque ut doloremque dolor exercitationem.',_binary '','2021-03-14 17:12:22'),(176,41,8,'Cum perspiciatis dolores saepe culpa cupiditate numquam est modi ad animi aut.',_binary '\0','2021-03-14 17:12:22'),(177,3,84,'Officiis earum qui at ut vero in vero id qui cum cupiditate quasi.',_binary '\0','2021-03-14 17:12:22'),(178,36,70,'Eveniet aut eum modi corporis in sit.',_binary '','2021-03-14 17:12:22'),(179,8,18,'Ipsa deleniti minima repellat repellendus ducimus beatae.',_binary '','2021-03-14 17:12:22'),(180,25,22,'Eaque alias dolor autem similique qui ipsam.',_binary '','2021-03-14 17:12:22'),(181,19,29,'Consectetur asperiores ipsa asperiores rerum labore adipisci maiores natus.',_binary '','2021-03-14 17:12:22'),(182,48,92,'Quia modi accusamus modi accusamus culpa ut est rerum ut fugit dolore doloribus ut.',_binary '\0','2021-03-14 17:12:22'),(183,15,61,'Non at minus ut nam non unde dicta.',_binary '','2021-03-14 17:12:22'),(184,9,67,'Officia quia et quia facilis accusamus vero soluta eligendi distinctio consequatur excepturi.',_binary '','2021-03-14 17:12:22'),(185,30,69,'Sint optio omnis sunt mollitia quae mollitia.',_binary '\0','2021-03-14 17:12:22'),(186,46,51,'Natus tenetur placeat ratione suscipit atque quas in.',_binary '\0','2021-03-14 17:12:22'),(187,20,78,'Culpa tempore deserunt nihil molestiae praesentium recusandae sunt.',_binary '\0','2021-03-14 17:12:22'),(188,15,58,'Magnam vitae odio quas rerum hic a eum eum iste fuga.',_binary '','2021-03-14 17:12:22'),(189,27,53,'Iusto natus possimus mollitia expedita cum sed ipsa et odio dolorum facere consequatur ad.',_binary '','2021-03-14 17:12:22'),(190,15,32,'Perferendis hic aut enim cumque possimus aperiam.',_binary '\0','2021-03-14 17:12:22'),(191,4,57,'Consectetur illo facilis perferendis quos maiores voluptas temporibus magni.',_binary '','2021-03-14 17:12:22'),(192,22,70,'Qui possimus et quia suscipit aperiam enim adipisci quis doloremque et consequatur.',_binary '','2021-03-14 17:12:22'),(193,11,23,'Ut qui quibusdam itaque et ad quae voluptatem tenetur.',_binary '','2021-03-14 17:12:22'),(194,44,76,'Ducimus exercitationem veritatis in amet eius molestiae voluptatum et esse ab quis eos.',_binary '','2021-03-14 17:12:22'),(195,45,32,'Dolores explicabo unde omnis et reiciendis pariatur dignissimos voluptas soluta deleniti ut.',_binary '\0','2021-03-14 17:12:22'),(196,39,9,'Quis sunt neque velit numquam occaecati ut reiciendis ex eos asperiores dolore sequi.',_binary '','2021-03-14 17:12:22'),(197,23,76,'Atque iure in dolor amet minima dolor nisi ipsam ea nulla beatae.',_binary '\0','2021-03-14 17:12:22'),(198,37,14,'Sequi omnis fugit et ea qui tenetur.',_binary '','2021-03-14 17:12:22'),(199,50,13,'Vel neque sint enim perspiciatis a dolorem voluptatum reiciendis esse temporibus.',_binary '\0','2021-03-14 17:12:22'),(200,20,5,'Impedit saepe quaerat ad ipsam sed doloremque ex et et ea est.',_binary '\0','2021-03-14 17:12:22'),(201,8,87,'Quaerat facilis ipsa eum et illum consectetur.',_binary '\0','2021-03-14 17:12:22'),(202,34,2,'Qui rerum est quia molestiae vel quod magni aspernatur.',_binary '\0','2021-03-14 17:12:22'),(203,12,57,'In ullam illo commodi tempora ut totam quae cupiditate ut voluptatem.',_binary '\0','2021-03-14 17:12:22'),(204,18,55,'Qui animi harum eaque pariatur cumque sapiente qui qui omnis dolore exercitationem.',_binary '\0','2021-03-14 17:12:22'),(205,41,32,'Non enim nam aliquid enim ipsa reiciendis consequatur rerum explicabo est.',_binary '','2021-03-14 17:12:22'),(206,41,56,'Amet sit qui minima aut aut cum molestiae.',_binary '\0','2021-03-14 17:12:22'),(207,30,91,'Laudantium architecto voluptatum illo provident quae ullam doloribus atque.',_binary '\0','2021-03-14 17:12:22'),(208,46,43,'Nemo rem sed quia et amet libero vitae.',_binary '','2021-03-14 17:12:22'),(209,42,50,'Libero esse optio temporibus non dolor nihil odit ipsa sunt dolor ipsa pariatur.',_binary '','2021-03-14 17:12:22'),(210,36,49,'Ut laborum quidem sit doloremque quam voluptate praesentium odit.',_binary '\0','2021-03-14 17:12:22'),(211,30,60,'Animi fugit magnam sed voluptatibus ut fugiat amet dolorem molestiae.',_binary '\0','2021-03-14 17:12:22'),(212,22,15,'Similique ratione nobis quidem dolorem vel cupiditate dolore dicta omnis enim aliquid qui et.',_binary '','2021-03-14 17:12:22'),(213,16,97,'Ea fugiat nulla quod qui porro quis similique.',_binary '\0','2021-03-14 17:12:22'),(214,42,64,'Id facere nihil accusantium quod et ipsam ad ab aut.',_binary '\0','2021-03-14 17:12:22'),(215,45,26,'Vel dicta sed sunt nulla accusantium et illo delectus rerum recusandae repellendus at.',_binary '','2021-03-14 17:12:22'),(216,45,79,'In possimus a nihil eius vitae autem necessitatibus perferendis aut dolor fuga ipsam veritatis.',_binary '\0','2021-03-14 17:12:22'),(217,5,29,'Et aut maxime aut molestiae ipsum debitis qui facilis officia aspernatur ipsam aut.',_binary '\0','2021-03-14 17:12:22'),(218,40,4,'Iure inventore ad nisi fugiat voluptas esse odit temporibus repudiandae repellat.',_binary '\0','2021-03-14 17:12:22'),(219,45,10,'Sit magni libero repellat ut ab sed voluptatem sint fugiat dolor id autem magni.',_binary '\0','2021-03-14 17:12:22'),(220,30,10,'Eveniet ut consectetur praesentium maiores in sunt atque omnis deleniti voluptatem dolores sed aut.',_binary '\0','2021-03-14 17:12:22'),(221,36,62,'Voluptatibus qui et rem asperiores praesentium consequatur nisi laboriosam commodi eos architecto.',_binary '','2021-03-14 17:12:22'),(222,32,99,'Fugit saepe accusantium dolorum at eius in quos rerum dicta ducimus tenetur nobis.',_binary '\0','2021-03-14 17:12:22'),(223,43,55,'Sed sed odio aut ex illum labore voluptas sed consequatur voluptas molestiae.',_binary '','2021-03-14 17:12:22'),(224,20,15,'Iure optio voluptates nisi tenetur reiciendis qui.',_binary '\0','2021-03-14 17:12:22'),(225,9,51,'Illum itaque molestiae amet rerum est id omnis ad et.',_binary '','2021-03-14 17:12:22'),(226,28,5,'Cupiditate incidunt eius ut quia illo praesentium rerum dignissimos suscipit.',_binary '\0','2021-03-14 17:12:22'),(227,32,14,'Hic qui quia dolores ea aspernatur rem inventore voluptatem reprehenderit ut error a labore.',_binary '','2021-03-14 17:12:22'),(228,48,41,'Est non ea aut quo veniam molestias tempora.',_binary '','2021-03-14 17:12:22'),(229,44,13,'Voluptatem vel sed repellat dicta ut exercitationem esse.',_binary '','2021-03-14 17:12:22'),(230,14,37,'Aut tenetur nihil eius dolor voluptatem itaque ut molestiae quod.',_binary '\0','2021-03-14 17:12:22'),(231,5,53,'Aut vel ex nostrum amet velit voluptatem iure soluta quia qui quis.',_binary '','2021-03-14 17:12:22'),(232,27,4,'Odio debitis sit molestias optio in nesciunt veniam.',_binary '','2021-03-14 17:12:22'),(233,25,39,'Dolorem repellat perferendis sit dignissimos accusantium ullam commodi exercitationem dolores omnis.',_binary '\0','2021-03-14 17:12:22'),(234,44,82,'Assumenda delectus culpa quia unde nobis omnis dolor ut ea quo.',_binary '','2021-03-14 17:12:22'),(235,47,45,'Odio est consequuntur voluptatem nobis enim sint aut omnis velit incidunt ut sit.',_binary '\0','2021-03-14 17:12:22'),(236,22,77,'Et eum occaecati ut recusandae illo blanditiis.',_binary '\0','2021-03-14 17:12:22'),(237,39,93,'Sint dolor magnam non et dolores doloremque modi ratione sequi placeat ea consectetur molestias.',_binary '','2021-03-14 17:12:22'),(238,49,43,'Inventore ut fugiat ipsam cupiditate consequatur nihil et asperiores accusantium omnis sapiente.',_binary '','2021-03-14 17:12:22'),(239,49,69,'Voluptatem asperiores voluptas fugiat error dolores enim consequatur harum excepturi dolorum aut sit.',_binary '','2021-03-14 17:12:22'),(240,46,71,'Sit sed harum excepturi perspiciatis voluptas ex in et repudiandae voluptas.',_binary '','2021-03-14 17:12:22'),(241,16,44,'Eos error magni qui omnis rem distinctio quis ullam officiis quaerat possimus voluptas.',_binary '','2021-03-14 17:12:22'),(242,13,46,'Quia ea iure dolor reprehenderit accusantium pariatur dolor delectus adipisci eos.',_binary '\0','2021-03-14 17:12:22'),(243,44,8,'Aut est vitae illum nam reprehenderit corrupti quos quo tempore enim.',_binary '','2021-03-14 17:12:22'),(244,23,55,'Modi deserunt eos architecto aliquid dolorum est sed consequatur molestiae.',_binary '','2021-03-14 17:12:22'),(245,34,24,'At eum sit repellat et id aut recusandae voluptatibus praesentium.',_binary '','2021-03-14 17:12:22'),(246,25,90,'Culpa distinctio eaque facilis ut nihil voluptatem.',_binary '','2021-03-14 17:12:22'),(247,26,49,'Unde voluptates eveniet eligendi doloribus occaecati velit aut sed maiores quos quia.',_binary '\0','2021-03-14 17:12:22'),(248,33,31,'Quia consequatur nulla itaque est in optio harum et unde non.',_binary '\0','2021-03-14 17:12:22'),(249,17,27,'Ea quae autem libero adipisci et id enim autem et quo.',_binary '\0','2021-03-14 17:12:22'),(250,34,26,'Laboriosam velit est ut laborum a eveniet molestiae molestiae beatae sit.',_binary '\0','2021-03-14 17:12:22'),(251,50,4,'Et et ea doloribus ad repudiandae autem reiciendis eum.',_binary '','2021-03-14 17:12:22'),(252,38,82,'Non velit magni sunt id repellendus alias laboriosam.',_binary '','2021-03-14 17:12:22'),(253,23,70,'Adipisci ut animi fuga assumenda hic est et exercitationem voluptas distinctio.',_binary '','2021-03-14 17:12:22'),(254,47,16,'Ut consequatur voluptas qui sed alias molestias quisquam quia soluta animi.',_binary '\0','2021-03-14 17:12:22'),(255,9,59,'Rerum assumenda et et corrupti illo doloremque.',_binary '','2021-03-14 17:12:22'),(256,40,92,'Velit et enim dolorum adipisci animi optio similique nulla et id eligendi maxime.',_binary '\0','2021-03-14 17:12:22'),(257,37,66,'Natus est animi mollitia aut ut quidem et assumenda saepe nostrum.',_binary '','2021-03-14 17:12:22'),(258,31,39,'Impedit autem atque iste optio minima odio id illo amet officia tempora ea.',_binary '','2021-03-14 17:12:22'),(259,6,62,'Dolor quasi commodi asperiores commodi dolores est eos consequuntur.',_binary '\0','2021-03-14 17:12:22'),(260,47,30,'Omnis repudiandae porro et error et quasi cupiditate sunt.',_binary '','2021-03-14 17:12:22'),(261,30,40,'Deserunt voluptatem similique aut id suscipit ea.',_binary '','2021-03-14 17:12:22'),(262,32,79,'Omnis magni aperiam eos nisi nostrum qui quia.',_binary '','2021-03-14 17:12:22'),(263,50,2,'Sint quam sit qui maxime perferendis nam.',_binary '\0','2021-03-14 17:12:22'),(264,9,89,'Quaerat ullam voluptatum optio voluptatem sit saepe consectetur ut deserunt non ratione modi voluptates ut.',_binary '\0','2021-03-14 17:12:22'),(265,8,86,'Velit reiciendis a quam id doloribus quia.',_binary '','2021-03-14 17:12:22'),(266,37,1,'Voluptatem rerum dicta velit nobis ut laboriosam ea.',_binary '\0','2021-03-14 17:12:22'),(267,45,27,'Qui possimus at vel nesciunt libero ut.',_binary '\0','2021-03-14 17:12:22'),(268,10,10,'Laudantium at rerum illo placeat occaecati dicta rerum nulla a maiores rerum vero.',_binary '\0','2021-03-14 17:12:22'),(269,42,83,'Quo temporibus debitis natus vero qui nobis excepturi laudantium dolore.',_binary '\0','2021-03-14 17:12:22'),(270,32,24,'Et impedit enim voluptatem eos quam excepturi voluptatibus asperiores rerum nihil adipisci dignissimos adipisci asperiores.',_binary '','2021-03-14 17:12:22'),(271,41,83,'Eos temporibus excepturi aperiam dolore autem temporibus doloribus corrupti autem est sit.',_binary '\0','2021-03-14 17:12:22'),(272,1,41,'Libero expedita soluta nulla natus consequatur officiis ab veniam ut corporis corporis quia aperiam.',_binary '\0','2021-03-14 17:12:22'),(273,23,66,'Vero magnam qui accusantium sint velit et qui.',_binary '\0','2021-03-14 17:12:22'),(274,11,6,'Quaerat est est dolor voluptatem atque est sit voluptate commodi voluptates quisquam.',_binary '','2021-03-14 17:12:22'),(275,24,70,'Quia doloremque unde eveniet in quia dolores alias id sint iste est.',_binary '\0','2021-03-14 17:12:22'),(276,29,79,'Deleniti tenetur ut voluptatem perspiciatis provident harum aut.',_binary '\0','2021-03-14 17:12:22'),(277,22,9,'Dolores quasi qui est fugit non et in sint deserunt ipsum.',_binary '\0','2021-03-14 17:12:22'),(278,26,53,'Quis accusamus nemo repellendus voluptate ut dolore illum aspernatur.',_binary '\0','2021-03-14 17:12:22'),(279,21,44,'Id excepturi optio cum et incidunt quas quaerat odio.',_binary '','2021-03-14 17:12:22'),(280,10,2,'Est amet sunt expedita incidunt quia rerum ullam.',_binary '\0','2021-03-14 17:12:22'),(281,3,17,'Cum maxime iste fugit incidunt tempore ullam explicabo veritatis eum blanditiis occaecati.',_binary '\0','2021-03-14 17:12:22'),(282,43,52,'Inventore praesentium aut dolores consequatur alias quia consequatur culpa accusamus nobis libero ut.',_binary '\0','2021-03-14 17:12:22'),(283,20,74,'Omnis amet quod facere sed et laborum commodi dolore eligendi odit.',_binary '','2021-03-14 17:12:22'),(284,40,51,'Aut dolor quis et quam explicabo et et est laborum natus.',_binary '','2021-03-14 17:12:22'),(285,12,77,'Similique reiciendis eveniet inventore atque quos numquam.',_binary '','2021-03-14 17:12:22'),(286,49,92,'Ex quia atque voluptas perferendis quia consequatur id sapiente sequi dignissimos odio illo.',_binary '','2021-03-14 17:12:22'),(287,13,20,'Quo unde delectus debitis sint et reiciendis enim dolorem repudiandae qui iure.',_binary '','2021-03-14 17:12:22'),(288,38,6,'Veniam ullam veritatis ipsam sapiente et minima consequuntur consequuntur sint necessitatibus.',_binary '','2021-03-14 17:12:22'),(289,5,18,'Repellendus quam eligendi ipsam fugiat aut omnis beatae molestias veniam est maiores.',_binary '','2021-03-14 17:12:22'),(290,43,26,'Tempore vel et nihil iste repudiandae eos recusandae et.',_binary '','2021-03-14 17:12:22'),(291,3,4,'Non facilis et aut libero odio qui voluptatem eos.',_binary '','2021-03-14 17:12:22'),(292,49,63,'Ut enim eos eaque voluptas aperiam sed tenetur aut omnis qui vel voluptatem qui.',_binary '','2021-03-14 17:12:22'),(293,4,20,'Quia ut quam qui doloremque quia optio sit nulla tempore quae non.',_binary '','2021-03-14 17:12:22'),(294,8,39,'Aut soluta autem porro assumenda eveniet corrupti quidem nesciunt recusandae quidem ipsum.',_binary '\0','2021-03-14 17:12:22'),(295,26,48,'Eaque nihil ea possimus provident quidem repellat consectetur odit quia.',_binary '\0','2021-03-14 17:12:22'),(296,37,65,'Laborum autem quia nostrum a distinctio ea minima sit nam qui adipisci iure.',_binary '','2021-03-14 17:12:22'),(297,8,47,'Cumque ipsa eos expedita eaque quis culpa.',_binary '\0','2021-03-14 17:12:22'),(298,16,100,'Et vel assumenda dolor reiciendis ex consequuntur.',_binary '','2021-03-14 17:12:22'),(299,16,43,'Autem aut a mollitia vitae asperiores voluptas harum est sunt vel voluptatem expedita maxime.',_binary '\0','2021-03-14 17:12:22'),(300,35,3,'Laboriosam fuga placeat enim corrupti aut praesentium eos quisquam id sunt vel quia hic.',_binary '\0','2021-03-14 17:12:22');
/*!40000 ALTER TABLE `reviews` ENABLE KEYS */;
UNLOCK TABLES;

--
-- Table structure for table `roles`
--

DROP TABLE IF EXISTS `roles`;
/*!40101 SET @saved_cs_client     = @@character_set_client */;
/*!50503 SET character_set_client = utf8mb4 */;
CREATE TABLE `roles` (
  `id` bigint unsigned NOT NULL AUTO_INCREMENT,
  `role` varchar(200) NOT NULL,
  PRIMARY KEY (`id`),
  UNIQUE KEY `id` (`id`),
  UNIQUE KEY `role` (`role`)
) ENGINE=InnoDB AUTO_INCREMENT=18 DEFAULT CHARSET=utf8mb4 COLLATE=utf8mb4_0900_ai_ci;
/*!40101 SET character_set_client = @saved_cs_client */;

--
-- Dumping data for table `roles`
--

LOCK TABLES `roles` WRITE;
/*!40000 ALTER TABLE `roles` DISABLE KEYS */;
INSERT INTO `roles` VALUES (11,'Art Direction'),(13,'Assistant Director'),(8,'Casting '),(3,'Director'),(6,'Director of photography'),(1,'Executive producer'),(7,'Film editor'),(10,'Music'),(2,'Producer'),(9,'Production Design'),(12,'Set Decoration'),(16,'Sound designer'),(14,'Special Effects'),(5,'Star'),(17,'Stunt'),(15,'Visual Effects'),(4,'Writer');
/*!40000 ALTER TABLE `roles` ENABLE KEYS */;
UNLOCK TABLES;

--
-- Table structure for table `title_company`
--

DROP TABLE IF EXISTS `title_company`;
/*!40101 SET @saved_cs_client     = @@character_set_client */;
/*!50503 SET character_set_client = utf8mb4 */;
CREATE TABLE `title_company` (
  `id` bigint unsigned NOT NULL AUTO_INCREMENT,
  `title_id` bigint unsigned DEFAULT NULL,
  `company_id` bigint unsigned DEFAULT NULL,
  PRIMARY KEY (`id`),
  UNIQUE KEY `id` (`id`),
  KEY `title_id` (`title_id`),
  KEY `company_id` (`company_id`),
  CONSTRAINT `title_company_ibfk_1` FOREIGN KEY (`title_id`) REFERENCES `titles` (`id`) ON DELETE RESTRICT ON UPDATE CASCADE,
  CONSTRAINT `title_company_ibfk_2` FOREIGN KEY (`company_id`) REFERENCES `companies` (`ID`) ON DELETE SET NULL ON UPDATE CASCADE
) ENGINE=InnoDB AUTO_INCREMENT=201 DEFAULT CHARSET=utf8mb4 COLLATE=utf8mb4_0900_ai_ci;
/*!40101 SET character_set_client = @saved_cs_client */;

--
-- Dumping data for table `title_company`
--

LOCK TABLES `title_company` WRITE;
/*!40000 ALTER TABLE `title_company` DISABLE KEYS */;
INSERT INTO `title_company` VALUES (1,1,3),(2,2,13),(3,3,22),(4,4,6),(5,5,8),(6,6,8),(7,7,23),(8,8,4),(9,9,16),(10,10,9),(11,11,18),(12,12,24),(13,13,2),(14,14,3),(15,15,18),(16,16,13),(17,17,13),(18,18,1),(19,19,8),(20,20,3),(21,21,20),(22,22,17),(23,23,7),(24,24,2),(25,25,15),(26,26,24),(27,27,9),(28,28,19),(29,29,22),(30,30,13),(31,31,17),(32,32,1),(33,33,12),(34,34,4),(35,35,21),(36,36,12),(37,37,25),(38,38,14),(39,39,6),(40,40,14),(41,41,1),(42,42,3),(43,43,9),(44,44,25),(45,45,17),(46,46,13),(47,47,22),(48,48,8),(49,49,8),(50,50,13),(51,51,11),(52,52,4),(53,53,4),(54,54,21),(55,55,14),(56,56,2),(57,57,21),(58,58,1),(59,59,10),(60,60,16),(61,61,24),(62,62,12),(63,63,22),(64,64,3),(65,65,23),(66,66,21),(67,67,13),(68,68,13),(69,69,25),(70,70,23),(71,71,16),(72,72,11),(73,73,8),(74,74,16),(75,75,15),(76,76,3),(77,77,11),(78,78,22),(79,79,11),(80,80,25),(81,81,5),(82,82,12),(83,83,5),(84,84,7),(85,85,7),(86,86,12),(87,87,12),(88,88,5),(89,89,7),(90,90,4),(91,91,12),(92,92,13),(93,93,11),(94,94,17),(95,95,7),(96,96,13),(97,97,21),(98,98,5),(99,99,23),(100,100,7),(101,6,1),(102,95,2),(103,93,25),(104,95,25),(105,34,9),(106,91,19),(107,58,22),(108,72,19),(109,57,6),(110,99,6),(111,28,1),(112,52,24),(113,99,24),(114,35,23),(115,59,2),(116,95,20),(117,32,19),(118,38,2),(119,59,24),(120,62,3),(121,45,17),(122,90,22),(123,25,4),(124,2,5),(125,29,25),(126,77,13),(127,5,23),(128,65,14),(129,12,17),(130,69,22),(131,77,3),(132,21,17),(133,34,7),(134,27,14),(135,96,24),(136,24,8),(137,86,22),(138,9,25),(139,42,23),(140,64,24),(141,91,11),(142,62,6),(143,4,3),(144,18,15),(145,70,20),(146,37,5),(147,9,8),(148,96,12),(149,73,1),(150,39,1),(151,6,21),(152,95,14),(153,10,23),(154,53,12),(155,26,7),(156,83,9),(157,39,16),(158,63,12),(159,4,6),(160,41,2),(161,100,6),(162,42,12),(163,97,17),(164,94,14),(165,85,24),(166,31,13),(167,6,25),(168,88,12),(169,6,5),(170,13,14),(171,84,3),(172,56,18),(173,99,9),(174,16,4),(175,64,16),(176,75,16),(177,33,20),(178,97,2),(179,69,12),(180,83,7),(181,27,2),(182,90,12),(183,67,24),(184,98,7),(185,72,13),(186,6,14),(187,59,25),(188,59,9),(189,90,23),(190,72,23),(191,68,19),(192,45,17),(193,73,16),(194,20,4),(195,56,24),(196,46,2),(197,70,23),(198,7,1),(199,81,10),(200,11,2);
/*!40000 ALTER TABLE `title_company` ENABLE KEYS */;
UNLOCK TABLES;

--
-- Table structure for table `title_country`
--

DROP TABLE IF EXISTS `title_country`;
/*!40101 SET @saved_cs_client     = @@character_set_client */;
/*!50503 SET character_set_client = utf8mb4 */;
CREATE TABLE `title_country` (
  `id` bigint unsigned NOT NULL AUTO_INCREMENT,
  `title_id` bigint unsigned DEFAULT NULL,
  `country_id` bigint unsigned DEFAULT NULL,
  PRIMARY KEY (`id`),
  UNIQUE KEY `id` (`id`),
  KEY `title_id` (`title_id`),
  KEY `country_id` (`country_id`),
  CONSTRAINT `title_country_ibfk_1` FOREIGN KEY (`title_id`) REFERENCES `titles` (`id`) ON DELETE RESTRICT ON UPDATE CASCADE,
  CONSTRAINT `title_country_ibfk_2` FOREIGN KEY (`country_id`) REFERENCES `countries` (`id`) ON DELETE SET NULL ON UPDATE CASCADE
) ENGINE=InnoDB AUTO_INCREMENT=133 DEFAULT CHARSET=utf8mb4 COLLATE=utf8mb4_0900_ai_ci;
/*!40101 SET character_set_client = @saved_cs_client */;

--
-- Dumping data for table `title_country`
--

LOCK TABLES `title_country` WRITE;
/*!40000 ALTER TABLE `title_country` DISABLE KEYS */;
INSERT INTO `title_country` VALUES (1,1,148),(2,2,27),(3,3,114),(4,4,223),(5,5,101),(6,6,81),(7,7,205),(8,8,220),(9,9,103),(10,10,216),(11,11,161),(12,12,178),(13,13,137),(14,14,184),(15,15,33),(16,16,42),(17,17,15),(18,18,131),(19,19,85),(20,20,48),(21,21,14),(22,22,3),(23,23,226),(24,24,227),(25,25,34),(26,26,88),(27,27,151),(28,28,114),(29,29,33),(30,30,114),(31,31,162),(32,32,23),(33,33,152),(34,34,146),(35,35,76),(36,36,158),(37,37,9),(38,38,5),(39,39,231),(40,40,119),(41,41,133),(42,42,140),(43,43,171),(44,44,114),(45,45,133),(46,46,118),(47,47,74),(48,48,79),(49,49,65),(50,50,86),(51,51,1),(52,52,234),(53,53,114),(54,54,76),(55,55,68),(56,56,142),(57,57,29),(58,58,139),(59,59,39),(60,60,111),(61,61,1),(62,62,199),(63,63,119),(64,64,134),(65,65,136),(66,66,144),(67,67,71),(68,68,128),(69,69,182),(70,70,157),(71,71,17),(72,72,24),(73,73,234),(74,74,114),(75,75,114),(76,76,114),(77,77,156),(78,78,118),(79,79,40),(80,80,135),(81,81,46),(82,82,135),(83,83,212),(84,84,114),(85,85,38),(86,86,195),(87,87,68),(88,88,114),(89,89,214),(90,90,164),(91,91,177),(92,92,141),(93,93,132),(94,94,114),(95,95,200),(96,96,20),(97,97,44),(98,98,14),(99,99,197),(100,100,114),(101,1,234),(102,2,240),(103,3,45),(104,4,110),(105,5,140),(106,6,95),(107,7,182),(108,8,197),(109,9,221),(110,10,16),(111,11,74),(112,12,125),(113,13,131),(114,14,175),(115,15,116),(116,16,94),(117,17,140),(118,18,85),(119,19,85),(120,20,70),(121,21,144),(122,22,12),(123,23,80),(124,24,130),(125,25,14),(126,26,180),(127,27,69),(128,28,45),(129,29,176),(130,30,45),(131,31,118),(132,32,62);
/*!40000 ALTER TABLE `title_country` ENABLE KEYS */;
UNLOCK TABLES;

--
-- Table structure for table `title_info`
--

DROP TABLE IF EXISTS `title_info`;
/*!40101 SET @saved_cs_client     = @@character_set_client */;
/*!50503 SET character_set_client = utf8mb4 */;
CREATE TABLE `title_info` (
  `id` bigint unsigned NOT NULL AUTO_INCREMENT,
  `title_id` bigint unsigned DEFAULT NULL,
  `title_type_id` bigint unsigned DEFAULT '1',
  `poster` bigint unsigned DEFAULT '2',
  `tagline` varchar(200) DEFAULT ' ',
  `synopsis` varchar(500) DEFAULT ' ',
  `release_date` date DEFAULT NULL,
  `rars` enum('0+','6+','12+','16+','18+','NR') DEFAULT 'NR',
  PRIMARY KEY (`id`),
  UNIQUE KEY `id` (`id`),
  KEY `release_date` (`release_date`),
  KEY `title_info_id_fk` (`title_id`),
  KEY `title_type_id` (`title_type_id`),
  CONSTRAINT `title_info_ibfk_1` FOREIGN KEY (`title_type_id`) REFERENCES `title_types` (`id`) ON DELETE SET NULL ON UPDATE CASCADE,
  CONSTRAINT `title_info_id_fk` FOREIGN KEY (`title_id`) REFERENCES `titles` (`id`) ON DELETE RESTRICT ON UPDATE CASCADE
) ENGINE=InnoDB AUTO_INCREMENT=201 DEFAULT CHARSET=utf8mb4 COLLATE=utf8mb4_0900_ai_ci;
/*!40101 SET character_set_client = @saved_cs_client */;

--
-- Dumping data for table `title_info`
--

LOCK TABLES `title_info` WRITE;
/*!40000 ALTER TABLE `title_info` DISABLE KEYS */;
INSERT INTO `title_info` VALUES (101,1,4,121,'Expanded secondary product','Alice, \'when one wasn\'t always growing larger and smaller, and being so many lessons to learn! Oh, I shouldn\'t want YOURS: I don\'t like them!\' When the procession moved on, three of the day; and this was not even room for this, and she thought to herself \'That\'s quite enough--I hope I shan\'t grow any more--As it is, I suppose?\' said Alice. \'Call.','2000-05-19','NR'),(102,2,6,131,'Multi-channelled bottom-line complexity','I to do it! Oh dear! I\'d nearly forgotten to ask.\' \'It turned into a tree. \'Did you say it.\' \'That\'s nothing to what I should be like then?\' And she began again: \'Ou est ma chatte?\' which was full of soup. \'There\'s certainly too much overcome to do next, when suddenly a White Rabbit read:-- \'They told me you had been would have appeared to them.','2002-04-13','18+'),(103,3,5,46,'Enhanced regional concept','As soon as it turned round and swam slowly back again, and all must have imitated somebody else\'s hand,\' said the Gryphon replied very solemnly. Alice was not here before,\' said Alice,) and round Alice, every now and then another confusion of voices--\'Hold up his head--Brandy now--Don\'t choke him--How was it, old fellow? What happened to you?.','2016-11-07','6+'),(104,4,2,110,'Fully-configurable fault-tolerant flexibility','I shan\'t! YOU do it!--That I won\'t, then!--Bill\'s to go nearer till she was playing against herself, for this curious child was very fond of pretending to be seen--everything seemed to Alice a good thing!\' she said this, she was quite a long time with the day and night! You see the earth takes twenty-four hours to turn into a pig, my dear,\' said.','2006-08-15','18+'),(105,5,5,73,'Fully-configurable real-time knowledgeuser','Hatter. \'You might just as she could guess, she was going to remark myself.\' \'Have you guessed the riddle yet?\' the Hatter with a bound into the loveliest garden you ever saw. How she longed to get in at once.\' And in she went. Once more she found that it had gone. \'Well! I\'ve often seen them at dinn--\' she checked herself hastily. \'I thought you.','1985-10-18','16+'),(106,6,4,8,'Diverse background emulation','Alice, surprised at her own courage. \'It\'s no business of MINE.\' The Queen smiled and passed on. \'Who ARE you doing out here? Run home this moment, and fetch me a good character, But said I didn\'t!\' interrupted Alice. \'You did,\' said the Caterpillar contemptuously. \'Who are YOU?\' said the Mock Turtle repeated thoughtfully. \'I should like to be.','1994-04-27','18+'),(107,7,5,120,'Self-enabling bandwidth-monitored forecast','She said the Gryphon. \'--you advance twice--\' \'Each with a melancholy tone: \'it doesn\'t seem to see that queer little toss of her voice, and see after some executions I have none, Why, I wouldn\'t say anything about it, so she took up the little golden key, and when she was talking. \'How CAN I have dropped them, I wonder?\' As she said to the King,.','2008-03-21','18+'),(108,8,3,126,'Diverse background application','King, and the blades of grass, but she saw maps and pictures hung upon pegs. She took down a large dish of tarts upon it: they looked so grave that she had peeped into the sky. Alice went on to himself as he spoke. \'A cat may look at it!\' This speech caused a remarkable sensation among the trees, a little ledge of rock, and, as a drawing of a.','2005-05-27','6+'),(109,9,6,150,'De-engineered non-volatile flexibility','Gryphon; and then the puppy began a series of short charges at the Cat\'s head began fading away the moment he was going to give the hedgehog had unrolled itself, and began bowing to the general conclusion, that wherever you go on? It\'s by far the most confusing thing I know. Silence all round, if you were or might have been a RED rose-tree, and.','2006-05-20','0+'),(110,10,4,91,'Extended optimizing securedline','Alice, in a low, trembling voice. \'There\'s more evidence to come down the chimney, and said to herself, \'whenever I eat one of the words did not venture to say it over) \'--yes, that\'s about the games now.\' CHAPTER X. The Lobster Quadrille The Mock Turtle went on, \'and most things twinkled after that--only the March Hare had just begun to repeat.','1997-07-19','6+'),(111,11,5,12,'Automated bi-directional implementation','Alice thought over all the while, and fighting for the hot day made her next remark. \'Then the eleventh day must have a trial: For really this morning I\'ve nothing to do: once or twice, and shook itself. Then it got down off the subjects on his slate with one eye; but to open them again, and Alice looked very anxiously into her head. \'If I eat or.','1978-12-17','16+'),(112,12,2,145,'Synergistic foreground hub','I\'m quite tired of this. I vote the young Crab, a little feeble, squeaking voice, (\'That\'s Bill,\' thought Alice,) \'Well, I can\'t get out at all a pity. I said \"What for?\"\' \'She boxed the Queen\'s hedgehog just now, only it ran away when it grunted again, so she took courage, and went in. The door led right into a pig,\' Alice quietly said, just as.','2002-09-27','NR'),(113,13,1,123,'Cloned discrete help-desk','Tell us all about for a minute or two to think about it, you know.\' \'I don\'t think it\'s at all fairly,\' Alice began, in a hurry: a large fan in the pool a little sharp bark just over her head through the door, and tried to get out again. That\'s all.\' \'Thank you,\' said the Gryphon: and Alice thought to herself. \'I dare say there may be different,\'.','2018-07-17','18+'),(114,14,1,146,'Automated client-driven time-frame','The jury all wrote down on one side, to look about her and to hear his history. I must have been a holiday?\' \'Of course you know the song, she kept on good terms with him, he\'d do almost anything you liked with the birds and animals that had made her draw back in a hurry: a large fan in the distance. \'Come on!\' cried the Mouse, turning to Alice:.','1979-04-02','NR'),(115,15,5,119,'Quality-focused actuating adapter','That WILL be a walrus or hippopotamus, but then she remembered that she could not help bursting out laughing: and when she looked down at once, in a wondering tone. \'Why, what are YOUR shoes done with?\' said the Hatter. Alice felt that it might injure the brain; But, now that I\'m perfectly sure I don\'t like them raw.\' \'Well, be off, and found.','1999-01-27','0+'),(116,16,4,1,'Robust system-worthy hardware','VERY wide, but she knew that it was neither more nor less than a pig, my dear,\' said Alice, who was beginning to end,\' said the Caterpillar. Alice said to herself; \'the March Hare will be When they take us up and throw us, with the bones and the sound of many footsteps, and Alice was very likely to eat some of the guinea-pigs cheered, and was.','2002-04-12','12+'),(117,17,2,94,'Team-oriented contextually-based structure','Lory, with a T!\' said the Mouse. \'--I proceed. \"Edwin and Morcar, the earls of Mercia and Northumbria--\"\' \'Ugh!\' said the Pigeon went on, taking first one side and up the fan she was to get out at the sudden change, but she could not help bursting out laughing: and when Alice had no idea what Latitude was, or Longitude I\'ve got to the law, And.','2014-04-18','6+'),(118,18,5,88,'Expanded multi-state groupware','Alice\'s first thought was that you couldn\'t cut off a little different. But if I\'m not used to say \'Drink me,\' but the Mouse to Alice a little timidly: \'but it\'s no use in waiting by the way I ought to tell you--all I know is, it would be worth the trouble of getting up and to stand on their hands and feet at once, with a whiting. Now you know.\'.','2005-05-13','12+'),(119,19,4,51,'Profound responsive capability','As there seemed to listen, the whole place around her became alive with the words all coming different, and then sat upon it.) \'I\'m glad they don\'t seem to encourage the witness at all: he kept shifting from one foot to the confused clamour of the way out of sight; and an Eaglet, and several other curious creatures. Alice led the way, was the.','1989-04-05','18+'),(120,20,1,123,'Enterprise-wide stable systemengine','Majesty,\' he began. \'You\'re a very good height indeed!\' said the Dormouse, not choosing to notice this last remark. \'Of course it is,\' said the Hatter: \'let\'s all move one place on.\' He moved on as he came, \'Oh! the Duchess, as she did not quite know what you would seem to put his mouth close to her lips. \'I know what you had been found and.','2013-03-31','12+'),(121,21,5,136,'Horizontal directional ability','Fish-Footman was gone, and the baby was howling so much at first, perhaps,\' said the Mock Turtle. Alice was just going to be, from one end to the end of the doors of the e--e--evening, Beautiful, beautiful Soup!\' CHAPTER XI. Who Stole the Tarts? The King and the Mock Turtle sighed deeply, and began, in a pleased tone. \'Pray don\'t trouble yourself.','1997-03-24','18+'),(122,22,1,45,'Persevering multimedia artificialintelligence','The moment Alice felt a very hopeful tone though), \'I won\'t have any rules in particular; at least, if there were no arches left, and all sorts of things--I can\'t remember things as I get it home?\' when it grunted again, and looking anxiously about her. \'Oh, do let me help to undo it!\' \'I shall sit here,\' he said, turning to the jury. \'Not yet,.','1982-11-17','6+'),(123,23,2,135,'Enterprise-wide system-worthy GraphicInterface','Queen. \'Can you play croquet?\' The soldiers were silent, and looked at the proposal. \'Then the Dormouse again, so violently, that she hardly knew what she was saying, and the Hatter added as an explanation; \'I\'ve none of my life.\' \'You are not the right way of keeping up the conversation a little. \'\'Tis so,\' said the Pigeon in a rather offended.','1985-01-13','12+'),(124,24,3,63,'Organized contextually-based projection','So she set off at once without waiting for the pool of tears which she found a little bit, and said anxiously to herself, \'it would be QUITE as much use in crying like that!\' By this time it all came different!\' the Mock Turtle yawned and shut his note-book hastily. \'Consider your verdict,\' the King exclaimed, turning to the Caterpillar, just as.','2013-06-29','18+'),(125,25,5,91,'Automated tangible workforce','Dormouse, who seemed too much of a candle is like after the birds! Why, she\'ll eat a little different. But if I\'m Mabel, I\'ll stay down here till I\'m somebody else\"--but, oh dear!\' cried Alice again, for really I\'m quite tired and out of the players to be sure! However, everything is queer to-day.\' Just then she remembered trying to explain it is.','2005-12-21','16+'),(126,26,5,49,'Ergonomic optimal policy','Alice asked in a very little way forwards each time and a Dodo, a Lory and an old Turtle--we used to read fairy-tales, I fancied that kind of rule, \'and vinegar that makes them sour--and camomile that makes people hot-tempered,\' she went on, \'you see, a dog growls when it\'s pleased. Now I growl when I\'m pleased, and wag my tail when it\'s pleased..','1976-09-01','18+'),(127,27,6,34,'Phased dedicated synergy','Why, I wouldn\'t be in before the trial\'s begun.\' \'They\'re putting down their names,\' the Gryphon added \'Come, let\'s try the effect: the next moment she appeared; but she had been all the time they had at the beginning,\' the King say in a soothing tone: \'don\'t be angry about it. And yet I don\'t want to be?\' it asked. \'Oh, I\'m not Ada,\' she said,.','2012-07-21','16+'),(128,28,3,15,'Stand-alone web-enabled intranet','March Hare interrupted, yawning. \'I\'m getting tired of being upset, and their slates and pencils had been for some time after the rest waited in silence. At last the Caterpillar took the watch and looked at her rather inquisitively, and seemed to listen, the whole pack rose up into the teapot. \'At any rate a book written about me, that there was.','2007-07-15','0+'),(129,29,3,87,'Polarised user-facing access','And oh, I wish you wouldn\'t mind,\' said Alice: \'allow me to him: She gave me a pair of the way I ought to have no sort of a water-well,\' said the Queen. \'Sentence first--verdict afterwards.\' \'Stuff and nonsense!\' said Alice indignantly, and she tried hard to whistle to it; but she had forgotten the words.\' So they had at the Lizard as she went.','1988-02-14','12+'),(130,30,3,39,'Advanced zerodefect archive','Mock Turtle sighed deeply, and began, in a deep voice, \'are done with a lobster as a lark, And will talk in contemptuous tones of her own mind (as well as I used--and I don\'t know where Dinn may be,\' said the Cat said, waving its tail when it\'s angry, and wags its tail about in the last time she heard a little bit, and said to the Dormouse, who.','2017-09-18','6+'),(131,31,5,39,'Profit-focused homogeneous GraphicalUserInterface','On various pretexts they all crowded together at one and then unrolled the parchment scroll, and read out from his book, \'Rule Forty-two. ALL PERSONS MORE THAN A MILE HIGH TO LEAVE THE COURT.\' Everybody looked at Two. Two began in a very good advice, (though she very seldom followed it), and handed them round as prizes. There was nothing so VERY.','1980-10-04','6+'),(132,32,6,45,'Re-contextualized 3rdgeneration installation','Dodo, pointing to the seaside once in a sorrowful tone; \'at least there\'s no use in crying like that!\' He got behind Alice as she spoke; \'either you or your head must be Mabel after all, and I could shut up like a steam-engine when she noticed a curious feeling!\' said Alice; \'I daresay it\'s a set of verses.\' \'Are they in the middle, being held up.','2008-07-09','16+'),(133,33,3,144,'Pre-emptive demand-driven matrices','I suppose I ought to be executed for having missed their turns, and she sat down and cried. \'Come, there\'s half my plan done now! How puzzling all these changes are! I\'m never sure what I\'m going to dive in among the branches, and every now and then a great interest in questions of eating and drinking. \'They lived on treacle,\' said the Footman,.','2016-01-30','18+'),(134,34,5,96,'Monitored national capacity','Alice to find her in an undertone to the general conclusion, that wherever you go to on the end of the baby, the shriek of the crowd below, and there was Mystery,\' the Mock Turtle said: \'advance twice, set to work, and very neatly and simply arranged; the only difficulty was, that her neck from being run over; and the fan, and skurried away into.','1971-01-10','0+'),(135,35,4,24,'Diverse local extranet','Alice had been looking at the March Hare: she thought it would feel very uneasy: to be sure; but I THINK I can say.\' This was not going to do this, so that her neck would bend about easily in any direction, like a stalk out of his teacup instead of onions.\' Seven flung down his brush, and had just upset the milk-jug into his plate. Alice did not.','2012-12-23','0+'),(136,36,1,117,'Grass-roots zeroadministration neural-net','Gryphon. \'Well, I should say \"With what porpoise?\"\' \'Don\'t you mean \"purpose\"?\' said Alice. \'Why?\' \'IT DOES THE BOOTS AND SHOES.\' the Gryphon answered, very nearly in the last few minutes she heard a little of her skirt, upsetting all the other side will make you a present of everything I\'ve said as yet.\' \'A cheap sort of way, \'Do cats eat bats,.','2006-12-31','12+'),(137,37,4,74,'Polarised composite database','RETURNED FROM HIM TO YOU,\"\' said Alice. \'Did you speak?\' \'Not I!\' he replied. \'We quarrelled last March--just before HE went mad, you know--\' (pointing with his head!\' she said, \'for her hair goes in such a wretched height to rest herself, and began an account of the sense, and the White Rabbit, \'and that\'s why. Pig!\' She said it to be lost, as.','2008-01-16','NR'),(138,38,6,139,'Multi-lateral user-facing paradigm','King said to Alice; and Alice called after her. \'I\'ve something important to say!\' This sounded promising, certainly: Alice turned and came flying down upon their faces, so that her neck kept getting entangled among the people near the entrance of the gloves, and she soon made out that the Mouse had changed his mind, and was a little bit, and.','2013-01-31','18+'),(139,39,3,145,'Down-sized systematic adapter','Alice was not going to leave the room, when her eye fell upon a little shriek and a large pool all round the hall, but they all crowded round it, panting, and asking, \'But who is Dinah, if I fell off the subjects on his flappers, \'--Mystery, ancient and modern, with Seaography: then Drawling--the Drawling-master was an old conger-eel, that used.','1971-10-30','16+'),(140,40,6,96,'Re-engineered responsive internetsolution','Ann! Mary Ann!\' said the King. \'It began with the glass table as before, \'It\'s all about for them, and it\'ll sit up and rubbed its eyes: then it watched the White Rabbit, jumping up and walking away. \'You insult me by talking such nonsense!\' \'I didn\'t mean it!\' pleaded poor Alice in a hurried nervous manner, smiling at everything about her, to.','1990-08-22','0+'),(141,41,3,69,'Function-based system-worthy website','Mock Turtle said with a kind of sob, \'I\'ve tried every way, and nothing seems to grin, How neatly spread his claws, And welcome little fishes in With gently smiling jaws!\' \'I\'m sure those are not attending!\' said the Queen. \'Sentence first--verdict afterwards.\' \'Stuff and nonsense!\' said Alice sharply, for she was losing her temper. \'Are you.','1986-03-23','18+'),(142,42,5,128,'Open-architected multimedia throughput','Mock Turtle sighed deeply, and drew the back of one flapper across his eyes. He looked anxiously over his shoulder as he fumbled over the list, feeling very glad to do it.\' (And, as you are; secondly, because they\'re making such VERY short remarks, and she was walking hand in her life, and had just upset the milk-jug into his plate. Alice did not.','1972-12-29','16+'),(143,43,3,18,'Future-proofed discrete functionalities','Alice was more hopeless than ever: she sat on, with closed eyes, and feebly stretching out one paw, trying to touch her. \'Poor little thing!\' It did so indeed, and much sooner than she had not noticed before, and he called the Queen, in a bit.\' \'Perhaps it doesn\'t matter much,\' thought Alice, \'or perhaps they won\'t walk the way the people that.','1974-09-25','NR'),(144,44,3,3,'Enterprise-wide system-worthy artificialintelligence','When they take us up and bawled out, \"He\'s murdering the time! Off with his head!\' she said, \'and see whether it\'s marked \"poison\" or not\'; for she was holding, and she thought it had some kind of sob, \'I\'ve tried every way, and then another confusion of voices--\'Hold up his head--Brandy now--Don\'t choke him--How was it, old fellow? What happened.','1974-05-07','6+'),(145,45,1,102,'Organized multi-state array','NOT, being made entirely of cardboard.) \'All right, so far,\' said the Rabbit was still in sight, and no more of it now in sight, hurrying down it. There was exactly the right height to be.\' \'It is a raven like a writing-desk?\' \'Come, we shall have to whisper a hint to Time, and round the court was a large kitchen, which was sitting on the.','1975-08-12','6+'),(146,46,2,56,'Team-oriented tertiary focusgroup','Alice, \'it would be so kind,\' Alice replied, rather shyly, \'I--I hardly know, sir, just at first, the two creatures got so much frightened to say whether the blows hurt it or not. \'Oh, PLEASE mind what you\'re at!\" You know the meaning of it in her hand, watching the setting sun, and thinking of little cartwheels, and the other guinea-pig cheered,.','1992-04-04','12+'),(147,47,6,139,'Focused transitional securedline','I was a little of the e--e--evening, Beautiful, beautiful Soup! \'Beautiful Soup! Who cares for you?\' said Alice, swallowing down her flamingo, and began an account of the court and got behind him, and very angrily. \'A knot!\' said Alice, surprised at her feet as the doubled-up soldiers were always getting up and throw us, with the Dormouse. \'Don\'t.','1999-12-22','18+'),(148,48,6,11,'Quality-focused real-time internetsolution','Alice, who was trembling down to them, and the moon, and memory, and muchness--you know you say things are worse than ever,\' thought the whole thing very absurd, but they were nowhere to be sure! However, everything is to-day! And yesterday things went on saying to herself how she would get up and went on in the sea, \'and in that soup!\' Alice.','1978-05-24','16+'),(149,49,4,84,'Configurable didactic policy','Where CAN I have ordered\'; and she grew no larger: still it was certainly not becoming. \'And that\'s the queerest thing about it.\' (The jury all looked puzzled.) \'He must have been that,\' said the cook. The King turned pale, and shut his note-book hastily. \'Consider your verdict,\' he said in a tone of great surprise. \'Of course they were\', said.','2003-06-08','18+'),(150,50,3,33,'De-engineered holistic product','With gently smiling jaws!\' \'I\'m sure I\'m not the right size, that it was labelled \'ORANGE MARMALADE\', but to her full size by this time.) \'You\'re nothing but a pack of cards: the Knave \'Turn them over!\' The Knave did so, and were resting in the world go round!\"\' \'Somebody said,\' Alice whispered, \'that it\'s done by everybody minding their own.','2009-07-02','16+'),(151,51,1,51,'Ameliorated methodical forecast','Shakespeare, in the common way. So she swallowed one of the miserable Mock Turtle. \'Seals, turtles, salmon, and so on; then, when you\'ve cleared all the time he had taken advantage of the Lizard\'s slate-pencil, and the shrill voice of the baby?\' said the Caterpillar. This was such a thing. After a time she had known them all her life. Indeed, she.','1971-03-25','6+'),(152,52,4,36,'Total content-based encryption','May it won\'t be raving mad after all! I almost wish I hadn\'t gone down that rabbit-hole--and yet--and yet--it\'s rather curious, you know, with oh, such long curly brown hair! And it\'ll fetch things when you come to the baby, the shriek of the other side, the puppy began a series of short charges at the frontispiece if you like!\' the Duchess to.','2013-08-01','18+'),(153,53,1,72,'Extended client-server instructionset','Mystery,\' the Mock Turtle. \'Very much indeed,\' said Alice. The poor little thing sobbed again (or grunted, it was quite pale (with passion, Alice thought), and it said nothing. \'When we were little,\' the Mock Turtle replied in a melancholy air, and, after glaring at her as she passed; it was very fond of beheading people here; the great puzzle!\'.','1990-07-13','12+'),(154,54,4,108,'Total contextually-based protocol','Alice ventured to say. \'What is it?\' he said, turning to Alice with one finger; and the moon, and memory, and muchness--you know you say things are worse than ever,\' thought the poor little thing sat down and looked along the passage into the garden with one of them were animals, and some \'unimportant.\' Alice could not even room for YOU, and no.','1988-08-26','6+'),(155,55,3,77,'Re-contextualized stable migration','I begin, please your Majesty,\' said Alice in a moment: she looked down at them, and he went on, looking anxiously about as it left no mark on the look-out for serpents night and day! Why, I haven\'t been invited yet.\' \'You\'ll see me there,\' said the Caterpillar. \'Well, I\'ve tried to say than his first remark, \'It was a good opportunity for making.','1973-09-09','6+'),(156,56,6,32,'Synergized human-resource synergy','Mock Turtle, \'but if they do, why then they\'re a kind of authority over Alice. \'Stand up and bawled out, \"He\'s murdering the time! Off with his head!\"\' \'How dreadfully savage!\' exclaimed Alice. \'That\'s the first to break the silence. \'What day of the room. The cook threw a frying-pan after her as she went on, yawning and rubbing its eyes, \'Of.','2008-01-27','6+'),(157,57,2,121,'Reactive high-level approach','I was, I shouldn\'t want YOURS: I don\'t care which happens!\' She ate a little house in it about four feet high. \'Whoever lives there,\' thought Alice, \'to pretend to be otherwise.\"\' \'I think you could see this, as she could, for her neck kept getting entangled among the leaves, which she found it made Alice quite jumped; but she did so, and giving.','1979-09-14','0+'),(158,58,4,54,'Ameliorated 4thgeneration attitude','And yet I don\'t put my arm round your waist,\' the Duchess said after a few minutes that she could not think of nothing else to do, so Alice went timidly up to the other players, and shouting \'Off with her friend. When she got to come before that!\' \'Call the first figure!\' said the Caterpillar took the place where it had finished this short.','2012-02-05','6+'),(159,59,6,11,'Universal real-time encryption','He sent them word I had to do it?\' \'In my youth,\' Father William replied to his son, \'I feared it might belong to one of the guinea-pigs cheered, and was going to be, from one foot up the fan she was near enough to look for her, and said, \'That\'s right, Five! Always lay the blame on others!\' \'YOU\'D better not do that again!\' which produced.','2016-01-08','16+'),(160,60,2,3,'Networked intangible productivity','King said, with a soldier on each side, and opened their eyes and mouths so VERY nearly at the door and found quite a conversation of it now in sight, hurrying down it. There was a dispute going on rather better now,\' she said, \'than waste it in a melancholy tone: \'it doesn\'t seem to have the experiment tried. \'Very true,\' said the Hatter, and.','1981-01-13','NR'),(161,61,3,145,'Re-engineered 24/7 knowledgebase','Some of the jurymen. \'No, they\'re not,\' said the King. \'Nothing whatever,\' said Alice. \'I\'m glad they don\'t seem to dry me at home! Why, I haven\'t been invited yet.\' \'You\'ll see me there,\' said the Duchess. An invitation for the moment she appeared; but she added, to herself, as well as the Dormouse shall!\' they both cried. \'Wake up, Alice dear!\'.','2010-11-09','12+'),(162,62,6,8,'Multi-tiered impactful software','It sounded an excellent plan, no doubt, and very soon finished off the fire, stirring a large mushroom growing near her, about the twentieth time that day. \'A likely story indeed!\' said the King. \'Shan\'t,\' said the Hatter. He had been running half an hour or so there were no arches left, and all dripping wet, cross, and uncomfortable. The moment.','1991-07-29','0+'),(163,63,4,127,'Balanced impactful productivity','Hatter, \'you wouldn\'t talk about her repeating \'YOU ARE OLD, FATHER WILLIAM,\"\' said the last word two or three times over to the game, the Queen shouted at the place of the garden, and marked, with one of them even when they passed too close, and waving their forepaws to mark the time, while the Mouse was bristling all over, and she trembled till.','2012-02-22','16+'),(164,64,6,74,'Stand-alone modular complexity','Dormouse say?\' one of the jurymen. \'No, they\'re not,\' said the White Rabbit; \'in fact, there\'s nothing written on the top of her voice. Nobody moved. \'Who cares for fish, Game, or any other dish? Who would not allow without knowing how old it was, and, as a partner!\' cried the Gryphon, \'she wants for to know your history, you know,\' the Hatter.','2005-10-13','16+'),(165,65,3,92,'Centralized hybrid attitude','The Fish-Footman began by taking the little creature down, and was going to begin with.\' \'A barrowful of WHAT?\' thought Alice to herself. At this moment the King, going up to them she heard something like this:-- \'Fury said to the little crocodile Improve his shining tail, And pour the waters of the fact. \'I keep them to sell,\' the Hatter said,.','2002-10-05','18+'),(166,66,4,41,'Public-key executive software','Majesty?\' he asked. \'Begin at the end of his head. But at any rate, there\'s no name signed at the cook, and a piece of evidence we\'ve heard yet,\' said the King. \'Nothing whatever,\' said Alice. \'Well, then,\' the Gryphon only answered \'Come on!\' cried the Mouse, getting up and throw us, with the grin, which remained some time with one of them even.','2013-01-17','12+'),(167,67,2,9,'Enterprise-wide demand-driven artificialintelligence','Duchess: you\'d better leave off,\' said the March Hare. \'Yes, please do!\' pleaded Alice. \'And where HAVE my shoulders got to? And oh, I wish you would seem to come once a week: HE taught us Drawling, Stretching, and Fainting in Coils.\' \'What was that?\' inquired Alice. \'Reeling and Writhing, of course, I meant,\' the King put on his knee, and the.','1987-10-12','NR'),(168,68,5,126,'Realigned maximized firmware','If they had a head could be beheaded, and that you weren\'t to talk to.\' \'How are you thinking of?\' \'I beg your pardon,\' said Alice sharply, for she was now about two feet high: even then she remembered the number of executions the Queen of Hearts were seated on their slates, and then all the things get used up.\' \'But what happens when one eats.','1992-11-04','18+'),(169,69,3,116,'Universal tangible time-frame','However, at last in the middle. Alice kept her eyes anxiously fixed on it, and talking over its head. \'Very uncomfortable for the White Rabbit, trotting slowly back again, and did not look at the bottom of the Queen in a melancholy tone. \'Nobody seems to be executed for having cheated herself in a great hurry. An enormous puppy was looking up.','1999-01-18','0+'),(170,70,1,97,'Reactive modular flexibility','Alice. \'Nothing WHATEVER?\' persisted the King. The White Rabbit cried out, \'Silence in the house, and found herself falling down a very good advice, (though she very soon finished it off. \'If everybody minded their own business!\' \'Ah, well! It means much the same year for such dainties would not stoop? Soup of the lefthand bit. * * CHAPTER II..','1977-02-17','0+'),(171,71,5,48,'Diverse system-worthy info-mediaries','Alice, always ready to play croquet with the bread-knife.\' The March Hare will be much the same thing as \"I eat what I was thinking I should like to try the experiment?\' \'HE might bite,\' Alice cautiously replied, not feeling at all anxious to have lessons to learn! Oh, I shouldn\'t want YOURS: I don\'t remember where.\' \'Well, it must make me.','1997-05-02','0+'),(172,72,6,101,'Multi-layered global artificialintelligence','Hatter began, in a great thistle, to keep herself from being broken. She hastily put down her flamingo, and began singing in its sleep \'Twinkle, twinkle, twinkle, twinkle--\' and went on just as if a fish came to ME, and told me you had been looking at the top of the what?\' said the Caterpillar. \'Well, I\'ve tried hedges,\' the Pigeon the.','2019-09-16','NR'),(173,73,2,150,'Enterprise-wide 5thgeneration knowledgeuser','It means much the most important piece of bread-and-butter in the middle, being held up by two guinea-pigs, who were lying on their slates, and she dropped it hastily, just in time to see if she could remember about ravens and writing-desks, which wasn\'t much. The Hatter opened his eyes very wide on hearing this; but all he SAID was, \'Why is a.','2005-03-02','12+'),(174,74,2,18,'Front-line even-keeled model','Mock Turtle with a little shaking among the trees, a little pattering of feet in a low, weak voice. \'Now, I give you fair warning,\' shouted the Queen. \'You make me larger, it must be off, then!\' said the King: \'leave out that the best plan.\' It sounded an excellent opportunity for croqueting one of the treat. When the sands are all dry, he is gay.','2015-07-31','NR'),(175,75,2,87,'User-centric optimal archive','Edwin and Morcar, the earls of Mercia and Northumbria--\"\' \'Ugh!\' said the Cat. \'Do you take me for asking! No, it\'ll never do to hold it. As soon as she could, and waited till the eyes appeared, and then the different branches of Arithmetic--Ambition, Distraction, Uglification, and Derision.\' \'I never heard of one,\' said Alice, in a very short.','2005-04-24','18+'),(176,76,6,12,'Visionary grid-enabled frame','Duchess, the Duchess! Oh! won\'t she be savage if I\'ve been changed in the sea, \'and in that ridiculous fashion.\' And he got up very sulkily and crossed over to the puppy; whereupon the puppy jumped into the darkness as hard as she was now the right size, that it had entirely disappeared; so the King said gravely, \'and go on crying in this way!.','2009-03-27','18+'),(177,77,4,5,'Customer-focused interactive info-mediaries','Alice, \'it\'ll never do to ask: perhaps I shall remember it in her head, and she dropped it hastily, just in time to wash the things between whiles.\' \'Then you may nurse it a minute or two she walked on in the kitchen that did not like to be listening, so she went in without knocking, and hurried upstairs, in great disgust, and walked off; the.','1970-12-01','NR'),(178,78,6,133,'Customizable foreground alliance','VERY nearly at the thought that it might tell her something worth hearing. For some minutes it puffed away without being seen, when she noticed that the cause of this sort of people live about here?\' \'In THAT direction,\' the Cat went on, very much to-night, I should understand that better,\' Alice said very politely, \'if I had our Dinah here, I.','2004-07-21','12+'),(179,79,3,138,'Polarised empowering contingency','Her chin was pressed so closely against her foot, that there was mouth enough for it now, I suppose, by being drowned in my life!\' Just as she spoke. Alice did not quite sure whether it was over at last: \'and I do it again and again.\' \'You are old,\' said the Mock Turtle, capering wildly about. \'Change lobsters again!\' yelled the Gryphon never.','2007-09-24','16+'),(180,80,5,142,'Profound zerodefect database','Mock Turtle with a deep voice, \'are done with blacking, I believe.\' \'Boots and shoes under the circumstances. There was a very humble tone, going down on one knee as he spoke, and then dipped suddenly down, so suddenly that Alice quite jumped; but she got up, and began by taking the little creature down, and was just in time to begin with; and.','1983-06-06','16+'),(181,81,1,107,'Reactive zerodefect intranet','Caterpillar seemed to be a person of authority among them, called out, \'First witness!\' The first witness was the White Rabbit read:-- \'They told me he was gone, and the three gardeners, but she could for sneezing. There was a table set out under a tree in the lap of her head down to them, and he wasn\'t going to be, from one of the way of nursing.','2001-12-11','6+'),(182,82,6,133,'Streamlined context-sensitive benchmark','Alice\'s first thought was that you have of putting things!\' \'It\'s a friend of mine--a Cheshire Cat,\' said Alice: \'she\'s so extremely--\' Just then her head impatiently; and, turning to Alice, \'Have you guessed the riddle yet?\' the Hatter added as an explanation; \'I\'ve none of YOUR adventures.\' \'I could tell you how it was good manners for her neck.','2015-08-30','16+'),(183,83,6,101,'Persevering context-sensitive complexity','COULD! I\'m sure I can\'t show it you myself,\' the Mock Turtle. \'No, no! The adventures first,\' said the cook. The King and Queen of Hearts, carrying the King\'s crown on a summer day: The Knave of Hearts, who only bowed and smiled in reply. \'Idiot!\' said the White Rabbit blew three blasts on the floor, and a fan! Quick, now!\' And Alice was very.','1972-08-13','18+'),(184,84,2,68,'Organized holistic knowledgeuser','It\'s high time you were down here with me! There are no mice in the sea, some children digging in the other. In the very tones of her little sister\'s dream. The long grass rustled at her feet as the large birds complained that they had a pencil that squeaked. This of course, to begin with,\' the Mock Turtle angrily: \'really you are painting those.','2006-01-25','6+'),(185,85,3,104,'Universal dynamic help-desk','Alice could see her after the others. \'We must burn the house if it thought that she tipped over the fire, stirring a large one, but it did not like to be sure! However, everything is to-day! And yesterday things went on again: \'Twenty-four hours, I THINK; or is it I can\'t quite follow it as well as she fell very slowly, for she was to twist it.','1986-07-13','NR'),(186,86,6,42,'Vision-oriented grid-enabled hierarchy','Alice turned and came back again. \'Keep your temper,\' said the Hatter, it woke up again with a sigh: \'he taught Laughing and Grief, they used to know. Let me see--how IS it to her very much to-night, I should think you might catch a bat, and that\'s very like having a game of play with a table in the house, and have next to her. \'I can see you\'re.','2008-06-20','16+'),(187,87,1,58,'Down-sized mission-critical synergy','This of course, to begin with,\' the Mock Turtle replied in an offended tone, and she went down on one knee. \'I\'m a poor man,\' the Hatter went on, very much to-night, I should like to be ashamed of yourself for asking such a simple question,\' added the Dormouse. \'Fourteenth of March, I think it would make with the next moment she appeared; but she.','2009-09-16','NR'),(188,88,4,36,'Seamless full-range circuit','Alice. \'That\'s the most confusing thing I ask! It\'s always six o\'clock now.\' A bright idea came into Alice\'s shoulder as she remembered that she looked down, was an uncomfortably sharp chin. However, she did not quite know what they\'re about!\' \'Read them,\' said the Pigeon in a very good advice, (though she very soon came upon a heap of sticks and.','1997-04-09','18+'),(189,89,6,79,'Persistent value-added architecture','White Rabbit. She was close behind us, and he\'s treading on her toes when they had been looking at the proposal. \'Then the Dormouse fell asleep instantly, and Alice thought decidedly uncivil. \'But perhaps it was too dark to see if he thought it would like the Mock Turtle. \'She can\'t explain it,\' said Five, \'and I\'ll tell him--it was for bringing.','2004-08-09','12+'),(190,90,1,145,'Front-line even-keeled intranet','CHORUS. (In which the cook and the m--\' But here, to Alice\'s side as she went on in a very truthful child; \'but little girls in my kitchen AT ALL. Soup does very well without--Maybe it\'s always pepper that had fluttered down from the Queen jumped up on tiptoe, and peeped over the list, feeling very curious thing, and longed to change the subject..','1997-01-08','6+'),(191,91,2,68,'Managed neutral migration','Alice, with a shiver. \'I beg your pardon!\' said the Lory hastily. \'I thought it over a little bottle on it, and fortunately was just going to give the hedgehog had unrolled itself, and began picking them up again with a large mushroom growing near her, she began, in rather a hard word, I will prosecute YOU.--Come, I\'ll take no denial; We must.','2009-09-28','0+'),(192,92,5,65,'Profit-focused mission-critical standardization','Alice, as the game was in such confusion that she tipped over the verses to himself: \'\"WE KNOW IT TO BE TRUE--\" that\'s the queerest thing about it.\' (The jury all looked so good, that it was quite tired of swimming about here, O Mouse!\' (Alice thought this must ever be A secret, kept from all the time when she got used to know. Let me see: four.','1993-08-18','12+'),(193,93,5,86,'Future-proofed disintermediate knowledgeuser','I should be raving mad--at least not so mad as it can talk: at any rate, there\'s no use now,\' thought Alice, \'they\'re sure to make personal remarks,\' Alice said nothing: she had finished, her sister sat still and said \'No, never\') \'--so you can find out the Fish-Footman was gone, and, by the carrier,\' she thought; \'and how funny it\'ll seem to.','1996-01-13','16+'),(194,94,5,108,'Multi-lateral leadingedge emulation','Lory, who at last she spread out her hand in hand with Dinah, and saying \"Come up again, dear!\" I shall have to ask any more questions about it, even if my head would go through,\' thought poor Alice, \'to speak to this last remark that had fluttered down from the sky! Ugh, Serpent!\' \'But I\'m NOT a serpent, I tell you, you coward!\' and at last the.','1977-04-11','18+'),(195,95,3,75,'Networked logistical software','I get SOMEWHERE,\' Alice added as an explanation; \'I\'ve none of my life.\' \'You are not the right way to hear it say, as it is.\' \'I quite agree with you,\' said Alice, swallowing down her anger as well say this), \'to go on with the birds hurried off at once, with a soldier on each side to guard him; and near the house down!\' said the Hatter. \'I deny.','2017-09-24','12+'),(196,96,6,77,'Extended 3rdgeneration contingency','King, who had been looking over their shoulders, that all the rest, Between yourself and me.\' \'That\'s the most confusing thing I know. Silence all round, if you please! \"William the Conqueror, whose cause was favoured by the prisoner to--to somebody.\' \'It must have a prize herself, you know,\' said Alice thoughtfully: \'but then--I shouldn\'t be.','1984-04-12','18+'),(197,97,5,27,'Organic background software','When I used to it!\' pleaded poor Alice in a tone of great dismay, and began singing in its sleep \'Twinkle, twinkle, twinkle, twinkle--\' and went on so long since she had peeped into the air, and came flying down upon her: she gave a little pattering of feet in the kitchen that did not appear, and after a fashion, and this Alice thought to.','1976-03-19','6+'),(198,98,4,76,'Open-architected bi-directional throughput','For he can EVEN finish, if he thought it had no reason to be rude, so she tried to get dry again: they had settled down in a hurry: a large cauldron which seemed to rise like a tunnel for some time without interrupting it. \'They must go back and see what was going to turn into a small passage, not much larger than a real nose; also its eyes.','1981-08-23','18+'),(199,99,4,113,'Re-engineered scalable array','King and the reason of that?\' \'In my youth,\' Father William replied to his ear. Alice considered a little, half expecting to see that queer little toss of her going, though she felt unhappy. \'It was a bright idea came into Alice\'s head. \'Is that the best of educations--in fact, we went to school in the face. \'I\'ll put a white one in by mistake;.','2008-11-05','16+'),(200,100,2,24,'Balanced 24hour processimprovement','Mock Turtle. \'She can\'t explain it,\' said the Footman. \'That\'s the most confusing thing I ever heard!\' \'Yes, I think I can creep under the hedge. In another moment down went Alice after it, \'Mouse dear! Do come back again, and put back into the Dormouse\'s place, and Alice looked up, and reduced the answer to it?\' said the Caterpillar, just as if.','1993-04-08','12+');
/*!40000 ALTER TABLE `title_info` ENABLE KEYS */;
UNLOCK TABLES;

--
-- Table structure for table `title_types`
--

DROP TABLE IF EXISTS `title_types`;
/*!40101 SET @saved_cs_client     = @@character_set_client */;
/*!50503 SET character_set_client = utf8mb4 */;
CREATE TABLE `title_types` (
  `id` bigint unsigned NOT NULL AUTO_INCREMENT,
  `title_type` varchar(200) NOT NULL,
  PRIMARY KEY (`id`),
  UNIQUE KEY `id` (`id`),
  UNIQUE KEY `title_type` (`title_type`)
) ENGINE=InnoDB AUTO_INCREMENT=7 DEFAULT CHARSET=utf8mb4 COLLATE=utf8mb4_0900_ai_ci;
/*!40101 SET character_set_client = @saved_cs_client */;

--
-- Dumping data for table `title_types`
--

LOCK TABLES `title_types` WRITE;
/*!40000 ALTER TABLE `title_types` DISABLE KEYS */;
INSERT INTO `title_types` VALUES (6,'Animation'),(1,'Feature Film'),(5,'Mini-Series'),(4,'Short Film'),(2,'TV Movie'),(3,'TV Series');
/*!40000 ALTER TABLE `title_types` ENABLE KEYS */;
UNLOCK TABLES;

--
-- Table structure for table `titles`
--

DROP TABLE IF EXISTS `titles`;
/*!40101 SET @saved_cs_client     = @@character_set_client */;
/*!50503 SET character_set_client = utf8mb4 */;
CREATE TABLE `titles` (
  `id` bigint unsigned NOT NULL AUTO_INCREMENT,
  `title` varchar(100) NOT NULL,
  `original_title` varchar(100) DEFAULT ' ',
  PRIMARY KEY (`id`),
  UNIQUE KEY `id` (`id`),
  KEY `title` (`title`),
  KEY `original_title` (`original_title`)
) ENGINE=InnoDB AUTO_INCREMENT=101 DEFAULT CHARSET=utf8mb4 COLLATE=utf8mb4_0900_ai_ci;
/*!40101 SET character_set_client = @saved_cs_client */;

--
-- Dumping data for table `titles`
--

LOCK TABLES `titles` WRITE;
/*!40000 ALTER TABLE `titles` DISABLE KEYS */;
INSERT INTO `titles` VALUES (1,'Greenfelder Inc','Kovacek-Gleason'),(2,'Waelchi, Reichel and Haley','Botsford, Howe and Klocko'),(3,'Roob, Dibbert and Ebert',''),(4,'Mertz, Durgan and Heaney','Ondricka, Farrell and Christiansen'),(5,'Wisozk Ltd','Boyle-Armstrong'),(6,'Stiedemann, Bernier and Ullrich','Wisozk, Haag and Schuster'),(7,'Beer-Cruickshank',''),(8,'O\'Hara-Ziemann',''),(9,'Barton, Weissnat and Ryan','Bergstrom PLC'),(10,'Cassin, Dickinson and Farrell',''),(11,'Feil-Greenholt','Rutherford LLC'),(12,'Schoen LLC','Macejkovic, Buckridge and Konopelski'),(13,'Lueilwitz, Kuhlman and Bauch','Pagac, Ruecker and Balistreri'),(14,'Cummerata, Renner and Hermiston',''),(15,'Rempel-Howell',''),(16,'Padberg-Windler',''),(17,'Stracke, Roberts and O\'Conner',''),(18,'Klocko, Hamill and Gorczany','Watsica-Wiegand'),(19,'Rutherford Inc','McClure, Kuhic and Klocko'),(20,'Dickinson, Kozey and Ryan',''),(21,'White, Kunde and Thiel','O\'Conner and Sons'),(22,'Blanda, Mueller and Lockman',''),(23,'Mueller, Hyatt and Grady',''),(24,'Kihn-Waters','Williamson-Conroy'),(25,'Gaylord, Daniel and Becker',''),(26,'Goldner Group',''),(27,'O\'Keefe, Littel and Cassin','Hilll PLC'),(28,'Jacobs, Waelchi and West',''),(29,'Daniel-Funk','Runte-Abshire'),(30,'Blanda Inc','Keebler PLC'),(31,'Cremin LLC',''),(32,'Brakus-Hand',''),(33,'Blanda-Hane','Schmidt, Kerluke and Hahn'),(34,'Smith, Gerlach and Treutel','Bashirian-Barton'),(35,'Bahringer-Pacocha',''),(36,'Gulgowski-Lindgren',''),(37,'Wilderman LLC',''),(38,'Kozey, Walter and Cremin',''),(39,'Howe LLC','Harvey, Krajcik and Carroll'),(40,'Stamm Group','Boyle Group'),(41,'Stokes-Beier','Lindgren-Nienow'),(42,'Robel, Mayer and Jast',''),(43,'Romaguera, Mann and Keeling','Swaniawski-Corkery'),(44,'Leuschke, Kertzmann and Schoen',''),(45,'Stokes-Kovacek',''),(46,'Cormier, Kiehn and Rolfson','Okuneva, Rosenbaum and Spinka'),(47,'Hyatt Inc','Dicki-West'),(48,'Goodwin Ltd','Wyman, Leffler and Block'),(49,'Muller Inc',''),(50,'Nikolaus, Boehm and Littel',''),(51,'Christiansen Inc','Ondricka PLC'),(52,'Eichmann-Gulgowski',''),(53,'Maggio and Sons',''),(54,'Schamberger Group',''),(55,'Weissnat PLC','Cormier-Stracke'),(56,'Grady LLC','Schroeder-Hills'),(57,'Stoltenberg-Witting',''),(58,'Heaney and Sons',''),(59,'Wolf-Buckridge',''),(60,'Schinner, Kilback and Gislason',''),(61,'Champlin-Walter','Cormier-Schuppe'),(62,'Feest-Parisian','Swaniawski, Smith and Blick'),(63,'Veum, Klein and Mayer',''),(64,'Green Ltd',''),(65,'Hane, Hagenes and Thiel',''),(66,'Beahan, Predovic and Grady','Parker-O\'Hara'),(67,'Williamson Group',''),(68,'Welch-Schulist','Harvey, Cronin and Boyer'),(69,'Herman, Pollich and Weber',''),(70,'Cole-Rosenbaum',''),(71,'Armstrong-Pollich','Medhurst, Kovacek and Rolfson'),(72,'Kemmer Group','Lowe, Nikolaus and Rempel'),(73,'Smith and Sons',''),(74,'Breitenberg Group','Gulgowski-McDermott'),(75,'Dach-Jacobi',''),(76,'Wisoky-Bins','Stehr-Kirlin'),(77,'Lakin-Lang',''),(78,'Wiza, Rowe and Hodkiewicz',''),(79,'Mitchell Group','Tromp, Quitzon and Barrows'),(80,'Cormier, Ebert and Witting','Hand-Bednar'),(81,'Franecki Ltd','Wilkinson-Stiedemann'),(82,'Bergnaum PLC',''),(83,'Walsh Group',''),(84,'Emard-Towne',''),(85,'Lehner LLC','O\'Kon Ltd'),(86,'Torp LLC',''),(87,'Lubowitz-Kohler','Harber, Berge and Bosco'),(88,'Crist-O\'Reilly',''),(89,'Ryan, Bartell and Stehr','Homenick-Walsh'),(90,'Hermann-Stiedemann','Carroll, Marquardt and Heidenreich'),(91,'Schaden and Sons',''),(92,'Murray Group','Hettinger, Schimmel and Schaefer'),(93,'Padberg Group',''),(94,'Mertz-Lebsack',''),(95,'Wolff, Kuhlman and Bahringer',''),(96,'White and Sons','McKenzie-Wintheiser'),(97,'Dicki, Wehner and Stokes',''),(98,'Kemmer-Goyette',''),(99,'Stokes, Hoppe and Pagac',''),(100,'Labadie-Cremin','Weissnat LLC');
/*!40000 ALTER TABLE `titles` ENABLE KEYS */;
UNLOCK TABLES;

--
-- Temporary view structure for view `titles_and_companies`
--

DROP TABLE IF EXISTS `titles_and_companies`;
/*!50001 DROP VIEW IF EXISTS `titles_and_companies`*/;
SET @saved_cs_client     = @@character_set_client;
/*!50503 SET character_set_client = utf8mb4 */;
/*!50001 CREATE VIEW `titles_and_companies` AS SELECT 
 1 AS `t_id`,
 1 AS `title`,
 1 AS `comp_id`,
 1 AS `company`*/;
SET character_set_client = @saved_cs_client;

--
-- Table structure for table `user_profiles`
--

DROP TABLE IF EXISTS `user_profiles`;
/*!40101 SET @saved_cs_client     = @@character_set_client */;
/*!50503 SET character_set_client = utf8mb4 */;
CREATE TABLE `user_profiles` (
  `id` bigint unsigned NOT NULL AUTO_INCREMENT,
  `user_id` bigint unsigned DEFAULT NULL,
  `updated_at` timestamp NULL DEFAULT CURRENT_TIMESTAMP,
  `avatar` bigint unsigned DEFAULT '1',
  `first_name` varchar(100) DEFAULT ' ',
  `last_name` varchar(100) DEFAULT ' ',
  `gender` enum('m','f','nb','ud') DEFAULT 'ud',
  `date_of_birth` date DEFAULT NULL,
  `country_id` bigint unsigned DEFAULT NULL,
  `about` varchar(350) DEFAULT ' ',
  `is_private` bit(1) DEFAULT b'0',
  PRIMARY KEY (`id`),
  UNIQUE KEY `id` (`id`),
  KEY `user_name_idx` (`first_name`,`last_name`),
  KEY `user_profiles_fk` (`user_id`),
  KEY `country_profiles_id` (`country_id`),
  CONSTRAINT `country_profiles_id` FOREIGN KEY (`country_id`) REFERENCES `countries` (`id`) ON DELETE RESTRICT ON UPDATE CASCADE,
  CONSTRAINT `user_profiles_fk` FOREIGN KEY (`user_id`) REFERENCES `users` (`id`) ON DELETE RESTRICT ON UPDATE CASCADE
) ENGINE=InnoDB AUTO_INCREMENT=101 DEFAULT CHARSET=utf8mb4 COLLATE=utf8mb4_0900_ai_ci;
/*!40101 SET character_set_client = @saved_cs_client */;

--
-- Dumping data for table `user_profiles`
--

LOCK TABLES `user_profiles` WRITE;
/*!40000 ALTER TABLE `user_profiles` DISABLE KEYS */;
INSERT INTO `user_profiles` VALUES (1,1,'2021-03-14 17:08:03',73,'Isai','Mraz','ud','1996-02-04',218,'Said cunning old Fury: \"I\'ll try the whole cause, and condemn you to leave off being arches to do with you. Mind now!\' The poor little thing was snorting like a stalk out of court! Suppress him! Pinch him! Off with his tea spoon at the Footman\'s head: it just at first, but, after watching it a violent blow underneath her chin: it had fallen into.',_binary '\0'),(2,2,'2021-03-14 17:08:03',75,'Quentin','O\'Kon','f','1977-03-06',221,'I might venture to say to itself \'The Duchess! The Duchess! Oh my fur and whiskers! She\'ll get me executed, as sure as ferrets are ferrets! Where CAN I have dropped them, I wonder?\' As she said to herself; \'I should like to show you! A little bright-eyed terrier, you know, and he hurried off. Alice thought to herself, \'if one only knew how to.',_binary '\0'),(3,3,'2021-03-14 17:08:03',48,'Dorothea','Luettgen','ud','1995-10-16',39,'Alice was beginning to write out a box of comfits, (luckily the salt water had not gone (We know it to the tarts on the door and went on all the first witness,\' said the Queen, tossing her head down to them, and he says it\'s so useful, it\'s worth a hundred pounds! He says it kills all the arches are gone from this side of the court. (As that is.',_binary ''),(4,4,'2021-03-14 17:08:03',42,'Heath','Towne','f','2011-06-10',194,'I hadn\'t quite finished my tea when I got up this morning? I almost think I may as well wait, as she could see, as she spoke. Alice did not dare to disobey, though she felt unhappy. \'It was much pleasanter at home,\' thought poor Alice, \'it would be of any that do,\' Alice hastily replied; \'at least--at least I know is, something comes at me like.',_binary ''),(5,5,'2021-03-14 17:08:03',71,'Darrel','Funk','m','1995-07-10',122,'I needn\'t be afraid of it. Presently the Rabbit angrily. \'Here! Come and help me out of THIS!\' (Sounds of more broken glass.) \'Now tell me, please, which way you can;--but I must have been a RED rose-tree, and we won\'t talk about wasting IT. It\'s HIM.\' \'I don\'t know where Dinn may be,\' said the Mock Turtle sighed deeply, and began, in a shrill,.',_binary ''),(6,6,'2021-03-14 17:08:03',71,'Nayeli','Zemlak','ud','1999-02-02',164,'VOICE OF THE SLUGGARD,\"\' said the Rabbit whispered in a low, weak voice. \'Now, I give it up,\' Alice replied: \'what\'s the answer?\' \'I haven\'t the least notice of them at last, and they went up to them to sell,\' the Hatter were having tea at it: a Dormouse was sitting on a bough of a book,\' thought Alice to herself, as she was quite impossible to.',_binary '\0'),(7,7,'2021-03-14 17:08:03',51,'Gay','Johnson','ud','2001-08-13',129,'Mock Turtle, who looked at Alice. \'I\'M not a VERY good opportunity for making her escape; so she took up the other, trying every door, she found her head made her look up in such long ringlets, and mine doesn\'t go in ringlets at all; and I\'m sure she\'s the best cat in the distance, sitting sad and lonely on a branch of a muchness?\' \'Really, now.',_binary '\0'),(8,8,'2021-03-14 17:08:03',27,'Cassie','Bernier','ud','2010-04-05',228,'I suppose, by being drowned in my time, but never ONE with such sudden violence that Alice had no idea what a Mock Turtle replied in a rather offended tone, \'so I should say what you had been broken to pieces. \'Please, then,\' said the Mouse heard this, it turned round and look up and bawled out, \"He\'s murdering the time! Off with his tea spoon at.',_binary ''),(9,9,'2021-03-14 17:08:03',88,'Roxane','Davis','f','2018-12-08',194,'CHAPTER VI. Pig and Pepper For a minute or two to think to herself, \'Which way? Which way?\', holding her hand in hand, in couples: they were getting extremely small for a minute, trying to box her own ears for having cheated herself in the air. Even the Duchess asked, with another dig of her head pressing against the roof of the country is, you.',_binary ''),(10,10,'2021-03-14 17:08:03',27,'Tania','Schmeler','f','1997-08-17',174,'Queen ordering off her knowledge, as there was Mystery,\' the Mock Turtle with a little while, however, she again heard a little wider. \'Come, it\'s pleased so far,\' thought Alice, \'and if it thought that SOMEBODY ought to be ashamed of yourself for asking such a thing before, but she added, \'and the moral of that is, but I think that there was no.',_binary '\0'),(11,11,'2021-03-14 17:08:03',63,'Selina','Koelpin','f','1975-02-18',167,'Alice heard it before,\' said Alice,) and round Alice, every now and then she looked up eagerly, half hoping that the cause of this elegant thimble\'; and, when it saw mine coming!\' \'How do you call him Tortoise--\' \'Why did you begin?\' The Hatter opened his eyes. \'I wasn\'t asleep,\' he said to Alice. \'Only a thimble,\' said Alice indignantly. \'Ah!.',_binary ''),(12,12,'2021-03-14 17:08:03',18,'Kathryn','Carter','m','2011-03-10',208,'It\'s enough to look down and began singing in its sleep \'Twinkle, twinkle, twinkle, twinkle--\' and went in. The door led right into a pig, my dear,\' said Alice, \'but I must have been ill.\' \'So they were,\' said the Caterpillar. Alice folded her hands, and began:-- \'You are not the right way of settling all difficulties, great or small. \'Off with.',_binary '\0'),(13,13,'2021-03-14 17:08:03',81,'Jakayla','Bogisich','ud','2009-11-23',94,'They were indeed a queer-looking party that assembled on the floor, and a great letter, nearly as she did not appear, and after a few minutes to see what I used to read fairy-tales, I fancied that kind of thing never happened, and now here I am very tired of swimming about here, O Mouse!\' (Alice thought this a very small cake, on which the cook.',_binary ''),(14,14,'2021-03-14 17:08:03',52,'Evelyn','Kuphal','nb','2004-09-10',157,'I think you\'d better ask HER about it.\' \'She\'s in prison,\' the Queen say only yesterday you deserved to be ashamed of yourself for asking such a puzzled expression that she was now about a whiting to a mouse: she had not gone much farther before she found herself falling down a good deal to ME,\' said Alice as she came rather late, and the roof.',_binary ''),(15,15,'2021-03-14 17:08:03',5,'Dane','Braun','nb','2010-07-22',7,'Dinah stop in the sea!\' cried the Mouse, sharply and very angrily. \'A knot!\' said Alice, rather alarmed at the Cat\'s head began fading away the time. Alice had no idea what a delightful thing a Lobster Quadrille The Mock Turtle in a long, low hall, which was a paper label, with the next thing was to eat or drink under the table: she opened the.',_binary '\0'),(16,16,'2021-03-14 17:08:03',45,'Justine','Conn','f','1988-01-17',28,'March Hare said to the Dormouse, not choosing to notice this question, but hurriedly went on, \'and most of \'em do.\' \'I don\'t know what to say which), and they lived at the top of it. Presently the Rabbit came near her, about the whiting!\' \'Oh, as to size,\' Alice hastily replied; \'only one doesn\'t like changing so often, of course had to run back.',_binary ''),(17,17,'2021-03-14 17:08:03',82,'Russell','Donnelly','m','2010-12-29',98,'King. (The jury all wrote down all three dates on their backs was the same tone, exactly as if he thought it would,\' said the Gryphon. \'Turn a somersault in the middle of her age knew the right size to do THAT in a piteous tone. And the Gryphon said, in a deep sigh, \'I was a table, with a soldier on each side to guard him; and near the right.',_binary ''),(18,18,'2021-03-14 17:08:03',12,'Korey','Jacobi','ud','2013-09-24',46,'Pepper For a minute or two, it was a large cauldron which seemed to have got in as well,\' the Hatter was out of the baby?\' said the King, \'that only makes the world go round!\"\' \'Somebody said,\' Alice whispered, \'that it\'s done by everybody minding their own business!\' \'Ah, well! It means much the most interesting, and perhaps after all it might.',_binary ''),(19,19,'2021-03-14 17:08:03',3,'Kristian','Quigley','f','2014-11-12',204,'There was no label this time it vanished quite slowly, beginning with the tea,\' the Hatter went on, \'you see, a dog growls when it\'s pleased. Now I growl when I\'m pleased, and wag my tail when I\'m pleased, and wag my tail when it\'s angry, and wags its tail when it\'s angry, and wags its tail about in the middle. Alice kept her waiting!\' Alice felt.',_binary ''),(20,20,'2021-03-14 17:08:03',84,'Britney','Pfeffer','nb','1993-07-10',129,'AND WASHING--extra.\"\' \'You couldn\'t have done just as well as she could see, as she spoke. (The unfortunate little Bill had left off writing on his spectacles. \'Where shall I begin, please your Majesty!\' the Duchess was VERY ugly; and secondly, because she was a large flower-pot that stood near. The three soldiers wandered about for a minute,.',_binary '\0'),(21,21,'2021-03-14 17:08:03',50,'Emery','Hamill','nb','1987-09-09',145,'Knave, \'I didn\'t mean it!\' pleaded poor Alice. \'But you\'re so easily offended!\' \'You\'ll get used up.\' \'But what did the Dormouse fell asleep instantly, and Alice was soon left alone. \'I wish I hadn\'t drunk quite so much!\' said Alice, seriously, \'I\'ll have nothing more to come, so she turned the corner, but the three were all in bed!\' On various.',_binary ''),(22,22,'2021-03-14 17:08:03',39,'Soledad','Lindgren','m','1974-11-06',109,'Alice, always ready to play croquet with the bread-and-butter getting so far off). \'Oh, my poor hands, how is it I can\'t see you?\' She was walking by the time she went on, without attending to her; \'but those serpents! There\'s no pleasing them!\' Alice was only a pack of cards, after all. I needn\'t be afraid of interrupting him,) \'I\'ll give him.',_binary ''),(23,23,'2021-03-14 17:08:03',23,'Nelle','Bruen','ud','1990-01-16',82,'She drew her foot slipped, and in another moment, splash! she was surprised to see you any more!\' And here poor Alice in a tone of this rope--Will the roof bear?--Mind that loose slate--Oh, it\'s coming down! Heads below!\' (a loud crash)--\'Now, who did that?--It was Bill, the Lizard) could not remember the simple rules their friends had taught.',_binary '\0'),(24,24,'2021-03-14 17:08:03',34,'Leonardo','Cummerata','f','1989-12-08',74,'And how odd the directions will look! ALICE\'S RIGHT FOOT, ESQ. HEARTHRUG, NEAR THE FENDER, (WITH ALICE\'S LOVE). Oh dear, what nonsense I\'m talking!\' Just then she noticed that one of them say, \'Look out now, Five! Don\'t go splashing paint over me like that!\' By this time with the end of trials, \"There was some attempts at applause, which was full.',_binary ''),(25,25,'2021-03-14 17:08:03',69,'Arnulfo','Keebler','nb','2018-12-11',11,'And how odd the directions will look! ALICE\'S RIGHT FOOT, ESQ. HEARTHRUG, NEAR THE FENDER, (WITH ALICE\'S LOVE). Oh dear, what nonsense I\'m talking!\' Just then she remembered trying to touch her. \'Poor little thing!\' It did so indeed, and much sooner than she had accidentally upset the week before. \'Oh, I know!\' exclaimed Alice, who was trembling.',_binary ''),(26,26,'2021-03-14 17:08:03',70,'Beryl','Huels','nb','2006-11-06',220,'English!\' said the Pigeon in a whisper, half afraid that she was always ready to sink into the garden, called out to sea. So they went up to the Classics master, though. He was an old conger-eel, that used to call him Tortoise--\' \'Why did they draw?\' said Alice, and tried to say \'Drink me,\' but the Hatter with a whiting. Now you know.\' \'Not the.',_binary ''),(27,27,'2021-03-14 17:08:03',18,'Jules','Mueller','nb','1990-04-10',118,'And the Gryphon interrupted in a great hurry; \'and their names were Elsie, Lacie, and Tillie; and they lived at the flowers and those cool fountains, but she did not dare to disobey, though she felt sure she would feel very sleepy and stupid), whether the pleasure of making a daisy-chain would be wasting our breath.\" \"I\'ll be judge, I\'ll be.',_binary ''),(28,28,'2021-03-14 17:08:03',78,'Marge','Borer','m','1999-01-22',179,'Majesty?\' he asked. \'Begin at the mushroom for a baby: altogether Alice did not like to see what was on the twelfth?\' Alice went on, spreading out the proper way of keeping up the fan she was quite pleased to have any rules in particular; at least, if there are, nobody attends to them--and you\'ve no idea what you\'re doing!\' cried Alice, with a.',_binary '\0'),(29,29,'2021-03-14 17:08:03',65,'Lester','Halvorson','nb','2019-10-28',67,'Hatter. \'You might just as she could. \'The game\'s going on between the executioner, the King, looking round the neck of the window, and some of YOUR adventures.\' \'I could tell you more than three.\' \'Your hair wants cutting,\' said the Mock Turtle sighed deeply, and drew the back of one flapper across his eyes. \'I wasn\'t asleep,\' he said in a long,.',_binary '\0'),(30,30,'2021-03-14 17:08:03',57,'Jedediah','Murazik','ud','1979-12-04',7,'There were doors all round her, about the same thing as \"I sleep when I got up this morning, but I grow up, I\'ll write one--but I\'m grown up now,\' she said, \'and see whether it\'s marked \"poison\" or not\'; for she had read several nice little dog near our house I should think!\' (Dinah was the BEST butter,\' the March Hare went \'Sh! sh!\' and the.',_binary ''),(31,31,'2021-03-14 17:08:03',78,'Destiny','Barrows','nb','2005-06-11',3,'Dodo. Then they all stopped and looked at the Caterpillar\'s making such a hurry to change the subject of conversation. While she was beginning to see the Hatter and the arm that was said, and went to the Mock Turtle with a lobster as a lark, And will talk in contemptuous tones of her hedgehog. The hedgehog was engaged in a very curious thing, and.',_binary '\0'),(32,32,'2021-03-14 17:08:03',5,'Vinnie','Mueller','m','1973-07-27',237,'Alice. \'I\'ve so often read in the sand with wooden spades, then a voice she had found her way into that lovely garden. I think I must sugar my hair.\" As a duck with its arms and frowning at the number of bathing machines in the other. In the very middle of one! There ought to have the experiment tried. \'Very true,\' said the King. \'Shan\'t,\' said.',_binary '\0'),(33,33,'2021-03-14 17:08:03',56,'Joy','Stanton','f','1986-03-14',20,'After a time there were TWO little shrieks, and more puzzled, but she ran with all their simple sorrows, and find a pleasure in all their simple sorrows, and find a pleasure in all their simple sorrows, and find a pleasure in all directions, \'just like a frog; and both footmen, Alice noticed, had powdered hair that WOULD always get into the.',_binary '\0'),(34,34,'2021-03-14 17:08:03',75,'Parker','Harber','nb','2008-09-27',180,'Queen: so she went in search of her going, though she felt a very grave voice, \'until all the right height to be.\' \'It is wrong from beginning to feel very uneasy: to be sure, she had put the hookah out of the e--e--evening, Beautiful, beautiful Soup!\' CHAPTER XI. Who Stole the Tarts? The King and Queen of Hearts, who only bowed and smiled in.',_binary '\0'),(35,35,'2021-03-14 17:08:03',22,'Dovie','Harber','ud','2017-06-19',112,'Alice! Come here directly, and get ready to make ONE respectable person!\' Soon her eye fell upon a Gryphon, lying fast asleep in the house, \"Let us both go to law: I will tell you more than that, if you wouldn\'t mind,\' said Alice: \'three inches is such a capital one for catching mice--oh, I beg your pardon,\' said Alice more boldly: \'you know.',_binary '\0'),(36,36,'2021-03-14 17:08:03',55,'Garth','Emmerich','m','1991-07-01',80,'HAVE tasted eggs, certainly,\' said Alice, in a wondering tone. \'Why, what are YOUR shoes done with?\' said the Gryphon, and, taking Alice by the time it all came different!\' the Mock Turtle, \'they--you\'ve seen them, of course?\' \'Yes,\' said Alice in a shrill, passionate voice. \'Would YOU like cats if you like,\' said the Duck. \'Found IT,\' the Mouse.',_binary '\0'),(37,37,'2021-03-14 17:08:03',11,'Ocie','O\'Hara','m','1983-06-14',112,'Queen. \'It proves nothing of tumbling down stairs! How brave they\'ll all think me for his housemaid,\' she said to herself, (not in a very deep well. Either the well was very like a thunderstorm. \'A fine day, your Majesty!\' the soldiers remaining behind to execute the unfortunate gardeners, who ran to Alice as she spoke; \'either you or your head.',_binary ''),(38,38,'2021-03-14 17:08:03',85,'Giovanni','McLaughlin','f','2012-02-27',54,'Queen said--\' \'Get to your tea; it\'s getting late.\' So Alice got up this morning? I almost think I should frighten them out again. That\'s all.\' \'Thank you,\' said the Cat said, waving its right ear and left foot, so as to go with the day and night! You see the Mock Turtle repeated thoughtfully. \'I should like to go down--Here, Bill! the master.',_binary '\0'),(39,39,'2021-03-14 17:08:03',11,'Margarete','Herzog','ud','2017-12-02',43,'There was a very curious to know your history, you know,\' the Mock Turtle said with some surprise that the hedgehog a blow with its tongue hanging out of court! Suppress him! Pinch him! Off with his head!\' or \'Off with their heads down! I am to see that she was about a whiting to a day-school, too,\' said Alice; \'I can\'t remember things as I do,\'.',_binary '\0'),(40,40,'2021-03-14 17:08:03',4,'May','Gutkowski','f','2004-02-11',2,'Duchess said to the voice of the jurors were writing down \'stupid things!\' on their hands and feet at the top of its mouth, and addressed her in the beautiful garden, among the trees upon her face. \'Very,\' said Alice: \'allow me to sell you a song?\' \'Oh, a song, please, if the Mock Turtle at last, with a melancholy tone: \'it doesn\'t seem to put it.',_binary ''),(41,41,'2021-03-14 17:08:03',34,'Kurt','Runte','f','1985-12-24',27,'I\'m not the smallest idea how to set them free, Exactly as we were. My notion was that you had been looking at everything about her, to pass away the moment he was speaking, so that it seemed quite natural to Alice to herself. Imagine her surprise, when the White Rabbit put on his spectacles and looked at it again: but he could go. Alice took up.',_binary ''),(42,42,'2021-03-14 17:08:03',5,'Shannon','Greenfelder','nb','1986-04-07',13,'French lesson-book. The Mouse only growled in reply. \'That\'s right!\' shouted the Queen, and Alice, were in custody and under sentence of execution. Then the Queen said to the croquet-ground. The other guests had taken his watch out of sight. Alice remained looking thoughtfully at the March Hare. The Hatter opened his eyes very wide on hearing.',_binary ''),(43,43,'2021-03-14 17:08:03',68,'Mckenna','Block','ud','1984-04-26',177,'Come on!\' So they got settled down in a frightened tone. \'The Queen of Hearts, he stole those tarts, And took them quite away!\' \'Consider your verdict,\' the King replied. Here the Queen said--\' \'Get to your little boy, And beat him when he finds out who was trembling down to them, and considered a little, half expecting to see you any more!\' And.',_binary ''),(44,44,'2021-03-14 17:08:03',75,'Lester','McGlynn','m','2018-07-11',141,'Queen: so she turned to the jury, who instantly made a dreadfully ugly child: but it was as long as I get SOMEWHERE,\' Alice added as an unusually large saucepan flew close by it, and they repeated their arguments to her, \'if we had the best way to change the subject. \'Ten hours the first sentence in her pocket, and was just possible it had.',_binary ''),(45,45,'2021-03-14 17:08:03',16,'Kamille','Koss','m','1998-02-06',68,'YOUR temper!\' \'Hold your tongue!\' said the Mock Turtle is.\' \'It\'s the thing at all. \'But perhaps it was done. They had not gone much farther before she found she had felt quite unhappy at the other side will make you dry enough!\' They all made of solid glass; there was not going to be, from one of the window, and on it in asking riddles that have.',_binary '\0'),(46,46,'2021-03-14 17:08:03',75,'Dan','Leuschke','m','1976-10-17',19,'Queen added to one of the Queen put on your shoes and stockings for you now, dears? I\'m sure she\'s the best way you have just been reading about; and when she turned the corner, but the three gardeners, but she had been found and handed back to my boy, I beat him when he sneezes; For he can EVEN finish, if he would deny it too: but the wise.',_binary ''),(47,47,'2021-03-14 17:08:03',100,'Rosie','Kertzmann','m','2019-08-05',13,'I used to call him Tortoise, if he wasn\'t going to give the hedgehog a blow with its eyelids, so he with his head!\' or \'Off with his head!\' or \'Off with his tea spoon at the frontispiece if you cut your finger VERY deeply with a sudden leap out of the bill, \"French, music, AND WASHING--extra.\"\' \'You couldn\'t have done just as she said this last.',_binary '\0'),(48,48,'2021-03-14 17:08:03',16,'Retha','Feeney','m','1997-06-17',27,'The further off from England the nearer is to France-- Then turn not pale, beloved snail, but come and join the dance. So they went up to her to carry it further. So she stood looking at the March Hare. \'He denies it,\' said Five, \'and I\'ll tell you what year it is?\' \'Of course it is,\' said the Dormouse; \'VERY ill.\' Alice tried to curtsey as she.',_binary '\0'),(49,49,'2021-03-14 17:08:03',63,'Maureen','Boyer','ud','1983-09-22',70,'King, \'that only makes the matter worse. You MUST have meant some mischief, or else you\'d have signed your name like an arrow. The Cat\'s head began fading away the time. Alice had no idea what Latitude was, or Longitude I\'ve got back to the whiting,\' said Alice, \'we learned French and music.\' \'And washing?\' said the Mock Turtle. Alice was just.',_binary '\0'),(50,50,'2021-03-14 17:08:03',99,'Makayla','Runolfsdottir','nb','1972-02-04',51,'I was thinking I should frighten them out again. The rabbit-hole went straight on like a serpent. She had just begun to repeat it, but her head to hide a smile: some of the sort. Next came an angry tone, \'Why, Mary Ann, what ARE you talking to?\' said one of the bottle was a large flower-pot that stood near. The three soldiers wandered about for a.',_binary ''),(51,51,'2021-03-14 17:08:03',24,'Cale','Marvin','m','2011-03-09',109,'White Rabbit cried out, \'Silence in the middle of one! There ought to tell you--all I know all the arches are gone from this side of WHAT?\' thought Alice; \'but a grin without a grin,\' thought Alice; \'only, as it\'s asleep, I suppose Dinah\'ll be sending me on messages next!\' And she squeezed herself up and picking the daisies, when suddenly a White.',_binary '\0'),(52,52,'2021-03-14 17:08:03',100,'Jayda','O\'Hara','m','2009-03-29',11,'NOT a serpent!\' said Alice timidly. \'Would you tell me,\' said Alice, as she could, for the Dormouse,\' thought Alice; \'I daresay it\'s a set of verses.\' \'Are they in the common way. So they couldn\'t get them out with his head!\' or \'Off with her head!\' the Queen till she heard a little of her skirt, upsetting all the other side of the baby?\' said.',_binary ''),(53,53,'2021-03-14 17:08:03',56,'Pierce','Hilll','m','2002-09-16',206,'VERY remarkable in that; nor did Alice think it was,\' the March Hare said--\' \'I didn\'t!\' the March Hare. \'Yes, please do!\' but the tops of the house down!\' said the King. (The jury all looked so grave and anxious.) Alice could hardly hear the Rabbit asked. \'No, I didn\'t,\' said Alice: \'I don\'t know what it might end, you know,\' said the.',_binary '\0'),(54,54,'2021-03-14 17:08:03',64,'Ray','Greenholt','f','1982-11-23',151,'I can creep under the hedge. In another minute there was room for her. \'Yes!\' shouted Alice. \'Come on, then,\' said the Cat: \'we\'re all mad here. I\'m mad. You\'re mad.\' \'How do you want to see it written down: but I THINK I can reach the key; and if it makes rather a complaining tone, \'and they all crowded round it, panting, and asking, \'But who is.',_binary ''),(55,55,'2021-03-14 17:08:03',58,'Tara','Fritsch','ud','2017-06-26',67,'Alice. \'Now we shall have to go from here?\' \'That depends a good deal to come once a week: HE taught us Drawling, Stretching, and Fainting in Coils.\' \'What was THAT like?\' said Alice. \'That\'s the most confusing thing I know. Silence all round, if you don\'t know what \"it\" means well enough, when I sleep\" is the capital of Paris, and Paris is the.',_binary ''),(56,56,'2021-03-14 17:08:03',83,'Ryleigh','Sporer','nb','1988-08-06',175,'Nile On every golden scale! \'How cheerfully he seems to be two people. \'But it\'s no use their putting their heads downward! The Antipathies, I think--\' (for, you see, so many out-of-the-way things to happen, that it would be like, but it just missed her. Alice caught the flamingo and brought it back, the fight was over, and both creatures hid.',_binary '\0'),(57,57,'2021-03-14 17:08:03',94,'Pinkie','Kuvalis','f','2020-03-30',238,'I? Ah, THAT\'S the great question is, what did the Dormouse into the wood. \'It\'s the oldest rule in the distance, and she sat down in a furious passion, and went on: \'--that begins with an important air, \'are you all ready? This is the driest thing I ever heard!\' \'Yes, I think you\'d better finish the story for yourself.\' \'No, please go on!\' Alice.',_binary ''),(58,58,'2021-03-14 17:08:03',62,'Candace','Casper','m','2011-02-10',119,'I\'ll write one--but I\'m grown up now,\' she said, without opening its eyes, \'Of course, of course; just what I like\"!\' \'You might just as the soldiers shouted in reply. \'Please come back with the Duchess, the Duchess! Oh! won\'t she be savage if I\'ve kept her waiting!\' Alice felt a little startled by seeing the Cheshire Cat sitting on the floor: in.',_binary '\0'),(59,59,'2021-03-14 17:08:03',89,'Lauryn','Schaefer','m','1971-08-25',162,'Alice noticed with some severity; \'it\'s very rude.\' The Hatter shook his head mournfully. \'Not I!\' said the Cat, as soon as there was no longer to be managed? I suppose I ought to go after that into a sort of a well--\' \'What did they draw the treacle from?\' \'You can draw water out of sight before the officer could get away without being invited,\'.',_binary ''),(60,60,'2021-03-14 17:08:03',14,'Linda','Kreiger','f','1981-04-15',61,'Majesty,\' he began. \'You\'re a very decided tone: \'tell her something worth hearing. For some minutes it seemed quite dull and stupid for life to go and get ready to sink into the earth. Let me see: that would be quite absurd for her neck from being run over; and the whole cause, and condemn you to offer it,\' said Alice aloud, addressing nobody in.',_binary '\0'),(61,61,'2021-03-14 17:08:03',67,'Gerry','Zieme','nb','1999-02-12',54,'Alice, timidly; \'some of the fact. \'I keep them to sell,\' the Hatter was the White Rabbit, \'and that\'s a fact.\' Alice did not dare to disobey, though she knew that were of the trees had a vague sort of way to fly up into a line along the passage into the wood to listen. The Fish-Footman began by producing from under his arm a great many more than.',_binary '\0'),(62,62,'2021-03-14 17:08:03',56,'Hilton','Schmidt','ud','2000-07-15',86,'At last the Mock Turtle: \'why, if a fish came to the table, but there were any tears. No, there were TWO little shrieks, and more faintly came, carried on the glass table and the moment she quite forgot you didn\'t sign it,\' said the March Hare went on. Her listeners were perfectly quiet till she was surprised to find herself still in sight,.',_binary ''),(63,63,'2021-03-14 17:08:03',90,'Triston','Cremin','nb','2014-08-09',59,'Alice was a sound of many footsteps, and Alice guessed in a shrill, loud voice, and the party went back for a little pattering of feet on the top of her or of anything else. CHAPTER V. Advice from a bottle marked \'poison,\' it is to find my way into a butterfly, I should think you can find them.\' As she said this, she looked down into its mouth.',_binary '\0'),(64,64,'2021-03-14 17:08:03',57,'Tyler','Greenfelder','ud','1985-07-08',183,'.',_binary ''),(65,65,'2021-03-14 17:08:03',46,'Eleazar','Koch','nb','2016-06-04',145,'Duchess, the Duchess! Oh! won\'t she be savage if I\'ve been changed several times since then.\' \'What do you know the song, perhaps?\' \'I\'ve heard something like this:-- \'Fury said to herself \'It\'s the first figure,\' said the King, who had spoken first. \'That\'s none of them bowed low. \'Would you tell me,\' said Alice, \'we learned French and music.\'.',_binary ''),(66,66,'2021-03-14 17:08:03',82,'Jeanette','Jones','f','1994-09-09',194,'Bill! I wouldn\'t be so kind,\' Alice replied, rather shyly, \'I--I hardly know, sir, just at first, but, after watching it a minute or two, which gave the Pigeon in a low, trembling voice. \'There\'s more evidence to come once a week: HE taught us Drawling, Stretching, and Fainting in Coils.\' \'What was that?\' inquired Alice. \'Reeling and Writhing, of.',_binary '\0'),(67,67,'2021-03-14 17:08:03',94,'Clarabelle','Jenkins','m','1988-02-03',181,'The Rabbit Sends in a shrill, loud voice, and see that she had gone through that day. \'A likely story indeed!\' said the Hatter. \'Nor I,\' said the King. The next thing was snorting like a Jack-in-the-box, and up I goes like a snout than a pig, my dear,\' said Alice, as she went back to the Dormouse, who was trembling down to nine inches high..',_binary '\0'),(68,68,'2021-03-14 17:08:03',84,'Juanita','Monahan','m','1979-06-09',196,'I\'ll have you executed, whether you\'re nervous or not.\' \'I\'m a poor man,\' the Hatter began, in a voice outside, and stopped to listen. The Fish-Footman began by taking the little golden key was too dark to see if she were saying lessons, and began smoking again. This time there were three little sisters,\' the Dormouse again, so that by the way,.',_binary ''),(69,69,'2021-03-14 17:08:03',66,'Mose','Schowalter','nb','2013-03-05',157,'Alice had been (Before she had nibbled some more tea,\' the March Hare went \'Sh! sh!\' and the whole place around her became alive with the game,\' the Queen said to herself, \'if one only knew the name of the singers in the sea, \'and in that ridiculous fashion.\' And he got up this morning, but I hadn\'t cried so much!\' Alas! it was a large canvas.',_binary ''),(70,70,'2021-03-14 17:08:03',10,'Tatum','Oberbrunner','nb','2008-03-06',136,'Cheshire Cat sitting on the Duchess\'s cook. She carried the pepper-box in her own children. \'How should I know?\' said Alice, who felt very lonely and low-spirited. In a little startled when she went on. \'I do,\' Alice said nothing: she had found her head impatiently; and, turning to Alice: he had to pinch it to the beginning of the house, and have.',_binary '\0'),(71,71,'2021-03-14 17:08:03',59,'Mortimer','Vandervort','f','2005-02-23',111,'ME,\' but nevertheless she uncorked it and put it more clearly,\' Alice replied very politely, \'if I had it written up somewhere.\' Down, down, down. There was a general chorus of \'There goes Bill!\' then the puppy began a series of short charges at the top of her own ears for having cheated herself in a day or two: wouldn\'t it be murder to leave off.',_binary ''),(72,72,'2021-03-14 17:08:03',22,'Alisa','Ernser','nb','1974-04-16',153,'King added in a great deal of thought, and it put more simply--\"Never imagine yourself not to be seen--everything seemed to be a footman because he was obliged to have any pepper in my life!\' Just as she could, and soon found an opportunity of adding, \'You\'re looking for it, you know--\' She had not the same, shedding gallons of tears, \'I do wish.',_binary '\0'),(73,73,'2021-03-14 17:08:03',45,'Aric','Brekke','ud','2002-04-06',92,'Latin Grammar, \'A mouse--of a mouse--to a mouse--a mouse--O mouse!\') The Mouse gave a sudden burst of tears, but said nothing. \'This here young lady,\' said the Cat; and this Alice would not open any of them. However, on the trumpet, and then she remembered that she was now about two feet high: even then she noticed a curious appearance in the.',_binary ''),(74,74,'2021-03-14 17:08:03',12,'Damien','Roob','m','1990-10-01',198,'I needn\'t be so proud as all that.\' \'Well, it\'s got no sorrow, you know. So you see, as she went on. \'We had the best way you can;--but I must have been that,\' said the Mock Turtle sighed deeply, and began, in a piteous tone. And she thought it must be shutting up like a writing-desk?\' \'Come, we shall have to ask them what the next question is,.',_binary '\0'),(75,75,'2021-03-14 17:08:03',19,'Howell','Jerde','f','1971-12-27',25,'SOME change in my life!\' Just as she listened, or seemed to follow, except a tiny golden key, and unlocking the door opened inwards, and Alice\'s first thought was that you think you could draw treacle out of a treacle-well--eh, stupid?\' \'But they were nice grand words to say.) Presently she began again. \'I should like to drop the jar for fear of.',_binary ''),(76,76,'2021-03-14 17:08:03',21,'Velda','Greenholt','ud','1971-09-05',22,'RED rose-tree, and we won\'t talk about wasting IT. It\'s HIM.\' \'I don\'t know what a wonderful dream it had gone. \'Well! I\'ve often seen a cat without a great many more than that, if you want to stay with it as you can--\' \'Swim after them!\' screamed the Pigeon. \'I\'m NOT a serpent, I tell you!\' said Alice. \'Of course you don\'t!\' the Hatter said,.',_binary ''),(77,77,'2021-03-14 17:08:03',80,'Mason','Bins','nb','1974-09-13',156,'I hadn\'t mentioned Dinah!\' she said to the Queen. \'Can you play croquet?\' The soldiers were always getting up and beg for its dinner, and all dripping wet, cross, and uncomfortable. The moment Alice appeared, she was beginning to grow larger again, and made a snatch in the prisoner\'s handwriting?\' asked another of the suppressed guinea-pigs,.',_binary '\0'),(78,78,'2021-03-14 17:08:03',80,'Marquis','McKenzie','ud','2014-08-04',1,'Alice rather unwillingly took the place where it had lost something; and she did not like to hear the name of the shelves as she had never heard of \"Uglification,\"\' Alice ventured to ask. \'Suppose we change the subject,\' the March Hare was said to herself. \'Shy, they seem to dry me at all.\' \'In that case,\' said the Mock Turtle, suddenly dropping.',_binary ''),(79,79,'2021-03-14 17:08:03',7,'Virginie','Batz','f','1977-02-23',172,'That your eye was as long as it went, as if it had finished this short speech, they all stopped and looked at her, and she went on in a great hurry, muttering to itself \'Then I\'ll go round and swam slowly back again, and said, \'So you did, old fellow!\' said the Duchess; \'and that\'s a fact.\' Alice did not get hold of it; and as the large birds.',_binary '\0'),(80,80,'2021-03-14 17:08:03',88,'Sincere','Kuhn','nb','2006-07-18',54,'Alice kept her waiting!\' Alice felt a violent blow underneath her chin: it had entirely disappeared; so the King said, turning to the tarts on the bank--the birds with draggled feathers, the animals with their heads!\' and the three were all locked; and when she was out of this rope--Will the roof off.\' After a time she saw them, they were lying.',_binary '\0'),(81,81,'2021-03-14 17:08:03',25,'Mitchel','Lesch','f','2013-06-03',127,'I shall think nothing of the court. (As that is rather a handsome pig, I think.\' And she began fancying the sort of present!\' thought Alice. The King laid his hand upon her arm, with its legs hanging down, but generally, just as she went on. Her listeners were perfectly quiet till she had read about them in books, and she went on planning to.',_binary '\0'),(82,82,'2021-03-14 17:08:03',2,'Orlando','Runolfsson','m','1994-03-18',229,'Hatter went on, \'you see, a dog growls when it\'s angry, and wags its tail about in the distance, and she jumped up on to her usual height. It was so much surprised, that for the garden!\' and she walked off, leaving Alice alone with the bones and the King triumphantly, pointing to the fifth bend, I think?\' he said in a court of justice before, but.',_binary ''),(83,83,'2021-03-14 17:08:03',55,'Darrell','Cormier','nb','2010-06-27',9,'Queen never left off staring at the stick, and made another rush at Alice for protection. \'You shan\'t be beheaded!\' \'What for?\' said Alice. \'Why not?\' said the Dormouse, who seemed to have him with them,\' the Mock Turtle. \'Certainly not!\' said Alice angrily. \'It wasn\'t very civil of you to death.\"\' \'You are old,\' said the White Rabbit was no.',_binary '\0'),(84,84,'2021-03-14 17:08:03',14,'Presley','Hartmann','ud','1983-01-20',75,'For instance, suppose it doesn\'t understand English,\' thought Alice; \'but when you come to the jury. They were just beginning to grow to my right size: the next witness.\' And he got up in great disgust, and walked off; the Dormouse said--\' the Hatter began, in a tone of delight, and rushed at the end of the court,\" and I had not gone much farther.',_binary ''),(85,85,'2021-03-14 17:08:03',86,'Jaime','Carter','f','2012-10-23',152,'The Gryphon sat up and ran the faster, while more and more faintly came, carried on the English coast you find a pleasure in all directions, tumbling up against each other; however, they got their tails in their mouths; and the whole court was a body to cut it off from: that he shook his grey locks, \'I kept all my life!\' Just as she added, to.',_binary '\0'),(86,86,'2021-03-14 17:08:03',91,'Arnulfo','Labadie','nb','1992-01-29',136,'Cat, and vanished again. Alice waited a little, and then added them up, and began by taking the little golden key and hurried off at once in the pool of tears which she concluded that it was too dark to see if he had never done such a thing as \"I sleep when I breathe\"!\' \'It IS a Caucus-race?\' said Alice; \'living at the bottom of a bottle. They.',_binary '\0'),(87,87,'2021-03-14 17:08:03',19,'Emmanuel','Schowalter','ud','1986-12-25',27,'Alice looked up, but it was getting very sleepy; \'and they drew all manner of things--everything that begins with a sigh: \'it\'s always tea-time, and we\'ve no time to begin at HIS time of life. The King\'s argument was, that she still held the pieces of mushroom in her hands, and began:-- \'You are old,\' said the King. (The jury all wrote down on.',_binary '\0'),(88,88,'2021-03-14 17:08:03',25,'Kacey','Wunsch','ud','1974-03-26',66,'Alice remarked. \'Oh, you can\'t think! And oh, my poor little thing was snorting like a steam-engine when she was in confusion, getting the Dormouse denied nothing, being fast asleep. \'After that,\' continued the Pigeon, raising its voice to its children, \'Come away, my dears! It\'s high time you were all in bed!\' On various pretexts they all.',_binary '\0'),(89,89,'2021-03-14 17:08:03',85,'Green','Gleichner','nb','1970-06-03',24,'Alice, quite forgetting her promise. \'Treacle,\' said the Duchess; \'and that\'s a fact.\' Alice did not appear, and after a few minutes to see the Hatter continued, \'in this way:-- \"Up above the world go round!\"\' \'Somebody said,\' Alice whispered, \'that it\'s done by everybody minding their own business,\' the Duchess sang the second thing is to.',_binary '\0'),(90,90,'2021-03-14 17:08:03',9,'Laney','Yost','nb','1998-04-08',50,'HE taught us Drawling, Stretching, and Fainting in Coils.\' \'What was THAT like?\' said Alice. \'I\'m a--I\'m a--\' \'Well! WHAT are you?\' And then a great hurry. \'You did!\' said the voice. \'Fetch me my gloves this moment!\' Then came a rumbling of little cartwheels, and the Hatter were having tea at it: a Dormouse was sitting on the OUTSIDE.\' He.',_binary '\0'),(91,91,'2021-03-14 17:08:03',86,'Betsy','Borer','ud','1988-08-25',186,'Alice had no idea how to set them free, Exactly as we were. My notion was that it was a queer-shaped little creature, and held out its arms folded, quietly smoking a long argument with the Lory, with a sudden burst of tears, but said nothing. \'This here young lady,\' said the Mock Turtle sighed deeply, and drew the back of one flapper across his.',_binary '\0'),(92,92,'2021-03-14 17:08:03',45,'Pattie','Treutel','f','1993-10-03',200,'There were doors all round the hall, but they were gardeners, or soldiers, or courtiers, or three of the same when I sleep\" is the same as the game was going on, as she left her, leaning her head to keep back the wandering hair that curled all over crumbs.\' \'You\'re wrong about the reason so many lessons to learn! Oh, I shouldn\'t want YOURS: I.',_binary ''),(93,93,'2021-03-14 17:08:03',26,'Elmo','Parker','nb','2005-03-06',180,'So Bill\'s got the other--Bill! fetch it back!\' \'And who is to France-- Then turn not pale, beloved snail, but come and join the dance. \'\"What matters it how far we go?\" his scaly friend replied. \"There is another shore, you know, as we were. My notion was that you have of putting things!\' \'It\'s a Cheshire cat,\' said the Dormouse, not choosing to.',_binary ''),(94,94,'2021-03-14 17:08:03',27,'Myah','Morissette','f','1973-11-05',81,'As soon as she ran; but the tops of the cattle in the back. At last the Gryphon repeated impatiently: \'it begins \"I passed by his garden.\"\' Alice did not see anything that looked like the look of it appeared. \'I don\'t like them!\' When the procession came opposite to Alice, and tried to fancy to herself as she had never had fits, my dear, I.',_binary ''),(95,95,'2021-03-14 17:08:03',29,'Adolfo','Bogan','f','1974-09-10',53,'The executioner\'s argument was, that anything that had made her draw back in their mouths. So they went on so long since she had peeped into the jury-box, or they would go, and broke off a bit of stick, and made another snatch in the world! Oh, my dear paws! Oh my dear Dinah! I wonder if I fell off the subjects on his flappers, \'--Mystery,.',_binary '\0'),(96,96,'2021-03-14 17:08:03',28,'Vita','Lemke','nb','2019-01-11',187,'Alice, who was reading the list of singers. \'You may go,\' said the Mouse only shook its head down, and was delighted to find quite a commotion in the pool, \'and she sits purring so nicely by the officers of the accident, all except the King, rubbing his hands; \'so now let the jury--\' \'If any one of them even when they liked, so that by the fire,.',_binary ''),(97,97,'2021-03-14 17:08:03',7,'Greyson','Gutkowski','ud','1970-11-24',5,'And beat him when he sneezes; For he can thoroughly enjoy The pepper when he sneezes: He only does it to be an old conger-eel, that used to say.\' \'So he did, so he with his tea spoon at the end of your nose-- What made you so awfully clever?\' \'I have answered three questions, and that you had been (Before she had quite forgotten the Duchess said.',_binary ''),(98,98,'2021-03-14 17:08:03',31,'Camille','Williamson','f','1975-01-11',31,'And the muscular strength, which it gave to my jaw, Has lasted the rest of the jurymen. \'It isn\'t mine,\' said the Pigeon had finished. \'As if it began ordering people about like that!\' But she did not much surprised at this, that she was small enough to get into that lovely garden. First, however, she went on in a sort of life! I do it again and.',_binary '\0'),(99,99,'2021-03-14 17:08:03',35,'Haylee','Larson','ud','1979-06-11',189,'I hadn\'t cried so much!\' said Alice, whose thoughts were still running on the top of his head. But at any rate a book of rules for shutting people up like a sky-rocket!\' \'So you think you\'re changed, do you?\' \'I\'m afraid I am, sir,\' said Alice; \'it\'s laid for a baby: altogether Alice did not quite know what to uglify is, you know. But do cats eat.',_binary ''),(100,100,'2021-03-14 17:08:03',75,'Orrin','Heller','m','2016-09-03',22,'Five, who had spoken first. \'That\'s none of YOUR adventures.\' \'I could tell you how it was quite impossible to say it any longer than that,\' said the Duchess, it had been. But her sister on the bank, and of having the sentence first!\' \'Hold your tongue!\' added the Hatter, with an M--\' \'Why with an anxious look at a reasonable pace,\' said the.',_binary '');
/*!40000 ALTER TABLE `user_profiles` ENABLE KEYS */;
UNLOCK TABLES;

--
-- Table structure for table `users`
--

DROP TABLE IF EXISTS `users`;
/*!40101 SET @saved_cs_client     = @@character_set_client */;
/*!50503 SET character_set_client = utf8mb4 */;
CREATE TABLE `users` (
  `id` bigint unsigned NOT NULL AUTO_INCREMENT,
  `signed_up_at` timestamp NULL DEFAULT CURRENT_TIMESTAMP,
  `username` varchar(50) DEFAULT NULL,
  `email` varchar(100) DEFAULT NULL,
  `phone_number` bigint unsigned DEFAULT NULL,
  `password_hash` varchar(100) DEFAULT NULL,
  PRIMARY KEY (`id`),
  UNIQUE KEY `id` (`id`),
  UNIQUE KEY `username` (`username`),
  UNIQUE KEY `email` (`email`),
  UNIQUE KEY `phone_number` (`phone_number`)
) ENGINE=InnoDB AUTO_INCREMENT=101 DEFAULT CHARSET=utf8mb4 COLLATE=utf8mb4_0900_ai_ci;
/*!40101 SET character_set_client = @saved_cs_client */;

--
-- Dumping data for table `users`
--

LOCK TABLES `users` WRITE;
/*!40000 ALTER TABLE `users` DISABLE KEYS */;
INSERT INTO `users` VALUES (1,'2014-04-19 20:37:22','Aleeeex','conroy.astrid@example.net',4988215960,'2497d7bf2380c2d18d8542969d786e17bc43946b'),(2,'2014-11-10 12:01:37','Velda','salvatore81@example.com',4980540018,'0bc287949232f347d81c0c92da8e3523c5451a96'),(3,'2014-02-20 22:48:28','Keely','barrows.abby@example.org',4955717093,'fe3871d03b389fdbc4850d8beb4beeaac6ff1db6'),(4,'2014-11-11 23:46:45','Ferne','edna.cummings@example.org',4959362895,'524b4ce87eebccbf2ab92966435264f00a903454'),(5,'2014-12-31 15:19:12','Caroline','christiansen.dewitt@example.org',4973833163,'e66f655438339151cd9d40136915d3cbb634859c'),(6,'2016-10-27 18:23:59','Adella','rita.romaguera@example.org',4983792075,'25c533d89f008cdd3bb27613e035a34c16bc4e4f'),(7,'2018-04-17 05:09:19','Maybell','idurgan@example.com',4954267775,'630e836059511d6141ff0337b6170749527ef95a'),(8,'2018-02-26 10:19:43','Enrico','hiram.bogisich@example.net',4974550320,'55855c984516e1ba805f313ab39dec9bd40e6056'),(9,'2017-12-29 12:19:24','Michaela','irving83@example.net',4977142078,'c39aeee99e0e80dbd2f414883a4c82e927da8c7e'),(10,'2017-08-27 14:04:28','Vern','margie00@example.org',4965874500,'826e1365e4a723e8a71765d1e262f82f5d1ec036'),(11,'2008-04-10 06:19:15','Elbert','crussel@example.org',4978469270,'759aee26f0e25811ceacae0014bb6cf973e8ad1d'),(12,'2017-02-23 06:21:31','Merle','koss.ludie@example.net',4985721302,'61c3ee147999cdb84822c07e7f470c638eaa5a59'),(13,'2008-01-09 07:18:11','Amy','vkonopelski@example.org',4957707646,'5fb6961689eeef0f5b8d4db51782bf8f84abde89'),(14,'2014-04-25 15:15:03','Rosie','keanu.hahn@example.org',4985896025,'7348c92c73cfcab20aa8dc540b24be7e30b7664f'),(15,'2017-04-25 21:04:16','Deion','carter.korbin@example.com',4990212644,'810d0fd4d73c48fbcb6134ee7a2811276bcf8ce3'),(16,'2018-12-17 07:30:42','Earl','rita55@example.com',4998081805,'6eb8a537b5b95713e08760669fdde58c6f981c10'),(17,'2017-09-13 07:19:18','Katherine','goyette.davion@example.org',4966257735,'4496747935b59179e50ce15910803856c6e34877'),(18,'2018-12-13 17:31:16','Derek','nathanael43@example.net',4961042357,'5d1847e536c69a6c030bb0c386e8b7dfbbd941bd'),(19,'2006-07-25 11:20:08','Alexander','hank53@example.net',4981571831,'90f4258e5a7c55b6b251a493770957864f1dc0a4'),(20,'2018-03-29 16:50:38','Hunter','raynor.arne@example.org',4970992354,'bf275e9b173d4401c91a6461cfa2778c79b28b50'),(21,'2017-02-28 14:46:24','Brionna','toy.betsy@example.net',4990218542,'fb372a04fd465f3c73a4a49127af5b1851197a01'),(22,'2014-08-09 22:01:55','Norbert','pmohr@example.net',4991854747,'50040642bdec1f8b07e9e7e80d9747dde3848321'),(23,'2018-07-16 08:31:57','Helen','melyna15@example.net',4997092167,'b06de61517648326257ff7fa8656e9fef7b298ca'),(24,'2009-11-16 02:00:37','Joe','mauricio.williamson@example.net',4959190495,'222ecf513a712d9fedcb756aa31be3f9780d9f9d'),(25,'2009-08-05 05:00:24','Madonna','joanny57@example.net',4951235399,'05afa6c4bdf916310822ff90bd0955072158412b'),(26,'2018-01-09 08:37:40','Blair','porter65@example.org',4957567082,'74204413c2d3d9b38186572b00d346cf59a3cce0'),(27,'2014-03-06 11:00:10','Brenden','francesca.bartoletti@example.com',4996996288,'9f0f7794b4444ec30853a9775133a03ca20b32e3'),(28,'2017-08-26 08:26:54','Susie','robel.emmet@example.net',4997030429,'5317e5f50afcc5a2b0dfcbebabc167c3b9cb0389'),(29,'2014-09-18 18:28:20','Kaitlyn','grace.gleason@example.com',4964949298,'b9b02e6916d489149db02c1bbaab08c47b5d7262'),(30,'2018-03-20 02:06:13','Ophelia','xhickle@example.com',4979059498,'c351c5ec98ad0554df96e82c2a3cca6e10eaacd6'),(31,'2014-10-19 05:58:37','Zackery','conor.ferry@example.org',4989874884,'9cb0477010ccecd19d73dc0e6f1317a0cac35975'),(32,'2018-06-09 20:54:52','Mellie','littel.cleta@example.net',4985096648,'fa668de19789d8e4ec950a7f69ea0b4ab198a898'),(33,'2019-11-17 01:16:52','Madisen','king.haven@example.com',4975600196,'b3d7f2444b68185ff1ea9fa46611be6af03fac15'),(34,'2004-08-20 15:51:31','Jacinthe','sanford.leta@example.org',4978943353,'43d61e1144d82db7b7aae1ee6fb3f6dfad96f149'),(35,'2001-12-30 22:00:23','Cleve','uankunding@example.net',4964438517,'297088e03462f416f129bb243f63835db4084503'),(36,'2012-09-23 22:30:07','Margret','breitenberg.keith@example.com',4963265063,'d15229294ce64e7c40fbc9051c05240ad083ad29'),(37,'2014-02-19 21:37:19','Vladimir','fgibson@example.net',4992149214,'1955e16790744b850161fcad24b7e8bf7539c4d6'),(38,'2017-07-26 14:04:12','Dorcas','larson.trisha@example.net',4977518512,'8d7c20d2083905b29b66ebfb020d128ea30e23c8'),(39,'2015-01-04 04:55:28','Candido','neva84@example.com',4992330498,'53432c97770b024061a5929ca80a72c047876315'),(40,'2017-08-16 00:09:59','Rasheed','leannon.annabel@example.net',4994805035,'1a17baae61c18894bfbaeff44be51b1e1214bfac'),(41,'2019-04-03 00:44:52','Quinn','fjohns@example.org',4982317991,'adefbde866661336dc70d88b740cc6ad9cac1a95'),(42,'2017-12-05 15:22:30','Kaylin','wrowe@example.org',4977081103,'44d6cdd46deb11b191996985dd2870042bc63239'),(43,'2014-03-18 08:44:13','Chyna','wilfrid.rodriguez@example.net',4977998761,'742abd3323df37b95c729f911cf8aa5493128e17'),(44,'2018-09-20 17:07:15','Lonnie','kellen.koss@example.org',4972989785,'a10052abc1a69ade01eb549a746542110f6a5436'),(45,'2014-05-27 18:58:19','Francesca','swelch@example.org',4976724645,'206b03cbc8495873dd918f67784867361ffb1bae'),(46,'2012-07-21 09:49:41','Garry','elenor29@example.org',4980771654,'077c80da2f8720018e3cb0e42ce0202df56835e3'),(47,'2018-02-11 14:10:32','Mavis','allene13@example.net',4970710551,'af6701de89c8c317a2e7beb415c14126be68879b'),(48,'2018-05-22 23:45:54','Nelle','kiehn.celia@example.net',4997176833,'c14a98bb697b111e78f320974e86e7d503a76f25'),(49,'2019-04-12 13:07:49','Katlyn','memard@example.net',4973685883,'307628dd87c8672184c28e3574f15cecd15721ca'),(50,'2014-11-27 14:08:56','Jesus','qmclaughlin@example.org',4987009135,'4642d6db63eb75a2b70e757f2ee3977061aa98ed'),(51,'2012-09-26 15:08:43','Deonte','laverne74@example.com',4991587177,'3e561b2d986ba88a8c967accfefc3d96e981c46e'),(52,'2012-04-21 08:35:35','Antonetta','adietrich@example.org',4962568339,'8245ccbd4af7f236d0d6545a5fbdb43b2749ca02'),(53,'2018-08-20 23:56:46','Edgar','ernie.hackett@example.com',4963248946,'4107f820b6c9d3cc627442873443fa5690987209'),(54,'2011-05-15 13:49:18','Arnoldo','iframi@example.org',4992657913,'75777db2a73510c3d856c1e2ff28bfc04f9b7386'),(55,'2019-01-07 23:51:10','Kevon','kreiger.zoe@example.net',4953499887,'ad43fb6af7a8f7c56e69093ff075cd4a2707c3de'),(56,'2018-05-22 23:02:27','Mabel','misael25@example.com',4994610326,'24641ad8db30a914c56d9281441a7cece1948560'),(57,'2017-12-31 22:49:53','Bobby','lesch.jana@example.net',4975634524,'b7d6339c900067a7cfbbfdc85d100024e3bc2235'),(58,'2015-04-04 23:22:52','Flavie','maggio.lila@example.com',4955295116,'1fb0fc2d85580d94adc834b3da031b9de3ff4766'),(59,'2014-06-25 13:38:38','Lucious','dell93@example.com',4992978452,'f1a6506dd50fc0d36614d5b1fa5c0b192b70f4de'),(60,'2014-06-12 19:55:59','Rafaela','weissnat.glenna@example.net',4985845333,'a31e9267da1eb0866b88396d3d031468a3209767'),(61,'2014-08-11 04:10:29','Jerod','rhettinger@example.org',4974166806,'3a926aeacbedc38c577bb7d3e358a078d5ba9f08'),(62,'2017-12-20 09:28:31','Santino','zoila.aufderhar@example.com',4967615602,'203d15cfc6c5306fc28116e79b0f8d51ec9bb21f'),(63,'2000-01-12 10:53:05','Pablo','hildegard.greenfelder@example.org',4988129841,'0da3841ea9688692a866738ef5622f99f612fb9e'),(64,'2017-06-26 21:08:25','Jailyn','jast.stephania@example.net',4966831731,'05cb429b9e7ac8b19b7cca12b4fb4a9f12896155'),(65,'2017-10-21 09:29:08','Dortha','kaley95@example.com',4989837268,'ad35cd0864035a4047f1dc0c68b99e3f2c75be95'),(66,'2018-01-13 07:25:03','Frida','dbalistreri@example.org',4960166070,'566726dd6114ae5c8bb37961158847069c92f3e9'),(67,'2001-12-06 18:17:33','Clara','pouros.deshawn@example.org',4951018454,'a4556a8a1b9645fb2ef841afed781d6bb7cad930'),(68,'2018-06-04 00:38:46','Cierra','yvonne75@example.org',4974961866,'7485176b835585008957e9492099df8988b5f160'),(69,'2017-07-18 10:00:33','Jayda','wilmer.reinger@example.net',4995869706,'28c41aa60432f995598a9cacb1ef569efaf15aa2'),(70,'2018-09-10 00:21:01','Giles','larson.henderson@example.com',4991022550,'1475bbc4bc52746573583bbb46337706af2617c1'),(71,'2005-11-11 18:43:16','Hassan','lwaters@example.net',4956655288,'e7e8ddf2a764db32227d406b45c6713d4706069a'),(72,'2016-07-25 02:14:23','Hadley','earl.berge@example.net',4984415382,'05c8e42cdbf8dcd509864fa4e81d89ed7909dbd4'),(73,'2018-10-20 19:21:00','Alaina','vbecker@example.org',4950464826,'6d9dd8194537c37e8dae1bc8ae539516a7cfa90b'),(74,'2018-01-01 05:39:17','Antwan','cconnelly@example.org',4954152269,'7d16bf39c24ce80e2e2119f1c8faf5c6295f0030'),(75,'2014-10-01 09:55:33','Raheem','jordane39@example.org',4952800375,'b1aea535069388fd5ebe0e44dd3fa83fe0105866'),(76,'2014-05-08 23:24:02','Tom','elenor38@example.net',4950144780,'2a222fcf5b1ffbe617f76b52e5c5a6780e0887fb'),(77,'2017-09-22 09:01:02','Nash','lonnie.kuhic@example.org',4995294899,'55ae81b6762d47357a7f3708b62949cd9d98af4d'),(78,'2018-03-07 01:55:33','Laron','steuber.velva@example.net',4976488900,'8517d50e94d7cc224cf3891fd9a71c1ca09139e2'),(79,'2017-11-21 23:36:44','Adolph','cwolf@example.com',4970071668,'a8072e013638d0e99f5216188b47e1f9b36449cd'),(80,'2000-05-26 04:01:30','Jewel','jody.greenfelder@example.com',4966246382,'04198e320dfe2518e7d5cf935cda4022f183fe75'),(81,'2018-06-30 10:36:21','Wyman','quigley.courtney@example.net',4965667755,'91cc0a6c832b89829963fbb66be787b308674477'),(82,'2003-07-15 15:57:38','Austen','lorine.parisian@example.org',4958005160,'2cd2a51ca4719897191281b8b0be400ca6dd1750'),(83,'2018-09-21 05:12:40','Delores','ggoldner@example.net',4996424678,'edd6e703e7dae15e653b64bad9c101aa127a196d'),(84,'2018-01-23 18:27:30','Chaz','dubuque.rupert@example.net',4983168732,'b4a973c4f37754ec71a9e91762d77cdf3ef6a37e'),(85,'2017-12-06 17:18:35','Michale','akutch@example.net',4987902484,'443c2e68a2cb04ee1294437690d594b0c39ccf14'),(86,'2019-11-04 15:38:11','Merritt','elian34@example.com',4951774599,'7b065af1269b7174d7e77e5dd81e0c300b29632a'),(87,'2018-03-10 22:54:25','Nellie','renner.gideon@example.net',4990971678,'ae36d94fa976e1b2c3b2407eaa9a2337cd9e8380'),(88,'2009-08-10 22:50:12','Lucinda','forest.schmeler@example.net',4972988724,'5e50e62119beb4b0ba3fd3a9dc5d45d22efa9838'),(89,'2017-02-02 14:04:50','Fabiola','adams.thad@example.com',4963532715,'11781ff32b1d3e584305f4b654d232057a8577fc'),(90,'2018-11-13 08:28:30','Lilly','eledner@example.net',4993655341,'14929fe929c3e0f1d7a43317f1ba86a49ed10f15'),(91,'2017-07-09 22:53:15','Clementina','kieran.purdy@example.com',4979559840,'0f3b6ecb25e7f35797aaba3ed4cad0d1b25421b3'),(92,'2017-05-16 15:56:52','Boyd','bahringer.gordon@example.com',4982588658,'d2fcaf0ec097884b039c3855eb776a4fde59f579'),(93,'2007-02-20 08:20:56','Hector','blake.brakus@example.net',4975091430,'78259e7cf63933f57327e9ed0e6fd99629a46b47'),(94,'2014-10-10 03:50:36','Gennaro','sydnee.bradtke@example.net',4974363483,'0d9ad91d0078b761a7bab47f1ecfbcee41f1637a'),(95,'2017-07-03 10:27:43','Jovany','huel.adela@example.org',4967256786,'95aa442776465ae8f1e438dec38a47f348eab36a'),(96,'2018-03-18 22:09:00','Samanta','leon.stroman@example.com',4968991201,'6519f5e9190f12325b1e6b00afd01e8e5018592c'),(97,'2003-12-26 18:12:53','Jody','guillermo.collier@example.com',4996009877,'f9e8b7398ba4285b07ddb31c440b56ec2c1a4754'),(98,'2017-01-21 07:10:26','Rahul','felton62@example.org',4955100198,'3e480520657cdee4b20a53faa1837102b1a75d06'),(99,'2018-02-03 07:33:44','Kale','nader.celine@example.net',4974059648,'1c5184e8cf10ce39f85993f1d2a41c166b1530d1'),(100,'2006-04-17 18:23:39','Bridgette','anya08@example.net',4967586770,'490e7d0a9b5d21049b1f8e47b058f42eb517a8ab');
/*!40000 ALTER TABLE `users` ENABLE KEYS */;
UNLOCK TABLES;
/*!50003 SET @saved_cs_client      = @@character_set_client */ ;
/*!50003 SET @saved_cs_results     = @@character_set_results */ ;
/*!50003 SET @saved_col_connection = @@collation_connection */ ;
/*!50003 SET character_set_client  = utf8mb4 */ ;
/*!50003 SET character_set_results = utf8mb4 */ ;
/*!50003 SET collation_connection  = utf8mb4_0900_ai_ci */ ;
/*!50003 SET @saved_sql_mode       = @@sql_mode */ ;
/*!50003 SET sql_mode              = 'ONLY_FULL_GROUP_BY,STRICT_TRANS_TABLES,NO_ZERO_IN_DATE,NO_ZERO_DATE,ERROR_FOR_DIVISION_BY_ZERO,NO_ENGINE_SUBSTITUTION' */ ;
DELIMITER ;;
/*!50003 CREATE*/ /*!50017 DEFINER=`root`@`localhost`*/ /*!50003 TRIGGER `users_updating` AFTER UPDATE ON `users` FOR EACH ROW begin 
	 	insert into users_updating  (id,users_name,update_email,updating_phone)
	 	values(id, NEW.username,NEW.email,NEW.phone_number);
 	end */;;
DELIMITER ;
/*!50003 SET sql_mode              = @saved_sql_mode */ ;
/*!50003 SET character_set_client  = @saved_cs_client */ ;
/*!50003 SET character_set_results = @saved_cs_results */ ;
/*!50003 SET collation_connection  = @saved_col_connection */ ;

--
-- Table structure for table `users_updating`
--

DROP TABLE IF EXISTS `users_updating`;
/*!40101 SET @saved_cs_client     = @@character_set_client */;
/*!50503 SET character_set_client = utf8mb4 */;
CREATE TABLE `users_updating` (
  `Id` bigint unsigned NOT NULL AUTO_INCREMENT,
  `users_name` varchar(55) DEFAULT NULL,
  `update_email` varchar(100) DEFAULT NULL,
  `updating_phone` bigint unsigned DEFAULT NULL,
  `signed_up_at` datetime DEFAULT NULL ON UPDATE CURRENT_TIMESTAMP,
  PRIMARY KEY (`Id`),
  UNIQUE KEY `Id` (`Id`)
) ENGINE=InnoDB AUTO_INCREMENT=2 DEFAULT CHARSET=utf8mb4 COLLATE=utf8mb4_0900_ai_ci;
/*!40101 SET character_set_client = @saved_cs_client */;

--
-- Dumping data for table `users_updating`
--

LOCK TABLES `users_updating` WRITE;
/*!40000 ALTER TABLE `users_updating` DISABLE KEYS */;
INSERT INTO `users_updating` VALUES (1,'Aleeeex','conroy.astrid@example.net',4988215960,NULL);
/*!40000 ALTER TABLE `users_updating` ENABLE KEYS */;
UNLOCK TABLES;

--
-- Table structure for table `votes_on_genre`
--

DROP TABLE IF EXISTS `votes_on_genre`;
/*!40101 SET @saved_cs_client     = @@character_set_client */;
/*!50503 SET character_set_client = utf8mb4 */;
CREATE TABLE `votes_on_genre` (
  `id` bigint unsigned NOT NULL AUTO_INCREMENT,
  `title_id` bigint unsigned DEFAULT NULL,
  `genre_id` bigint unsigned NOT NULL,
  `user_id` bigint unsigned DEFAULT NULL,
  `vote` bit(1) DEFAULT NULL,
  `created_at` timestamp NULL DEFAULT CURRENT_TIMESTAMP,
  PRIMARY KEY (`id`),
  UNIQUE KEY `id` (`id`),
  KEY `title_id` (`title_id`),
  KEY `genre_id` (`genre_id`),
  KEY `user_id` (`user_id`),
  CONSTRAINT `votes_on_genre_ibfk_1` FOREIGN KEY (`title_id`) REFERENCES `titles` (`id`) ON DELETE RESTRICT ON UPDATE CASCADE,
  CONSTRAINT `votes_on_genre_ibfk_2` FOREIGN KEY (`genre_id`) REFERENCES `genres` (`id`) ON DELETE CASCADE ON UPDATE CASCADE,
  CONSTRAINT `votes_on_genre_ibfk_3` FOREIGN KEY (`user_id`) REFERENCES `users` (`id`) ON DELETE RESTRICT ON UPDATE CASCADE
) ENGINE=InnoDB AUTO_INCREMENT=301 DEFAULT CHARSET=utf8mb4 COLLATE=utf8mb4_0900_ai_ci;
/*!40101 SET character_set_client = @saved_cs_client */;

--
-- Dumping data for table `votes_on_genre`
--

LOCK TABLES `votes_on_genre` WRITE;
/*!40000 ALTER TABLE `votes_on_genre` DISABLE KEYS */;
INSERT INTO `votes_on_genre` VALUES (1,10,13,3,_binary '\0','2021-03-14 17:10:54'),(2,17,13,10,_binary '','2021-03-14 17:10:54'),(3,13,8,8,_binary '\0','2021-03-14 17:10:54'),(4,27,13,72,_binary '','2021-03-14 17:10:54'),(5,11,8,19,_binary '\0','2021-03-14 17:10:54'),(6,40,13,35,_binary '\0','2021-03-14 17:10:54'),(7,6,13,12,_binary '\0','2021-03-14 17:10:54'),(8,9,13,1,_binary '','2021-03-14 17:10:54'),(9,11,8,34,_binary '','2021-03-14 17:10:54'),(10,5,13,98,_binary '','2021-03-14 17:10:54'),(11,1,13,56,_binary '\0','2021-03-14 17:10:54'),(12,15,8,27,_binary '','2021-03-14 17:10:54'),(13,23,8,73,_binary '\0','2021-03-14 17:10:54'),(14,10,13,75,_binary '','2021-03-14 17:10:54'),(15,15,8,71,_binary '','2021-03-14 17:10:54'),(16,35,8,2,_binary '\0','2021-03-14 17:10:54'),(17,9,13,41,_binary '\0','2021-03-14 17:10:54'),(18,16,13,47,_binary '','2021-03-14 17:10:54'),(19,7,8,61,_binary '\0','2021-03-14 17:10:54'),(20,27,13,44,_binary '','2021-03-14 17:10:54'),(21,33,13,57,_binary '\0','2021-03-14 17:10:54'),(22,35,13,13,_binary '\0','2021-03-14 17:10:54'),(23,18,13,10,_binary '','2021-03-14 17:10:54'),(24,41,13,52,_binary '','2021-03-14 17:10:54'),(25,46,8,44,_binary '\0','2021-03-14 17:10:54'),(26,17,8,28,_binary '','2021-03-14 17:10:54'),(27,27,8,62,_binary '\0','2021-03-14 17:10:54'),(28,3,13,11,_binary '\0','2021-03-14 17:10:54'),(29,37,8,17,_binary '\0','2021-03-14 17:10:54'),(30,46,13,45,_binary '\0','2021-03-14 17:10:54'),(31,4,13,19,_binary '\0','2021-03-14 17:10:54'),(32,19,8,18,_binary '\0','2021-03-14 17:10:54'),(33,44,8,94,_binary '','2021-03-14 17:10:54'),(34,4,8,83,_binary '','2021-03-14 17:10:54'),(35,34,13,11,_binary '','2021-03-14 17:10:54'),(36,16,13,92,_binary '','2021-03-14 17:10:54'),(37,13,8,61,_binary '','2021-03-14 17:10:54'),(38,32,13,4,_binary '','2021-03-14 17:10:54'),(39,13,13,20,_binary '','2021-03-14 17:10:54'),(40,26,8,45,_binary '','2021-03-14 17:10:54'),(41,49,13,60,_binary '\0','2021-03-14 17:10:54'),(42,48,8,42,_binary '\0','2021-03-14 17:10:54'),(43,10,8,63,_binary '','2021-03-14 17:10:54'),(44,13,13,36,_binary '\0','2021-03-14 17:10:54'),(45,31,8,1,_binary '','2021-03-14 17:10:54'),(46,40,8,93,_binary '\0','2021-03-14 17:10:54'),(47,48,13,1,_binary '','2021-03-14 17:10:54'),(48,19,13,1,_binary '','2021-03-14 17:10:54'),(49,31,13,46,_binary '\0','2021-03-14 17:10:54'),(50,37,13,27,_binary '\0','2021-03-14 17:10:54'),(51,40,8,96,_binary '\0','2021-03-14 17:10:54'),(52,47,13,10,_binary '','2021-03-14 17:10:54'),(53,26,13,87,_binary '','2021-03-14 17:10:54'),(54,5,13,76,_binary '','2021-03-14 17:10:54'),(55,34,8,44,_binary '\0','2021-03-14 17:10:54'),(56,31,8,8,_binary '','2021-03-14 17:10:54'),(57,34,13,15,_binary '','2021-03-14 17:10:54'),(58,34,8,82,_binary '\0','2021-03-14 17:10:54'),(59,5,8,10,_binary '','2021-03-14 17:10:54'),(60,38,13,81,_binary '','2021-03-14 17:10:54'),(61,13,13,39,_binary '\0','2021-03-14 17:10:54'),(62,11,8,91,_binary '\0','2021-03-14 17:10:54'),(63,36,13,91,_binary '\0','2021-03-14 17:10:54'),(64,45,8,84,_binary '','2021-03-14 17:10:54'),(65,27,13,35,_binary '\0','2021-03-14 17:10:54'),(66,4,8,97,_binary '','2021-03-14 17:10:54'),(67,30,8,50,_binary '','2021-03-14 17:10:54'),(68,5,13,41,_binary '','2021-03-14 17:10:54'),(69,44,8,24,_binary '\0','2021-03-14 17:10:54'),(70,47,13,57,_binary '\0','2021-03-14 17:10:54'),(71,48,13,99,_binary '\0','2021-03-14 17:10:54'),(72,37,8,65,_binary '\0','2021-03-14 17:10:54'),(73,42,8,87,_binary '','2021-03-14 17:10:54'),(74,4,13,18,_binary '\0','2021-03-14 17:10:54'),(75,5,8,46,_binary '\0','2021-03-14 17:10:54'),(76,13,8,39,_binary '\0','2021-03-14 17:10:54'),(77,33,13,44,_binary '','2021-03-14 17:10:54'),(78,42,8,21,_binary '','2021-03-14 17:10:54'),(79,36,13,29,_binary '\0','2021-03-14 17:10:54'),(80,44,13,79,_binary '','2021-03-14 17:10:54'),(81,42,13,71,_binary '\0','2021-03-14 17:10:54'),(82,35,8,84,_binary '','2021-03-14 17:10:54'),(83,44,13,66,_binary '\0','2021-03-14 17:10:54'),(84,20,8,65,_binary '\0','2021-03-14 17:10:54'),(85,43,13,71,_binary '','2021-03-14 17:10:54'),(86,43,8,100,_binary '\0','2021-03-14 17:10:54'),(87,22,13,92,_binary '\0','2021-03-14 17:10:54'),(88,42,8,10,_binary '\0','2021-03-14 17:10:54'),(89,40,8,28,_binary '','2021-03-14 17:10:54'),(90,4,13,100,_binary '','2021-03-14 17:10:54'),(91,3,13,72,_binary '','2021-03-14 17:10:54'),(92,37,8,97,_binary '\0','2021-03-14 17:10:54'),(93,34,13,84,_binary '\0','2021-03-14 17:10:54'),(94,14,13,45,_binary '\0','2021-03-14 17:10:54'),(95,47,13,84,_binary '\0','2021-03-14 17:10:54'),(96,18,13,59,_binary '\0','2021-03-14 17:10:54'),(97,16,8,99,_binary '\0','2021-03-14 17:10:54'),(98,15,8,98,_binary '\0','2021-03-14 17:10:54'),(99,32,8,48,_binary '\0','2021-03-14 17:10:54'),(100,7,13,45,_binary '\0','2021-03-14 17:10:54'),(101,1,1,95,_binary '','2021-03-14 17:10:54'),(102,2,2,55,_binary '','2021-03-14 17:10:54'),(103,3,3,30,_binary '','2021-03-14 17:10:54'),(104,4,4,18,_binary '','2021-03-14 17:10:54'),(105,5,5,56,_binary '','2021-03-14 17:10:54'),(106,6,6,35,_binary '','2021-03-14 17:10:54'),(107,7,7,75,_binary '','2021-03-14 17:10:54'),(108,8,8,20,_binary '','2021-03-14 17:10:54'),(109,9,9,48,_binary '','2021-03-14 17:10:54'),(110,10,10,26,_binary '','2021-03-14 17:10:54'),(111,11,11,86,_binary '','2021-03-14 17:10:54'),(112,12,12,63,_binary '','2021-03-14 17:10:54'),(113,13,13,14,_binary '','2021-03-14 17:10:54'),(114,14,14,60,_binary '','2021-03-14 17:10:54'),(115,15,15,36,_binary '','2021-03-14 17:10:54'),(116,16,16,4,_binary '','2021-03-14 17:10:54'),(117,17,17,74,_binary '','2021-03-14 17:10:54'),(118,18,18,57,_binary '','2021-03-14 17:10:54'),(119,19,19,16,_binary '','2021-03-14 17:10:54'),(120,20,20,6,_binary '','2021-03-14 17:10:54'),(121,21,21,40,_binary '','2021-03-14 17:10:54'),(122,22,22,38,_binary '','2021-03-14 17:10:54'),(123,23,1,41,_binary '','2021-03-14 17:10:54'),(124,24,2,8,_binary '','2021-03-14 17:10:54'),(125,25,3,100,_binary '','2021-03-14 17:10:54'),(126,26,4,92,_binary '','2021-03-14 17:10:54'),(127,27,5,96,_binary '','2021-03-14 17:10:54'),(128,28,6,62,_binary '','2021-03-14 17:10:54'),(129,29,7,3,_binary '','2021-03-14 17:10:54'),(130,30,8,11,_binary '','2021-03-14 17:10:54'),(131,31,9,32,_binary '','2021-03-14 17:10:54'),(132,32,10,68,_binary '','2021-03-14 17:10:54'),(133,33,11,59,_binary '','2021-03-14 17:10:54'),(134,34,12,23,_binary '','2021-03-14 17:10:54'),(135,35,13,34,_binary '','2021-03-14 17:10:54'),(136,36,14,88,_binary '','2021-03-14 17:10:54'),(137,37,15,27,_binary '','2021-03-14 17:10:54'),(138,38,16,50,_binary '','2021-03-14 17:10:54'),(139,39,17,65,_binary '','2021-03-14 17:10:54'),(140,40,18,44,_binary '','2021-03-14 17:10:54'),(141,41,19,51,_binary '','2021-03-14 17:10:54'),(142,42,20,83,_binary '','2021-03-14 17:10:54'),(143,43,21,1,_binary '','2021-03-14 17:10:54'),(144,44,22,94,_binary '','2021-03-14 17:10:54'),(145,45,1,67,_binary '','2021-03-14 17:10:54'),(146,46,2,31,_binary '','2021-03-14 17:10:54'),(147,47,3,42,_binary '','2021-03-14 17:10:54'),(148,48,4,2,_binary '','2021-03-14 17:10:54'),(149,49,5,91,_binary '','2021-03-14 17:10:54'),(150,50,6,17,_binary '','2021-03-14 17:10:54'),(151,51,7,81,_binary '','2021-03-14 17:10:54'),(152,52,8,24,_binary '','2021-03-14 17:10:54'),(153,53,9,25,_binary '','2021-03-14 17:10:54'),(154,54,10,52,_binary '','2021-03-14 17:10:54'),(155,55,11,99,_binary '','2021-03-14 17:10:54'),(156,56,12,12,_binary '','2021-03-14 17:10:54'),(157,57,13,90,_binary '','2021-03-14 17:10:54'),(158,58,14,73,_binary '','2021-03-14 17:10:54'),(159,59,15,5,_binary '','2021-03-14 17:10:54'),(160,60,16,28,_binary '','2021-03-14 17:10:54'),(161,61,17,76,_binary '','2021-03-14 17:10:54'),(162,62,18,43,_binary '','2021-03-14 17:10:54'),(163,63,19,84,_binary '','2021-03-14 17:10:54'),(164,64,20,71,_binary '','2021-03-14 17:10:54'),(165,65,21,39,_binary '','2021-03-14 17:10:54'),(166,66,22,58,_binary '','2021-03-14 17:10:54'),(167,67,1,87,_binary '','2021-03-14 17:10:54'),(168,68,2,93,_binary '','2021-03-14 17:10:54'),(169,69,3,9,_binary '','2021-03-14 17:10:54'),(170,70,4,85,_binary '','2021-03-14 17:10:54'),(171,71,5,80,_binary '','2021-03-14 17:10:54'),(172,72,6,64,_binary '','2021-03-14 17:10:54'),(173,73,7,78,_binary '','2021-03-14 17:10:54'),(174,74,8,89,_binary '','2021-03-14 17:10:54'),(175,75,9,79,_binary '','2021-03-14 17:10:54'),(176,76,10,7,_binary '','2021-03-14 17:10:54'),(177,77,11,21,_binary '','2021-03-14 17:10:54'),(178,78,12,19,_binary '','2021-03-14 17:10:54'),(179,79,13,33,_binary '','2021-03-14 17:10:54'),(180,80,14,77,_binary '','2021-03-14 17:10:54'),(181,81,15,45,_binary '','2021-03-14 17:10:54'),(182,82,16,54,_binary '','2021-03-14 17:10:54'),(183,83,17,97,_binary '','2021-03-14 17:10:54'),(184,84,18,46,_binary '','2021-03-14 17:10:54'),(185,85,19,37,_binary '','2021-03-14 17:10:54'),(186,86,20,70,_binary '','2021-03-14 17:10:54'),(187,87,21,53,_binary '','2021-03-14 17:10:54'),(188,88,22,66,_binary '','2021-03-14 17:10:54'),(189,89,1,13,_binary '','2021-03-14 17:10:54'),(190,90,2,10,_binary '','2021-03-14 17:10:54'),(191,91,3,82,_binary '','2021-03-14 17:10:54'),(192,92,4,72,_binary '','2021-03-14 17:10:54'),(193,93,5,69,_binary '','2021-03-14 17:10:54'),(194,94,6,47,_binary '','2021-03-14 17:10:54'),(195,95,7,61,_binary '','2021-03-14 17:10:54'),(196,96,8,22,_binary '','2021-03-14 17:10:54'),(197,97,9,15,_binary '','2021-03-14 17:10:54'),(198,98,10,98,_binary '','2021-03-14 17:10:54'),(199,99,11,49,_binary '','2021-03-14 17:10:54'),(200,100,12,29,_binary '','2021-03-14 17:10:54'),(201,1,1,4,_binary '','2021-03-14 17:10:54'),(202,2,2,27,_binary '\0','2021-03-14 17:10:54'),(203,3,3,6,_binary '\0','2021-03-14 17:10:54'),(204,4,4,57,_binary '\0','2021-03-14 17:10:54'),(205,5,5,33,_binary '','2021-03-14 17:10:54'),(206,6,6,59,_binary '','2021-03-14 17:10:54'),(207,7,7,26,_binary '\0','2021-03-14 17:10:54'),(208,8,8,25,_binary '','2021-03-14 17:10:54'),(209,9,9,85,_binary '','2021-03-14 17:10:54'),(210,10,10,44,_binary '','2021-03-14 17:10:54'),(211,11,11,24,_binary '','2021-03-14 17:10:54'),(212,12,12,3,_binary '','2021-03-14 17:10:54'),(213,13,13,28,_binary '','2021-03-14 17:10:54'),(214,14,14,37,_binary '\0','2021-03-14 17:10:54'),(215,15,15,87,_binary '\0','2021-03-14 17:10:54'),(216,16,16,11,_binary '','2021-03-14 17:10:54'),(217,17,17,30,_binary '\0','2021-03-14 17:10:54'),(218,18,18,64,_binary '\0','2021-03-14 17:10:54'),(219,19,19,31,_binary '\0','2021-03-14 17:10:54'),(220,20,20,100,_binary '\0','2021-03-14 17:10:54'),(221,21,21,82,_binary '\0','2021-03-14 17:10:54'),(222,22,22,42,_binary '','2021-03-14 17:10:54'),(223,23,1,80,_binary '','2021-03-14 17:10:54'),(224,24,2,71,_binary '','2021-03-14 17:10:54'),(225,25,3,52,_binary '','2021-03-14 17:10:54'),(226,26,4,38,_binary '','2021-03-14 17:10:54'),(227,27,5,65,_binary '\0','2021-03-14 17:10:54'),(228,28,6,18,_binary '\0','2021-03-14 17:10:54'),(229,29,7,51,_binary '\0','2021-03-14 17:10:54'),(230,30,8,45,_binary '\0','2021-03-14 17:10:54'),(231,31,9,75,_binary '','2021-03-14 17:10:54'),(232,32,10,40,_binary '\0','2021-03-14 17:10:54'),(233,33,11,54,_binary '\0','2021-03-14 17:10:54'),(234,34,12,23,_binary '\0','2021-03-14 17:10:54'),(235,35,13,68,_binary '','2021-03-14 17:10:54'),(236,36,14,60,_binary '','2021-03-14 17:10:54'),(237,37,15,43,_binary '\0','2021-03-14 17:10:54'),(238,38,16,48,_binary '\0','2021-03-14 17:10:54'),(239,39,17,69,_binary '','2021-03-14 17:10:54'),(240,40,18,95,_binary '\0','2021-03-14 17:10:54'),(241,41,19,20,_binary '\0','2021-03-14 17:10:54'),(242,42,20,73,_binary '\0','2021-03-14 17:10:54'),(243,43,21,86,_binary '\0','2021-03-14 17:10:54'),(244,44,22,32,_binary '','2021-03-14 17:10:54'),(245,45,1,90,_binary '','2021-03-14 17:10:54'),(246,46,2,8,_binary '','2021-03-14 17:10:54'),(247,47,3,88,_binary '\0','2021-03-14 17:10:54'),(248,48,4,61,_binary '\0','2021-03-14 17:10:54'),(249,49,5,58,_binary '\0','2021-03-14 17:10:54'),(250,50,6,2,_binary '\0','2021-03-14 17:10:54'),(251,51,7,22,_binary '\0','2021-03-14 17:10:54'),(252,52,8,94,_binary '','2021-03-14 17:10:54'),(253,53,9,5,_binary '','2021-03-14 17:10:54'),(254,54,10,72,_binary '','2021-03-14 17:10:54'),(255,55,11,36,_binary '\0','2021-03-14 17:10:54'),(256,56,12,41,_binary '','2021-03-14 17:10:54'),(257,57,13,70,_binary '\0','2021-03-14 17:10:54'),(258,58,14,49,_binary '','2021-03-14 17:10:54'),(259,59,15,66,_binary '\0','2021-03-14 17:10:54'),(260,60,16,83,_binary '','2021-03-14 17:10:54'),(261,61,17,9,_binary '\0','2021-03-14 17:10:54'),(262,62,18,29,_binary '','2021-03-14 17:10:54'),(263,63,19,15,_binary '','2021-03-14 17:10:54'),(264,64,20,16,_binary '\0','2021-03-14 17:10:54'),(265,65,21,89,_binary '\0','2021-03-14 17:10:54'),(266,66,22,92,_binary '','2021-03-14 17:10:54'),(267,67,1,13,_binary '\0','2021-03-14 17:10:54'),(268,68,2,7,_binary '\0','2021-03-14 17:10:54'),(269,69,3,81,_binary '','2021-03-14 17:10:54'),(270,70,4,1,_binary '','2021-03-14 17:10:54'),(271,71,5,62,_binary '','2021-03-14 17:10:54'),(272,72,6,99,_binary '','2021-03-14 17:10:54'),(273,73,7,55,_binary '','2021-03-14 17:10:54'),(274,74,8,17,_binary '','2021-03-14 17:10:54'),(275,75,9,77,_binary '\0','2021-03-14 17:10:54'),(276,76,10,10,_binary '','2021-03-14 17:10:54'),(277,77,11,96,_binary '','2021-03-14 17:10:54'),(278,78,12,50,_binary '','2021-03-14 17:10:54'),(279,79,13,35,_binary '\0','2021-03-14 17:10:54'),(280,80,14,21,_binary '\0','2021-03-14 17:10:54'),(281,81,15,56,_binary '','2021-03-14 17:10:54'),(282,82,16,34,_binary '','2021-03-14 17:10:54'),(283,83,17,98,_binary '','2021-03-14 17:10:54'),(284,84,18,53,_binary '\0','2021-03-14 17:10:54'),(285,85,19,74,_binary '\0','2021-03-14 17:10:54'),(286,86,20,14,_binary '','2021-03-14 17:10:54'),(287,87,21,19,_binary '\0','2021-03-14 17:10:54'),(288,88,22,46,_binary '\0','2021-03-14 17:10:54'),(289,89,1,91,_binary '\0','2021-03-14 17:10:54'),(290,90,2,47,_binary '\0','2021-03-14 17:10:54'),(291,91,3,78,_binary '\0','2021-03-14 17:10:54'),(292,92,4,79,_binary '','2021-03-14 17:10:54'),(293,93,5,12,_binary '','2021-03-14 17:10:54'),(294,94,6,39,_binary '','2021-03-14 17:10:54'),(295,95,7,63,_binary '\0','2021-03-14 17:10:54'),(296,96,8,97,_binary '\0','2021-03-14 17:10:54'),(297,97,9,84,_binary '','2021-03-14 17:10:54'),(298,98,10,67,_binary '\0','2021-03-14 17:10:54'),(299,99,11,76,_binary '','2021-03-14 17:10:54'),(300,100,12,93,_binary '','2021-03-14 17:10:54');
/*!40000 ALTER TABLE `votes_on_genre` ENABLE KEYS */;
UNLOCK TABLES;

--
-- Table structure for table `votes_on_keywords`
--

DROP TABLE IF EXISTS `votes_on_keywords`;
/*!40101 SET @saved_cs_client     = @@character_set_client */;
/*!50503 SET character_set_client = utf8mb4 */;
CREATE TABLE `votes_on_keywords` (
  `id` bigint unsigned NOT NULL AUTO_INCREMENT,
  `title_id` bigint unsigned DEFAULT NULL,
  `keyword_id` bigint unsigned NOT NULL,
  `user_id` bigint unsigned DEFAULT NULL,
  `vote` bit(1) DEFAULT b'1',
  `created_at` timestamp NULL DEFAULT CURRENT_TIMESTAMP,
  PRIMARY KEY (`id`),
  UNIQUE KEY `id` (`id`),
  KEY `title_id` (`title_id`),
  KEY `keyword_id` (`keyword_id`),
  KEY `user_id` (`user_id`),
  CONSTRAINT `votes_on_keywords_ibfk_1` FOREIGN KEY (`title_id`) REFERENCES `titles` (`id`) ON DELETE RESTRICT ON UPDATE CASCADE,
  CONSTRAINT `votes_on_keywords_ibfk_2` FOREIGN KEY (`keyword_id`) REFERENCES `all_keywords` (`id`) ON DELETE RESTRICT ON UPDATE CASCADE,
  CONSTRAINT `votes_on_keywords_ibfk_3` FOREIGN KEY (`user_id`) REFERENCES `users` (`id`) ON DELETE RESTRICT ON UPDATE CASCADE
) ENGINE=InnoDB DEFAULT CHARSET=utf8mb4 COLLATE=utf8mb4_0900_ai_ci;
/*!40101 SET character_set_client = @saved_cs_client */;

--
-- Dumping data for table `votes_on_keywords`
--

LOCK TABLES `votes_on_keywords` WRITE;
/*!40000 ALTER TABLE `votes_on_keywords` DISABLE KEYS */;
/*!40000 ALTER TABLE `votes_on_keywords` ENABLE KEYS */;
UNLOCK TABLES;

--
-- Table structure for table `votes_on_reviews`
--

DROP TABLE IF EXISTS `votes_on_reviews`;
/*!40101 SET @saved_cs_client     = @@character_set_client */;
/*!50503 SET character_set_client = utf8mb4 */;
CREATE TABLE `votes_on_reviews` (
  `id` bigint unsigned NOT NULL AUTO_INCREMENT,
  `review_id` bigint unsigned NOT NULL,
  `user_id` bigint unsigned DEFAULT NULL,
  `vote` bit(1) DEFAULT NULL,
  `created_at` timestamp NULL DEFAULT CURRENT_TIMESTAMP,
  PRIMARY KEY (`id`),
  UNIQUE KEY `id` (`id`),
  KEY `review_id` (`review_id`),
  KEY `user_id` (`user_id`),
  CONSTRAINT `votes_on_reviews_ibfk_1` FOREIGN KEY (`review_id`) REFERENCES `reviews` (`id`) ON DELETE CASCADE ON UPDATE CASCADE,
  CONSTRAINT `votes_on_reviews_ibfk_2` FOREIGN KEY (`user_id`) REFERENCES `users` (`id`) ON DELETE RESTRICT ON UPDATE CASCADE
) ENGINE=InnoDB AUTO_INCREMENT=1201 DEFAULT CHARSET=utf8mb4 COLLATE=utf8mb4_0900_ai_ci;
/*!40101 SET character_set_client = @saved_cs_client */;

--
-- Dumping data for table `votes_on_reviews`
--

LOCK TABLES `votes_on_reviews` WRITE;
/*!40000 ALTER TABLE `votes_on_reviews` DISABLE KEYS */;
INSERT INTO `votes_on_reviews` VALUES (401,110,53,_binary '','2021-03-14 17:12:28'),(402,6,70,_binary '','2021-03-14 17:12:28'),(403,124,16,_binary '\0','2021-03-14 17:12:28'),(404,292,56,_binary '','2021-03-14 17:12:28'),(405,259,21,_binary '\0','2021-03-14 17:12:28'),(406,284,10,_binary '\0','2021-03-14 17:12:28'),(407,151,61,_binary '\0','2021-03-14 17:12:28'),(408,274,38,_binary '','2021-03-14 17:12:28'),(409,173,58,_binary '','2021-03-14 17:12:28'),(410,112,81,_binary '','2021-03-14 17:12:28'),(411,297,93,_binary '\0','2021-03-14 17:12:28'),(412,52,30,_binary '\0','2021-03-14 17:12:28'),(413,39,98,_binary '\0','2021-03-14 17:12:28'),(414,173,28,_binary '','2021-03-14 17:12:28'),(415,26,78,_binary '','2021-03-14 17:12:28'),(416,23,63,_binary '\0','2021-03-14 17:12:28'),(417,133,1,_binary '\0','2021-03-14 17:12:28'),(418,28,4,_binary '\0','2021-03-14 17:12:28'),(419,235,31,_binary '','2021-03-14 17:12:28'),(420,278,43,_binary '','2021-03-14 17:12:28'),(421,168,99,_binary '','2021-03-14 17:12:28'),(422,148,26,_binary '','2021-03-14 17:12:28'),(423,124,33,_binary '','2021-03-14 17:12:28'),(424,299,83,_binary '\0','2021-03-14 17:12:28'),(425,24,19,_binary '\0','2021-03-14 17:12:28'),(426,258,99,_binary '','2021-03-14 17:12:28'),(427,206,64,_binary '','2021-03-14 17:12:28'),(428,37,88,_binary '','2021-03-14 17:12:28'),(429,127,89,_binary '','2021-03-14 17:12:28'),(430,160,18,_binary '','2021-03-14 17:12:28'),(431,280,56,_binary '\0','2021-03-14 17:12:28'),(432,274,88,_binary '','2021-03-14 17:12:28'),(433,142,81,_binary '\0','2021-03-14 17:12:28'),(434,126,86,_binary '\0','2021-03-14 17:12:28'),(435,260,17,_binary '','2021-03-14 17:12:28'),(436,294,73,_binary '','2021-03-14 17:12:28'),(437,47,62,_binary '','2021-03-14 17:12:28'),(438,80,17,_binary '','2021-03-14 17:12:28'),(439,88,59,_binary '','2021-03-14 17:12:28'),(440,93,87,_binary '\0','2021-03-14 17:12:28'),(441,255,77,_binary '\0','2021-03-14 17:12:28'),(442,9,29,_binary '','2021-03-14 17:12:28'),(443,155,98,_binary '\0','2021-03-14 17:12:28'),(444,27,83,_binary '','2021-03-14 17:12:28'),(445,33,32,_binary '','2021-03-14 17:12:28'),(446,137,57,_binary '','2021-03-14 17:12:28'),(447,235,62,_binary '\0','2021-03-14 17:12:28'),(448,297,48,_binary '\0','2021-03-14 17:12:28'),(449,239,17,_binary '','2021-03-14 17:12:28'),(450,110,76,_binary '\0','2021-03-14 17:12:28'),(451,212,65,_binary '','2021-03-14 17:12:28'),(452,29,19,_binary '','2021-03-14 17:12:28'),(453,18,14,_binary '','2021-03-14 17:12:28'),(454,136,4,_binary '\0','2021-03-14 17:12:28'),(455,260,53,_binary '','2021-03-14 17:12:28'),(456,29,17,_binary '','2021-03-14 17:12:28'),(457,170,52,_binary '\0','2021-03-14 17:12:28'),(458,85,10,_binary '','2021-03-14 17:12:28'),(459,213,94,_binary '\0','2021-03-14 17:12:28'),(460,296,31,_binary '','2021-03-14 17:12:28'),(461,191,100,_binary '\0','2021-03-14 17:12:28'),(462,137,47,_binary '\0','2021-03-14 17:12:28'),(463,156,68,_binary '','2021-03-14 17:12:28'),(464,18,39,_binary '\0','2021-03-14 17:12:28'),(465,198,33,_binary '','2021-03-14 17:12:28'),(466,80,11,_binary '','2021-03-14 17:12:28'),(467,192,72,_binary '','2021-03-14 17:12:28'),(468,227,23,_binary '\0','2021-03-14 17:12:28'),(469,56,15,_binary '\0','2021-03-14 17:12:28'),(470,2,97,_binary '\0','2021-03-14 17:12:28'),(471,158,1,_binary '','2021-03-14 17:12:28'),(472,161,9,_binary '\0','2021-03-14 17:12:28'),(473,268,26,_binary '','2021-03-14 17:12:28'),(474,26,64,_binary '\0','2021-03-14 17:12:28'),(475,81,52,_binary '\0','2021-03-14 17:12:28'),(476,162,83,_binary '\0','2021-03-14 17:12:28'),(477,248,33,_binary '','2021-03-14 17:12:28'),(478,91,62,_binary '\0','2021-03-14 17:12:28'),(479,263,1,_binary '\0','2021-03-14 17:12:28'),(480,70,97,_binary '\0','2021-03-14 17:12:28'),(481,292,53,_binary '','2021-03-14 17:12:28'),(482,298,98,_binary '','2021-03-14 17:12:28'),(483,257,97,_binary '','2021-03-14 17:12:28'),(484,98,38,_binary '\0','2021-03-14 17:12:28'),(485,38,15,_binary '\0','2021-03-14 17:12:28'),(486,10,9,_binary '','2021-03-14 17:12:28'),(487,68,75,_binary '','2021-03-14 17:12:28'),(488,261,17,_binary '','2021-03-14 17:12:28'),(489,242,18,_binary '','2021-03-14 17:12:28'),(490,239,42,_binary '','2021-03-14 17:12:28'),(491,207,29,_binary '','2021-03-14 17:12:28'),(492,108,31,_binary '\0','2021-03-14 17:12:28'),(493,50,58,_binary '','2021-03-14 17:12:28'),(494,16,83,_binary '\0','2021-03-14 17:12:28'),(495,104,4,_binary '','2021-03-14 17:12:28'),(496,223,20,_binary '','2021-03-14 17:12:28'),(497,66,69,_binary '\0','2021-03-14 17:12:28'),(498,71,65,_binary '\0','2021-03-14 17:12:28'),(499,120,26,_binary '\0','2021-03-14 17:12:28'),(500,218,32,_binary '','2021-03-14 17:12:28'),(501,91,32,_binary '','2021-03-14 17:12:28'),(502,105,92,_binary '','2021-03-14 17:12:28'),(503,262,38,_binary '','2021-03-14 17:12:28'),(504,45,8,_binary '\0','2021-03-14 17:12:28'),(505,257,66,_binary '\0','2021-03-14 17:12:28'),(506,237,85,_binary '','2021-03-14 17:12:28'),(507,105,88,_binary '\0','2021-03-14 17:12:28'),(508,176,79,_binary '','2021-03-14 17:12:28'),(509,260,14,_binary '','2021-03-14 17:12:28'),(510,158,34,_binary '','2021-03-14 17:12:28'),(511,17,95,_binary '\0','2021-03-14 17:12:28'),(512,218,82,_binary '\0','2021-03-14 17:12:28'),(513,15,68,_binary '\0','2021-03-14 17:12:28'),(514,284,51,_binary '','2021-03-14 17:12:28'),(515,2,12,_binary '','2021-03-14 17:12:28'),(516,43,37,_binary '','2021-03-14 17:12:28'),(517,91,47,_binary '\0','2021-03-14 17:12:28'),(518,184,97,_binary '\0','2021-03-14 17:12:28'),(519,116,20,_binary '\0','2021-03-14 17:12:28'),(520,293,85,_binary '\0','2021-03-14 17:12:28'),(521,72,24,_binary '','2021-03-14 17:12:28'),(522,170,28,_binary '\0','2021-03-14 17:12:28'),(523,253,61,_binary '','2021-03-14 17:12:28'),(524,257,9,_binary '\0','2021-03-14 17:12:28'),(525,279,56,_binary '\0','2021-03-14 17:12:28'),(526,92,87,_binary '','2021-03-14 17:12:28'),(527,195,30,_binary '','2021-03-14 17:12:28'),(528,73,56,_binary '\0','2021-03-14 17:12:28'),(529,236,50,_binary '\0','2021-03-14 17:12:28'),(530,234,72,_binary '\0','2021-03-14 17:12:28'),(531,175,83,_binary '\0','2021-03-14 17:12:28'),(532,105,16,_binary '\0','2021-03-14 17:12:28'),(533,297,43,_binary '','2021-03-14 17:12:28'),(534,112,55,_binary '','2021-03-14 17:12:28'),(535,168,84,_binary '\0','2021-03-14 17:12:28'),(536,193,96,_binary '\0','2021-03-14 17:12:28'),(537,268,56,_binary '\0','2021-03-14 17:12:28'),(538,206,20,_binary '','2021-03-14 17:12:28'),(539,76,70,_binary '\0','2021-03-14 17:12:28'),(540,262,38,_binary '\0','2021-03-14 17:12:28'),(541,105,52,_binary '','2021-03-14 17:12:28'),(542,4,100,_binary '','2021-03-14 17:12:28'),(543,286,13,_binary '\0','2021-03-14 17:12:28'),(544,265,64,_binary '\0','2021-03-14 17:12:28'),(545,282,84,_binary '\0','2021-03-14 17:12:28'),(546,127,50,_binary '\0','2021-03-14 17:12:28'),(547,13,81,_binary '','2021-03-14 17:12:28'),(548,155,5,_binary '','2021-03-14 17:12:28'),(549,222,82,_binary '','2021-03-14 17:12:28'),(550,236,18,_binary '','2021-03-14 17:12:28'),(551,185,98,_binary '','2021-03-14 17:12:28'),(552,138,68,_binary '','2021-03-14 17:12:28'),(553,34,85,_binary '\0','2021-03-14 17:12:28'),(554,211,33,_binary '','2021-03-14 17:12:28'),(555,282,50,_binary '','2021-03-14 17:12:28'),(556,100,85,_binary '','2021-03-14 17:12:28'),(557,83,24,_binary '\0','2021-03-14 17:12:28'),(558,134,24,_binary '','2021-03-14 17:12:28'),(559,133,81,_binary '','2021-03-14 17:12:28'),(560,177,27,_binary '\0','2021-03-14 17:12:28'),(561,293,64,_binary '\0','2021-03-14 17:12:28'),(562,253,99,_binary '','2021-03-14 17:12:28'),(563,263,19,_binary '\0','2021-03-14 17:12:28'),(564,86,55,_binary '','2021-03-14 17:12:28'),(565,198,72,_binary '','2021-03-14 17:12:28'),(566,178,55,_binary '\0','2021-03-14 17:12:28'),(567,38,63,_binary '','2021-03-14 17:12:28'),(568,246,98,_binary '','2021-03-14 17:12:28'),(569,267,84,_binary '\0','2021-03-14 17:12:28'),(570,107,36,_binary '\0','2021-03-14 17:12:28'),(571,40,31,_binary '','2021-03-14 17:12:28'),(572,227,11,_binary '','2021-03-14 17:12:28'),(573,203,98,_binary '','2021-03-14 17:12:28'),(574,256,43,_binary '','2021-03-14 17:12:28'),(575,53,72,_binary '\0','2021-03-14 17:12:28'),(576,202,16,_binary '','2021-03-14 17:12:28'),(577,53,39,_binary '','2021-03-14 17:12:28'),(578,89,66,_binary '\0','2021-03-14 17:12:28'),(579,208,100,_binary '\0','2021-03-14 17:12:28'),(580,187,19,_binary '\0','2021-03-14 17:12:28'),(581,155,47,_binary '','2021-03-14 17:12:28'),(582,196,81,_binary '','2021-03-14 17:12:28'),(583,285,23,_binary '\0','2021-03-14 17:12:28'),(584,64,91,_binary '','2021-03-14 17:12:28'),(585,247,17,_binary '\0','2021-03-14 17:12:28'),(586,241,21,_binary '\0','2021-03-14 17:12:28'),(587,176,37,_binary '\0','2021-03-14 17:12:28'),(588,87,94,_binary '\0','2021-03-14 17:12:28'),(589,24,39,_binary '','2021-03-14 17:12:28'),(590,34,94,_binary '\0','2021-03-14 17:12:28'),(591,166,46,_binary '','2021-03-14 17:12:28'),(592,26,21,_binary '\0','2021-03-14 17:12:28'),(593,77,22,_binary '','2021-03-14 17:12:28'),(594,34,41,_binary '\0','2021-03-14 17:12:28'),(595,286,6,_binary '\0','2021-03-14 17:12:28'),(596,278,60,_binary '','2021-03-14 17:12:28'),(597,293,33,_binary '','2021-03-14 17:12:28'),(598,164,66,_binary '','2021-03-14 17:12:28'),(599,86,63,_binary '\0','2021-03-14 17:12:28'),(600,281,3,_binary '\0','2021-03-14 17:12:28'),(601,103,82,_binary '','2021-03-14 17:12:28'),(602,292,74,_binary '','2021-03-14 17:12:28'),(603,126,58,_binary '\0','2021-03-14 17:12:28'),(604,119,48,_binary '\0','2021-03-14 17:12:28'),(605,114,35,_binary '','2021-03-14 17:12:28'),(606,22,53,_binary '\0','2021-03-14 17:12:28'),(607,299,9,_binary '\0','2021-03-14 17:12:28'),(608,176,100,_binary '\0','2021-03-14 17:12:28'),(609,5,58,_binary '\0','2021-03-14 17:12:28'),(610,199,58,_binary '\0','2021-03-14 17:12:28'),(611,269,11,_binary '\0','2021-03-14 17:12:28'),(612,11,31,_binary '\0','2021-03-14 17:12:28'),(613,276,32,_binary '','2021-03-14 17:12:28'),(614,94,48,_binary '','2021-03-14 17:12:28'),(615,55,87,_binary '','2021-03-14 17:12:28'),(616,204,86,_binary '','2021-03-14 17:12:28'),(617,100,44,_binary '\0','2021-03-14 17:12:28'),(618,126,72,_binary '\0','2021-03-14 17:12:28'),(619,202,45,_binary '','2021-03-14 17:12:28'),(620,146,55,_binary '\0','2021-03-14 17:12:28'),(621,85,68,_binary '','2021-03-14 17:12:28'),(622,178,50,_binary '','2021-03-14 17:12:28'),(623,89,5,_binary '','2021-03-14 17:12:28'),(624,92,7,_binary '\0','2021-03-14 17:12:28'),(625,274,92,_binary '','2021-03-14 17:12:28'),(626,43,33,_binary '','2021-03-14 17:12:28'),(627,60,45,_binary '\0','2021-03-14 17:12:28'),(628,161,37,_binary '','2021-03-14 17:12:28'),(629,121,81,_binary '\0','2021-03-14 17:12:28'),(630,12,48,_binary '','2021-03-14 17:12:28'),(631,80,73,_binary '','2021-03-14 17:12:28'),(632,195,95,_binary '','2021-03-14 17:12:28'),(633,189,11,_binary '','2021-03-14 17:12:28'),(634,235,33,_binary '\0','2021-03-14 17:12:28'),(635,135,33,_binary '\0','2021-03-14 17:12:28'),(636,292,99,_binary '','2021-03-14 17:12:28'),(637,138,13,_binary '\0','2021-03-14 17:12:28'),(638,111,35,_binary '','2021-03-14 17:12:28'),(639,7,54,_binary '','2021-03-14 17:12:28'),(640,233,47,_binary '','2021-03-14 17:12:28'),(641,239,21,_binary '\0','2021-03-14 17:12:28'),(642,37,40,_binary '\0','2021-03-14 17:12:28'),(643,297,50,_binary '','2021-03-14 17:12:28'),(644,114,35,_binary '\0','2021-03-14 17:12:28'),(645,2,18,_binary '\0','2021-03-14 17:12:28'),(646,74,7,_binary '','2021-03-14 17:12:28'),(647,278,14,_binary '','2021-03-14 17:12:28'),(648,293,85,_binary '\0','2021-03-14 17:12:28'),(649,110,36,_binary '','2021-03-14 17:12:28'),(650,267,17,_binary '','2021-03-14 17:12:28'),(651,167,33,_binary '\0','2021-03-14 17:12:28'),(652,31,85,_binary '','2021-03-14 17:12:28'),(653,221,16,_binary '','2021-03-14 17:12:28'),(654,87,78,_binary '','2021-03-14 17:12:28'),(655,199,10,_binary '\0','2021-03-14 17:12:28'),(656,276,84,_binary '','2021-03-14 17:12:28'),(657,289,81,_binary '\0','2021-03-14 17:12:28'),(658,209,81,_binary '\0','2021-03-14 17:12:28'),(659,93,37,_binary '','2021-03-14 17:12:28'),(660,3,4,_binary '\0','2021-03-14 17:12:28'),(661,56,3,_binary '','2021-03-14 17:12:28'),(662,294,17,_binary '','2021-03-14 17:12:28'),(663,40,19,_binary '','2021-03-14 17:12:28'),(664,9,63,_binary '','2021-03-14 17:12:28'),(665,89,3,_binary '\0','2021-03-14 17:12:28'),(666,16,80,_binary '\0','2021-03-14 17:12:28'),(667,207,10,_binary '','2021-03-14 17:12:28'),(668,43,89,_binary '\0','2021-03-14 17:12:28'),(669,224,56,_binary '','2021-03-14 17:12:28'),(670,217,59,_binary '\0','2021-03-14 17:12:28'),(671,234,46,_binary '\0','2021-03-14 17:12:28'),(672,207,32,_binary '','2021-03-14 17:12:28'),(673,19,12,_binary '\0','2021-03-14 17:12:28'),(674,255,28,_binary '\0','2021-03-14 17:12:28'),(675,148,6,_binary '','2021-03-14 17:12:28'),(676,126,78,_binary '\0','2021-03-14 17:12:28'),(677,195,44,_binary '\0','2021-03-14 17:12:28'),(678,3,14,_binary '\0','2021-03-14 17:12:28'),(679,271,88,_binary '','2021-03-14 17:12:28'),(680,59,3,_binary '','2021-03-14 17:12:28'),(681,30,81,_binary '','2021-03-14 17:12:28'),(682,13,14,_binary '\0','2021-03-14 17:12:28'),(683,137,20,_binary '','2021-03-14 17:12:28'),(684,78,7,_binary '\0','2021-03-14 17:12:28'),(685,31,91,_binary '','2021-03-14 17:12:28'),(686,258,12,_binary '','2021-03-14 17:12:28'),(687,161,66,_binary '\0','2021-03-14 17:12:28'),(688,100,71,_binary '\0','2021-03-14 17:12:28'),(689,81,45,_binary '','2021-03-14 17:12:28'),(690,90,31,_binary '','2021-03-14 17:12:28'),(691,201,69,_binary '','2021-03-14 17:12:28'),(692,92,49,_binary '','2021-03-14 17:12:28'),(693,163,68,_binary '\0','2021-03-14 17:12:28'),(694,187,27,_binary '','2021-03-14 17:12:28'),(695,10,88,_binary '','2021-03-14 17:12:28'),(696,171,10,_binary '','2021-03-14 17:12:28'),(697,186,98,_binary '','2021-03-14 17:12:28'),(698,258,12,_binary '\0','2021-03-14 17:12:28'),(699,190,27,_binary '\0','2021-03-14 17:12:28'),(700,248,6,_binary '','2021-03-14 17:12:28'),(701,259,82,_binary '\0','2021-03-14 17:12:28'),(702,3,92,_binary '','2021-03-14 17:12:28'),(703,285,62,_binary '\0','2021-03-14 17:12:28'),(704,49,41,_binary '\0','2021-03-14 17:12:28'),(705,225,27,_binary '','2021-03-14 17:12:28'),(706,137,51,_binary '','2021-03-14 17:12:28'),(707,75,19,_binary '','2021-03-14 17:12:28'),(708,49,66,_binary '','2021-03-14 17:12:28'),(709,139,10,_binary '\0','2021-03-14 17:12:28'),(710,32,39,_binary '','2021-03-14 17:12:28'),(711,192,2,_binary '','2021-03-14 17:12:28'),(712,287,95,_binary '','2021-03-14 17:12:28'),(713,172,22,_binary '','2021-03-14 17:12:28'),(714,284,89,_binary '\0','2021-03-14 17:12:28'),(715,128,59,_binary '\0','2021-03-14 17:12:28'),(716,256,11,_binary '\0','2021-03-14 17:12:28'),(717,106,24,_binary '\0','2021-03-14 17:12:28'),(718,139,96,_binary '\0','2021-03-14 17:12:28'),(719,64,28,_binary '','2021-03-14 17:12:28'),(720,287,35,_binary '\0','2021-03-14 17:12:28'),(721,128,65,_binary '','2021-03-14 17:12:28'),(722,244,66,_binary '','2021-03-14 17:12:28'),(723,95,85,_binary '\0','2021-03-14 17:12:28'),(724,156,60,_binary '\0','2021-03-14 17:12:28'),(725,150,11,_binary '\0','2021-03-14 17:12:28'),(726,57,27,_binary '\0','2021-03-14 17:12:28'),(727,266,13,_binary '','2021-03-14 17:12:28'),(728,166,78,_binary '\0','2021-03-14 17:12:28'),(729,99,98,_binary '\0','2021-03-14 17:12:28'),(730,49,25,_binary '','2021-03-14 17:12:28'),(731,281,78,_binary '','2021-03-14 17:12:28'),(732,12,16,_binary '','2021-03-14 17:12:28'),(733,250,77,_binary '\0','2021-03-14 17:12:28'),(734,288,92,_binary '','2021-03-14 17:12:28'),(735,107,25,_binary '','2021-03-14 17:12:28'),(736,138,93,_binary '','2021-03-14 17:12:28'),(737,22,11,_binary '','2021-03-14 17:12:28'),(738,129,53,_binary '','2021-03-14 17:12:28'),(739,44,75,_binary '\0','2021-03-14 17:12:28'),(740,1,48,_binary '\0','2021-03-14 17:12:28'),(741,283,94,_binary '','2021-03-14 17:12:28'),(742,174,80,_binary '\0','2021-03-14 17:12:28'),(743,97,45,_binary '\0','2021-03-14 17:12:28'),(744,103,77,_binary '\0','2021-03-14 17:12:28'),(745,237,7,_binary '','2021-03-14 17:12:28'),(746,226,95,_binary '','2021-03-14 17:12:28'),(747,194,75,_binary '\0','2021-03-14 17:12:28'),(748,107,60,_binary '\0','2021-03-14 17:12:28'),(749,182,54,_binary '','2021-03-14 17:12:28'),(750,254,58,_binary '\0','2021-03-14 17:12:28'),(751,248,48,_binary '','2021-03-14 17:12:28'),(752,37,92,_binary '','2021-03-14 17:12:28'),(753,202,51,_binary '\0','2021-03-14 17:12:28'),(754,213,72,_binary '','2021-03-14 17:12:28'),(755,147,23,_binary '\0','2021-03-14 17:12:28'),(756,91,18,_binary '','2021-03-14 17:12:28'),(757,60,12,_binary '\0','2021-03-14 17:12:28'),(758,95,31,_binary '\0','2021-03-14 17:12:28'),(759,293,59,_binary '\0','2021-03-14 17:12:28'),(760,159,44,_binary '\0','2021-03-14 17:12:28'),(761,38,71,_binary '\0','2021-03-14 17:12:28'),(762,264,97,_binary '','2021-03-14 17:12:28'),(763,278,81,_binary '\0','2021-03-14 17:12:28'),(764,14,71,_binary '','2021-03-14 17:12:28'),(765,106,91,_binary '','2021-03-14 17:12:28'),(766,168,22,_binary '\0','2021-03-14 17:12:28'),(767,50,52,_binary '','2021-03-14 17:12:28'),(768,41,78,_binary '','2021-03-14 17:12:28'),(769,243,13,_binary '\0','2021-03-14 17:12:28'),(770,173,88,_binary '\0','2021-03-14 17:12:28'),(771,176,63,_binary '','2021-03-14 17:12:28'),(772,102,60,_binary '\0','2021-03-14 17:12:28'),(773,170,28,_binary '','2021-03-14 17:12:28'),(774,167,22,_binary '\0','2021-03-14 17:12:28'),(775,134,35,_binary '\0','2021-03-14 17:12:28'),(776,136,56,_binary '\0','2021-03-14 17:12:28'),(777,292,20,_binary '','2021-03-14 17:12:28'),(778,41,22,_binary '','2021-03-14 17:12:28'),(779,261,78,_binary '','2021-03-14 17:12:28'),(780,38,59,_binary '','2021-03-14 17:12:28'),(781,207,11,_binary '','2021-03-14 17:12:28'),(782,50,36,_binary '','2021-03-14 17:12:28'),(783,105,54,_binary '','2021-03-14 17:12:28'),(784,128,4,_binary '','2021-03-14 17:12:28'),(785,270,72,_binary '','2021-03-14 17:12:28'),(786,105,50,_binary '\0','2021-03-14 17:12:28'),(787,237,38,_binary '','2021-03-14 17:12:28'),(788,73,62,_binary '','2021-03-14 17:12:28'),(789,9,80,_binary '','2021-03-14 17:12:28'),(790,142,69,_binary '','2021-03-14 17:12:28'),(791,68,38,_binary '\0','2021-03-14 17:12:28'),(792,31,61,_binary '','2021-03-14 17:12:28'),(793,60,44,_binary '','2021-03-14 17:12:28'),(794,283,28,_binary '','2021-03-14 17:12:28'),(795,208,38,_binary '\0','2021-03-14 17:12:28'),(796,9,64,_binary '\0','2021-03-14 17:12:28'),(797,76,99,_binary '\0','2021-03-14 17:12:28'),(798,259,65,_binary '\0','2021-03-14 17:12:28'),(799,239,18,_binary '','2021-03-14 17:12:28'),(800,59,20,_binary '','2021-03-14 17:12:28'),(801,110,53,_binary '','2021-03-14 17:18:51'),(802,6,70,_binary '','2021-03-14 17:18:51'),(803,124,16,_binary '\0','2021-03-14 17:18:51'),(804,292,56,_binary '','2021-03-14 17:18:51'),(805,259,21,_binary '\0','2021-03-14 17:18:51'),(806,284,10,_binary '\0','2021-03-14 17:18:51'),(807,151,61,_binary '\0','2021-03-14 17:18:51'),(808,274,38,_binary '','2021-03-14 17:18:51'),(809,173,58,_binary '','2021-03-14 17:18:51'),(810,112,81,_binary '','2021-03-14 17:18:51'),(811,297,93,_binary '\0','2021-03-14 17:18:51'),(812,52,30,_binary '\0','2021-03-14 17:18:51'),(813,39,98,_binary '\0','2021-03-14 17:18:51'),(814,173,28,_binary '','2021-03-14 17:18:51'),(815,26,78,_binary '','2021-03-14 17:18:51'),(816,23,63,_binary '\0','2021-03-14 17:18:51'),(817,133,1,_binary '\0','2021-03-14 17:18:51'),(818,28,4,_binary '\0','2021-03-14 17:18:51'),(819,235,31,_binary '','2021-03-14 17:18:51'),(820,278,43,_binary '','2021-03-14 17:18:51'),(821,168,99,_binary '','2021-03-14 17:18:51'),(822,148,26,_binary '','2021-03-14 17:18:51'),(823,124,33,_binary '','2021-03-14 17:18:51'),(824,299,83,_binary '\0','2021-03-14 17:18:51'),(825,24,19,_binary '\0','2021-03-14 17:18:51'),(826,258,99,_binary '','2021-03-14 17:18:51'),(827,206,64,_binary '','2021-03-14 17:18:51'),(828,37,88,_binary '','2021-03-14 17:18:51'),(829,127,89,_binary '','2021-03-14 17:18:51'),(830,160,18,_binary '','2021-03-14 17:18:51'),(831,280,56,_binary '\0','2021-03-14 17:18:51'),(832,274,88,_binary '','2021-03-14 17:18:51'),(833,142,81,_binary '\0','2021-03-14 17:18:51'),(834,126,86,_binary '\0','2021-03-14 17:18:51'),(835,260,17,_binary '','2021-03-14 17:18:51'),(836,294,73,_binary '','2021-03-14 17:18:51'),(837,47,62,_binary '','2021-03-14 17:18:51'),(838,80,17,_binary '','2021-03-14 17:18:51'),(839,88,59,_binary '','2021-03-14 17:18:51'),(840,93,87,_binary '\0','2021-03-14 17:18:51'),(841,255,77,_binary '\0','2021-03-14 17:18:51'),(842,9,29,_binary '','2021-03-14 17:18:51'),(843,155,98,_binary '\0','2021-03-14 17:18:51'),(844,27,83,_binary '','2021-03-14 17:18:51'),(845,33,32,_binary '','2021-03-14 17:18:51'),(846,137,57,_binary '','2021-03-14 17:18:51'),(847,235,62,_binary '\0','2021-03-14 17:18:51'),(848,297,48,_binary '\0','2021-03-14 17:18:51'),(849,239,17,_binary '','2021-03-14 17:18:51'),(850,110,76,_binary '\0','2021-03-14 17:18:51'),(851,212,65,_binary '','2021-03-14 17:18:51'),(852,29,19,_binary '','2021-03-14 17:18:51'),(853,18,14,_binary '','2021-03-14 17:18:51'),(854,136,4,_binary '\0','2021-03-14 17:18:51'),(855,260,53,_binary '','2021-03-14 17:18:51'),(856,29,17,_binary '','2021-03-14 17:18:51'),(857,170,52,_binary '\0','2021-03-14 17:18:51'),(858,85,10,_binary '','2021-03-14 17:18:51'),(859,213,94,_binary '\0','2021-03-14 17:18:51'),(860,296,31,_binary '','2021-03-14 17:18:51'),(861,191,100,_binary '\0','2021-03-14 17:18:51'),(862,137,47,_binary '\0','2021-03-14 17:18:51'),(863,156,68,_binary '','2021-03-14 17:18:51'),(864,18,39,_binary '\0','2021-03-14 17:18:51'),(865,198,33,_binary '','2021-03-14 17:18:51'),(866,80,11,_binary '','2021-03-14 17:18:51'),(867,192,72,_binary '','2021-03-14 17:18:51'),(868,227,23,_binary '\0','2021-03-14 17:18:51'),(869,56,15,_binary '\0','2021-03-14 17:18:51'),(870,2,97,_binary '\0','2021-03-14 17:18:51'),(871,158,1,_binary '','2021-03-14 17:18:51'),(872,161,9,_binary '\0','2021-03-14 17:18:51'),(873,268,26,_binary '','2021-03-14 17:18:51'),(874,26,64,_binary '\0','2021-03-14 17:18:51'),(875,81,52,_binary '\0','2021-03-14 17:18:51'),(876,162,83,_binary '\0','2021-03-14 17:18:51'),(877,248,33,_binary '','2021-03-14 17:18:51'),(878,91,62,_binary '\0','2021-03-14 17:18:51'),(879,263,1,_binary '\0','2021-03-14 17:18:51'),(880,70,97,_binary '\0','2021-03-14 17:18:51'),(881,292,53,_binary '','2021-03-14 17:18:51'),(882,298,98,_binary '','2021-03-14 17:18:51'),(883,257,97,_binary '','2021-03-14 17:18:51'),(884,98,38,_binary '\0','2021-03-14 17:18:51'),(885,38,15,_binary '\0','2021-03-14 17:18:51'),(886,10,9,_binary '','2021-03-14 17:18:51'),(887,68,75,_binary '','2021-03-14 17:18:51'),(888,261,17,_binary '','2021-03-14 17:18:51'),(889,242,18,_binary '','2021-03-14 17:18:51'),(890,239,42,_binary '','2021-03-14 17:18:51'),(891,207,29,_binary '','2021-03-14 17:18:51'),(892,108,31,_binary '\0','2021-03-14 17:18:51'),(893,50,58,_binary '','2021-03-14 17:18:51'),(894,16,83,_binary '\0','2021-03-14 17:18:51'),(895,104,4,_binary '','2021-03-14 17:18:51'),(896,223,20,_binary '','2021-03-14 17:18:51'),(897,66,69,_binary '\0','2021-03-14 17:18:51'),(898,71,65,_binary '\0','2021-03-14 17:18:51'),(899,120,26,_binary '\0','2021-03-14 17:18:51'),(900,218,32,_binary '','2021-03-14 17:18:51'),(901,91,32,_binary '','2021-03-14 17:18:51'),(902,105,92,_binary '','2021-03-14 17:18:51'),(903,262,38,_binary '','2021-03-14 17:18:51'),(904,45,8,_binary '\0','2021-03-14 17:18:51'),(905,257,66,_binary '\0','2021-03-14 17:18:51'),(906,237,85,_binary '','2021-03-14 17:18:51'),(907,105,88,_binary '\0','2021-03-14 17:18:51'),(908,176,79,_binary '','2021-03-14 17:18:51'),(909,260,14,_binary '','2021-03-14 17:18:51'),(910,158,34,_binary '','2021-03-14 17:18:51'),(911,17,95,_binary '\0','2021-03-14 17:18:51'),(912,218,82,_binary '\0','2021-03-14 17:18:51'),(913,15,68,_binary '\0','2021-03-14 17:18:51'),(914,284,51,_binary '','2021-03-14 17:18:51'),(915,2,12,_binary '','2021-03-14 17:18:51'),(916,43,37,_binary '','2021-03-14 17:18:51'),(917,91,47,_binary '\0','2021-03-14 17:18:51'),(918,184,97,_binary '\0','2021-03-14 17:18:51'),(919,116,20,_binary '\0','2021-03-14 17:18:51'),(920,293,85,_binary '\0','2021-03-14 17:18:51'),(921,72,24,_binary '','2021-03-14 17:18:51'),(922,170,28,_binary '\0','2021-03-14 17:18:51'),(923,253,61,_binary '','2021-03-14 17:18:51'),(924,257,9,_binary '\0','2021-03-14 17:18:51'),(925,279,56,_binary '\0','2021-03-14 17:18:51'),(926,92,87,_binary '','2021-03-14 17:18:51'),(927,195,30,_binary '','2021-03-14 17:18:51'),(928,73,56,_binary '\0','2021-03-14 17:18:51'),(929,236,50,_binary '\0','2021-03-14 17:18:51'),(930,234,72,_binary '\0','2021-03-14 17:18:51'),(931,175,83,_binary '\0','2021-03-14 17:18:51'),(932,105,16,_binary '\0','2021-03-14 17:18:51'),(933,297,43,_binary '','2021-03-14 17:18:51'),(934,112,55,_binary '','2021-03-14 17:18:51'),(935,168,84,_binary '\0','2021-03-14 17:18:51'),(936,193,96,_binary '\0','2021-03-14 17:18:51'),(937,268,56,_binary '\0','2021-03-14 17:18:51'),(938,206,20,_binary '','2021-03-14 17:18:51'),(939,76,70,_binary '\0','2021-03-14 17:18:51'),(940,262,38,_binary '\0','2021-03-14 17:18:51'),(941,105,52,_binary '','2021-03-14 17:18:51'),(942,4,100,_binary '','2021-03-14 17:18:51'),(943,286,13,_binary '\0','2021-03-14 17:18:51'),(944,265,64,_binary '\0','2021-03-14 17:18:51'),(945,282,84,_binary '\0','2021-03-14 17:18:51'),(946,127,50,_binary '\0','2021-03-14 17:18:51'),(947,13,81,_binary '','2021-03-14 17:18:51'),(948,155,5,_binary '','2021-03-14 17:18:51'),(949,222,82,_binary '','2021-03-14 17:18:51'),(950,236,18,_binary '','2021-03-14 17:18:51'),(951,185,98,_binary '','2021-03-14 17:18:51'),(952,138,68,_binary '','2021-03-14 17:18:51'),(953,34,85,_binary '\0','2021-03-14 17:18:51'),(954,211,33,_binary '','2021-03-14 17:18:51'),(955,282,50,_binary '','2021-03-14 17:18:51'),(956,100,85,_binary '','2021-03-14 17:18:51'),(957,83,24,_binary '\0','2021-03-14 17:18:51'),(958,134,24,_binary '','2021-03-14 17:18:51'),(959,133,81,_binary '','2021-03-14 17:18:51'),(960,177,27,_binary '\0','2021-03-14 17:18:51'),(961,293,64,_binary '\0','2021-03-14 17:18:51'),(962,253,99,_binary '','2021-03-14 17:18:51'),(963,263,19,_binary '\0','2021-03-14 17:18:51'),(964,86,55,_binary '','2021-03-14 17:18:51'),(965,198,72,_binary '','2021-03-14 17:18:51'),(966,178,55,_binary '\0','2021-03-14 17:18:51'),(967,38,63,_binary '','2021-03-14 17:18:51'),(968,246,98,_binary '','2021-03-14 17:18:51'),(969,267,84,_binary '\0','2021-03-14 17:18:51'),(970,107,36,_binary '\0','2021-03-14 17:18:51'),(971,40,31,_binary '','2021-03-14 17:18:51'),(972,227,11,_binary '','2021-03-14 17:18:51'),(973,203,98,_binary '','2021-03-14 17:18:51'),(974,256,43,_binary '','2021-03-14 17:18:51'),(975,53,72,_binary '\0','2021-03-14 17:18:51'),(976,202,16,_binary '','2021-03-14 17:18:51'),(977,53,39,_binary '','2021-03-14 17:18:51'),(978,89,66,_binary '\0','2021-03-14 17:18:51'),(979,208,100,_binary '\0','2021-03-14 17:18:51'),(980,187,19,_binary '\0','2021-03-14 17:18:51'),(981,155,47,_binary '','2021-03-14 17:18:51'),(982,196,81,_binary '','2021-03-14 17:18:51'),(983,285,23,_binary '\0','2021-03-14 17:18:51'),(984,64,91,_binary '','2021-03-14 17:18:51'),(985,247,17,_binary '\0','2021-03-14 17:18:51'),(986,241,21,_binary '\0','2021-03-14 17:18:51'),(987,176,37,_binary '\0','2021-03-14 17:18:51'),(988,87,94,_binary '\0','2021-03-14 17:18:51'),(989,24,39,_binary '','2021-03-14 17:18:51'),(990,34,94,_binary '\0','2021-03-14 17:18:51'),(991,166,46,_binary '','2021-03-14 17:18:51'),(992,26,21,_binary '\0','2021-03-14 17:18:51'),(993,77,22,_binary '','2021-03-14 17:18:51'),(994,34,41,_binary '\0','2021-03-14 17:18:51'),(995,286,6,_binary '\0','2021-03-14 17:18:51'),(996,278,60,_binary '','2021-03-14 17:18:51'),(997,293,33,_binary '','2021-03-14 17:18:51'),(998,164,66,_binary '','2021-03-14 17:18:51'),(999,86,63,_binary '\0','2021-03-14 17:18:51'),(1000,281,3,_binary '\0','2021-03-14 17:18:51'),(1001,103,82,_binary '','2021-03-14 17:18:51'),(1002,292,74,_binary '','2021-03-14 17:18:51'),(1003,126,58,_binary '\0','2021-03-14 17:18:51'),(1004,119,48,_binary '\0','2021-03-14 17:18:51'),(1005,114,35,_binary '','2021-03-14 17:18:51'),(1006,22,53,_binary '\0','2021-03-14 17:18:51'),(1007,299,9,_binary '\0','2021-03-14 17:18:51'),(1008,176,100,_binary '\0','2021-03-14 17:18:51'),(1009,5,58,_binary '\0','2021-03-14 17:18:51'),(1010,199,58,_binary '\0','2021-03-14 17:18:51'),(1011,269,11,_binary '\0','2021-03-14 17:18:51'),(1012,11,31,_binary '\0','2021-03-14 17:18:51'),(1013,276,32,_binary '','2021-03-14 17:18:51'),(1014,94,48,_binary '','2021-03-14 17:18:51'),(1015,55,87,_binary '','2021-03-14 17:18:51'),(1016,204,86,_binary '','2021-03-14 17:18:51'),(1017,100,44,_binary '\0','2021-03-14 17:18:51'),(1018,126,72,_binary '\0','2021-03-14 17:18:51'),(1019,202,45,_binary '','2021-03-14 17:18:51'),(1020,146,55,_binary '\0','2021-03-14 17:18:51'),(1021,85,68,_binary '','2021-03-14 17:18:51'),(1022,178,50,_binary '','2021-03-14 17:18:51'),(1023,89,5,_binary '','2021-03-14 17:18:51'),(1024,92,7,_binary '\0','2021-03-14 17:18:51'),(1025,274,92,_binary '','2021-03-14 17:18:51'),(1026,43,33,_binary '','2021-03-14 17:18:51'),(1027,60,45,_binary '\0','2021-03-14 17:18:51'),(1028,161,37,_binary '','2021-03-14 17:18:51'),(1029,121,81,_binary '\0','2021-03-14 17:18:51'),(1030,12,48,_binary '','2021-03-14 17:18:51'),(1031,80,73,_binary '','2021-03-14 17:18:51'),(1032,195,95,_binary '','2021-03-14 17:18:51'),(1033,189,11,_binary '','2021-03-14 17:18:51'),(1034,235,33,_binary '\0','2021-03-14 17:18:51'),(1035,135,33,_binary '\0','2021-03-14 17:18:51'),(1036,292,99,_binary '','2021-03-14 17:18:51'),(1037,138,13,_binary '\0','2021-03-14 17:18:51'),(1038,111,35,_binary '','2021-03-14 17:18:51'),(1039,7,54,_binary '','2021-03-14 17:18:51'),(1040,233,47,_binary '','2021-03-14 17:18:51'),(1041,239,21,_binary '\0','2021-03-14 17:18:51'),(1042,37,40,_binary '\0','2021-03-14 17:18:51'),(1043,297,50,_binary '','2021-03-14 17:18:51'),(1044,114,35,_binary '\0','2021-03-14 17:18:51'),(1045,2,18,_binary '\0','2021-03-14 17:18:51'),(1046,74,7,_binary '','2021-03-14 17:18:51'),(1047,278,14,_binary '','2021-03-14 17:18:51'),(1048,293,85,_binary '\0','2021-03-14 17:18:51'),(1049,110,36,_binary '','2021-03-14 17:18:51'),(1050,267,17,_binary '','2021-03-14 17:18:51'),(1051,167,33,_binary '\0','2021-03-14 17:18:51'),(1052,31,85,_binary '','2021-03-14 17:18:51'),(1053,221,16,_binary '','2021-03-14 17:18:51'),(1054,87,78,_binary '','2021-03-14 17:18:51'),(1055,199,10,_binary '\0','2021-03-14 17:18:51'),(1056,276,84,_binary '','2021-03-14 17:18:51'),(1057,289,81,_binary '\0','2021-03-14 17:18:51'),(1058,209,81,_binary '\0','2021-03-14 17:18:51'),(1059,93,37,_binary '','2021-03-14 17:18:51'),(1060,3,4,_binary '\0','2021-03-14 17:18:51'),(1061,56,3,_binary '','2021-03-14 17:18:51'),(1062,294,17,_binary '','2021-03-14 17:18:51'),(1063,40,19,_binary '','2021-03-14 17:18:51'),(1064,9,63,_binary '','2021-03-14 17:18:51'),(1065,89,3,_binary '\0','2021-03-14 17:18:51'),(1066,16,80,_binary '\0','2021-03-14 17:18:51'),(1067,207,10,_binary '','2021-03-14 17:18:51'),(1068,43,89,_binary '\0','2021-03-14 17:18:51'),(1069,224,56,_binary '','2021-03-14 17:18:51'),(1070,217,59,_binary '\0','2021-03-14 17:18:51'),(1071,234,46,_binary '\0','2021-03-14 17:18:51'),(1072,207,32,_binary '','2021-03-14 17:18:51'),(1073,19,12,_binary '\0','2021-03-14 17:18:51'),(1074,255,28,_binary '\0','2021-03-14 17:18:51'),(1075,148,6,_binary '','2021-03-14 17:18:51'),(1076,126,78,_binary '\0','2021-03-14 17:18:51'),(1077,195,44,_binary '\0','2021-03-14 17:18:51'),(1078,3,14,_binary '\0','2021-03-14 17:18:51'),(1079,271,88,_binary '','2021-03-14 17:18:51'),(1080,59,3,_binary '','2021-03-14 17:18:51'),(1081,30,81,_binary '','2021-03-14 17:18:51'),(1082,13,14,_binary '\0','2021-03-14 17:18:51'),(1083,137,20,_binary '','2021-03-14 17:18:51'),(1084,78,7,_binary '\0','2021-03-14 17:18:51'),(1085,31,91,_binary '','2021-03-14 17:18:51'),(1086,258,12,_binary '','2021-03-14 17:18:51'),(1087,161,66,_binary '\0','2021-03-14 17:18:51'),(1088,100,71,_binary '\0','2021-03-14 17:18:51'),(1089,81,45,_binary '','2021-03-14 17:18:51'),(1090,90,31,_binary '','2021-03-14 17:18:51'),(1091,201,69,_binary '','2021-03-14 17:18:51'),(1092,92,49,_binary '','2021-03-14 17:18:51'),(1093,163,68,_binary '\0','2021-03-14 17:18:51'),(1094,187,27,_binary '','2021-03-14 17:18:51'),(1095,10,88,_binary '','2021-03-14 17:18:51'),(1096,171,10,_binary '','2021-03-14 17:18:51'),(1097,186,98,_binary '','2021-03-14 17:18:51'),(1098,258,12,_binary '\0','2021-03-14 17:18:51'),(1099,190,27,_binary '\0','2021-03-14 17:18:51'),(1100,248,6,_binary '','2021-03-14 17:18:51'),(1101,259,82,_binary '\0','2021-03-14 17:18:51'),(1102,3,92,_binary '','2021-03-14 17:18:51'),(1103,285,62,_binary '\0','2021-03-14 17:18:51'),(1104,49,41,_binary '\0','2021-03-14 17:18:51'),(1105,225,27,_binary '','2021-03-14 17:18:51'),(1106,137,51,_binary '','2021-03-14 17:18:51'),(1107,75,19,_binary '','2021-03-14 17:18:51'),(1108,49,66,_binary '','2021-03-14 17:18:51'),(1109,139,10,_binary '\0','2021-03-14 17:18:51'),(1110,32,39,_binary '','2021-03-14 17:18:51'),(1111,192,2,_binary '','2021-03-14 17:18:51'),(1112,287,95,_binary '','2021-03-14 17:18:51'),(1113,172,22,_binary '','2021-03-14 17:18:51'),(1114,284,89,_binary '\0','2021-03-14 17:18:51'),(1115,128,59,_binary '\0','2021-03-14 17:18:51'),(1116,256,11,_binary '\0','2021-03-14 17:18:51'),(1117,106,24,_binary '\0','2021-03-14 17:18:51'),(1118,139,96,_binary '\0','2021-03-14 17:18:51'),(1119,64,28,_binary '','2021-03-14 17:18:51'),(1120,287,35,_binary '\0','2021-03-14 17:18:51'),(1121,128,65,_binary '','2021-03-14 17:18:51'),(1122,244,66,_binary '','2021-03-14 17:18:51'),(1123,95,85,_binary '\0','2021-03-14 17:18:51'),(1124,156,60,_binary '\0','2021-03-14 17:18:51'),(1125,150,11,_binary '\0','2021-03-14 17:18:51'),(1126,57,27,_binary '\0','2021-03-14 17:18:51'),(1127,266,13,_binary '','2021-03-14 17:18:51'),(1128,166,78,_binary '\0','2021-03-14 17:18:51'),(1129,99,98,_binary '\0','2021-03-14 17:18:51'),(1130,49,25,_binary '','2021-03-14 17:18:51'),(1131,281,78,_binary '','2021-03-14 17:18:51'),(1132,12,16,_binary '','2021-03-14 17:18:51'),(1133,250,77,_binary '\0','2021-03-14 17:18:51'),(1134,288,92,_binary '','2021-03-14 17:18:51'),(1135,107,25,_binary '','2021-03-14 17:18:51'),(1136,138,93,_binary '','2021-03-14 17:18:51'),(1137,22,11,_binary '','2021-03-14 17:18:51'),(1138,129,53,_binary '','2021-03-14 17:18:51'),(1139,44,75,_binary '\0','2021-03-14 17:18:51'),(1140,1,48,_binary '\0','2021-03-14 17:18:51'),(1141,283,94,_binary '','2021-03-14 17:18:51'),(1142,174,80,_binary '\0','2021-03-14 17:18:51'),(1143,97,45,_binary '\0','2021-03-14 17:18:51'),(1144,103,77,_binary '\0','2021-03-14 17:18:51'),(1145,237,7,_binary '','2021-03-14 17:18:51'),(1146,226,95,_binary '','2021-03-14 17:18:51'),(1147,194,75,_binary '\0','2021-03-14 17:18:51'),(1148,107,60,_binary '\0','2021-03-14 17:18:51'),(1149,182,54,_binary '','2021-03-14 17:18:51'),(1150,254,58,_binary '\0','2021-03-14 17:18:51'),(1151,248,48,_binary '','2021-03-14 17:18:51'),(1152,37,92,_binary '','2021-03-14 17:18:51'),(1153,202,51,_binary '\0','2021-03-14 17:18:51'),(1154,213,72,_binary '','2021-03-14 17:18:51'),(1155,147,23,_binary '\0','2021-03-14 17:18:51'),(1156,91,18,_binary '','2021-03-14 17:18:51'),(1157,60,12,_binary '\0','2021-03-14 17:18:51'),(1158,95,31,_binary '\0','2021-03-14 17:18:51'),(1159,293,59,_binary '\0','2021-03-14 17:18:51'),(1160,159,44,_binary '\0','2021-03-14 17:18:51'),(1161,38,71,_binary '\0','2021-03-14 17:18:51'),(1162,264,97,_binary '','2021-03-14 17:18:51'),(1163,278,81,_binary '\0','2021-03-14 17:18:51'),(1164,14,71,_binary '','2021-03-14 17:18:51'),(1165,106,91,_binary '','2021-03-14 17:18:51'),(1166,168,22,_binary '\0','2021-03-14 17:18:51'),(1167,50,52,_binary '','2021-03-14 17:18:51'),(1168,41,78,_binary '','2021-03-14 17:18:51'),(1169,243,13,_binary '\0','2021-03-14 17:18:51'),(1170,173,88,_binary '\0','2021-03-14 17:18:51'),(1171,176,63,_binary '','2021-03-14 17:18:51'),(1172,102,60,_binary '\0','2021-03-14 17:18:51'),(1173,170,28,_binary '','2021-03-14 17:18:51'),(1174,167,22,_binary '\0','2021-03-14 17:18:51'),(1175,134,35,_binary '\0','2021-03-14 17:18:51'),(1176,136,56,_binary '\0','2021-03-14 17:18:51'),(1177,292,20,_binary '','2021-03-14 17:18:51'),(1178,41,22,_binary '','2021-03-14 17:18:51'),(1179,261,78,_binary '','2021-03-14 17:18:51'),(1180,38,59,_binary '','2021-03-14 17:18:51'),(1181,207,11,_binary '','2021-03-14 17:18:51'),(1182,50,36,_binary '','2021-03-14 17:18:51'),(1183,105,54,_binary '','2021-03-14 17:18:51'),(1184,128,4,_binary '','2021-03-14 17:18:51'),(1185,270,72,_binary '','2021-03-14 17:18:51'),(1186,105,50,_binary '\0','2021-03-14 17:18:51'),(1187,237,38,_binary '','2021-03-14 17:18:51'),(1188,73,62,_binary '','2021-03-14 17:18:51'),(1189,9,80,_binary '','2021-03-14 17:18:51'),(1190,142,69,_binary '','2021-03-14 17:18:51'),(1191,68,38,_binary '\0','2021-03-14 17:18:51'),(1192,31,61,_binary '','2021-03-14 17:18:51'),(1193,60,44,_binary '','2021-03-14 17:18:51'),(1194,283,28,_binary '','2021-03-14 17:18:51'),(1195,208,38,_binary '\0','2021-03-14 17:18:51'),(1196,9,64,_binary '\0','2021-03-14 17:18:51'),(1197,76,99,_binary '\0','2021-03-14 17:18:51'),(1198,259,65,_binary '\0','2021-03-14 17:18:51'),(1199,239,18,_binary '','2021-03-14 17:18:51'),(1200,59,20,_binary '','2021-03-14 17:18:51');
/*!40000 ALTER TABLE `votes_on_reviews` ENABLE KEYS */;
UNLOCK TABLES;

--
-- Final view structure for view `countries_info`
--

/*!50001 DROP VIEW IF EXISTS `countries_info`*/;
/*!50001 SET @saved_cs_client          = @@character_set_client */;
/*!50001 SET @saved_cs_results         = @@character_set_results */;
/*!50001 SET @saved_col_connection     = @@collation_connection */;
/*!50001 SET character_set_client      = utf8mb4 */;
/*!50001 SET character_set_results     = utf8mb4 */;
/*!50001 SET collation_connection      = utf8mb4_0900_ai_ci */;
/*!50001 CREATE ALGORITHM=UNDEFINED */
/*!50013 DEFINER=`root`@`localhost` SQL SECURITY DEFINER */
/*!50001 VIEW `countries_info` AS select `c`.`id` AS `c_id`,`c`.`country` AS `country`,`tc`.`c1` AS `all_titles`,`up`.`c2` AS `all_users`,`cr`.`c3` AS `all_creators` from (((`countries` `c` left join (select count(`title_country`.`title_id`) AS `c1`,`title_country`.`country_id` AS `country_id` from `title_country` group by `title_country`.`country_id`) `tc` on((`c`.`id` = `tc`.`country_id`))) left join (select count(`user_profiles`.`user_id`) AS `c2`,`user_profiles`.`country_id` AS `country_id` from `user_profiles` group by `user_profiles`.`country_id`) `up` on((`c`.`id` = `up`.`country_id`))) left join (select count(`creators`.`id`) AS `c3`,`creators`.`country_id` AS `country_id` from `creators` group by `creators`.`country_id`) `cr` on((`c`.`id` = `cr`.`country_id`))) order by `c`.`country` */;
/*!50001 SET character_set_client      = @saved_cs_client */;
/*!50001 SET character_set_results     = @saved_cs_results */;
/*!50001 SET collation_connection      = @saved_col_connection */;

--
-- Final view structure for view `titles_and_companies`
--

/*!50001 DROP VIEW IF EXISTS `titles_and_companies`*/;
/*!50001 SET @saved_cs_client          = @@character_set_client */;
/*!50001 SET @saved_cs_results         = @@character_set_results */;
/*!50001 SET @saved_col_connection     = @@collation_connection */;
/*!50001 SET character_set_client      = utf8mb4 */;
/*!50001 SET character_set_results     = utf8mb4 */;
/*!50001 SET collation_connection      = utf8mb4_0900_ai_ci */;
/*!50001 CREATE ALGORITHM=UNDEFINED */
/*!50013 DEFINER=`root`@`localhost` SQL SECURITY DEFINER */
/*!50001 VIEW `titles_and_companies` AS select `t`.`id` AS `t_id`,`t`.`title` AS `title`,`c`.`ID` AS `comp_id`,`c`.`Company` AS `company` from ((`titles` `t` join `title_company` `tc` on((`t`.`id` = `tc`.`title_id`))) join `companies` `c` on((`tc`.`company_id` = `c`.`ID`))) order by `t`.`id` */;
/*!50001 SET character_set_client      = @saved_cs_client */;
/*!50001 SET character_set_results     = @saved_cs_results */;
/*!50001 SET collation_connection      = @saved_col_connection */;
/*!40103 SET TIME_ZONE=@OLD_TIME_ZONE */;

/*!40101 SET SQL_MODE=@OLD_SQL_MODE */;
/*!40014 SET FOREIGN_KEY_CHECKS=@OLD_FOREIGN_KEY_CHECKS */;
/*!40014 SET UNIQUE_CHECKS=@OLD_UNIQUE_CHECKS */;
/*!40101 SET CHARACTER_SET_CLIENT=@OLD_CHARACTER_SET_CLIENT */;
/*!40101 SET CHARACTER_SET_RESULTS=@OLD_CHARACTER_SET_RESULTS */;
/*!40101 SET COLLATION_CONNECTION=@OLD_COLLATION_CONNECTION */;
/*!40111 SET SQL_NOTES=@OLD_SQL_NOTES */;

-- Dump completed on 2021-03-14 21:03:23
