-- MySQL dump 10.13  Distrib 8.0.23, for Linux (x86_64)
--
-- Host: localhost    Database: vk
-- ------------------------------------------------------
-- Server version	8.0.23-0ubuntu0.20.04.1

/*!40101 SET @OLD_CHARACTER_SET_CLIENT=@@CHARACTER_SET_CLIENT */;
/*!40101 SET @OLD_CHARACTER_SET_RESULTS=@@CHARACTER_SET_RESULTS */;
/*!40101 SET @OLD_COLLATION_CONNECTION=@@COLLATION_CONNECTION */;
/*!50503 SET NAMES utf8mb4 */;
/*!40103 SET @OLD_TIME_ZONE=@@TIME_ZONE */;
/*!40103 SET TIME_ZONE='+00:00' */;
/*!40014 SET @OLD_UNIQUE_CHECKS=@@UNIQUE_CHECKS, UNIQUE_CHECKS=0 */;
/*!40014 SET @OLD_FOREIGN_KEY_CHECKS=@@FOREIGN_KEY_CHECKS, FOREIGN_KEY_CHECKS=0 */;
/*!40101 SET @OLD_SQL_MODE=@@SQL_MODE, SQL_MODE='NO_AUTO_VALUE_ON_ZERO' */;
/*!40111 SET @OLD_SQL_NOTES=@@SQL_NOTES, SQL_NOTES=0 */;

--
-- Table structure for table `communities`
--

DROP TABLE IF EXISTS `communities`;
/*!40101 SET @saved_cs_client     = @@character_set_client */;
/*!50503 SET character_set_client = utf8mb4 */;
CREATE TABLE `communities` (
  `id` int unsigned NOT NULL AUTO_INCREMENT COMMENT 'Идентификатор сроки',
  `name` varchar(150) CHARACTER SET utf8mb4 COLLATE utf8mb4_unicode_ci NOT NULL COMMENT 'Название группы',
  `created_at` datetime DEFAULT CURRENT_TIMESTAMP COMMENT 'Время создания строки',
  `updated_at` datetime DEFAULT CURRENT_TIMESTAMP ON UPDATE CURRENT_TIMESTAMP COMMENT 'Время обновления строки',
  PRIMARY KEY (`id`),
  UNIQUE KEY `name` (`name`)
) ENGINE=InnoDB AUTO_INCREMENT=31 DEFAULT CHARSET=utf8mb4 COLLATE=utf8mb4_unicode_ci COMMENT='Группы';
/*!40101 SET character_set_client = @saved_cs_client */;

--
-- Dumping data for table `communities`
--

LOCK TABLES `communities` WRITE;
/*!40000 ALTER TABLE `communities` DISABLE KEYS */;
INSERT INTO `communities` VALUES (1,'facilis','2005-02-07 09:47:06','2021-02-15 17:48:00'),(2,'autem','2009-11-28 07:46:21','2021-02-15 17:48:00'),(3,'magnam','2013-04-14 23:31:59','2013-11-02 21:53:45'),(4,'eos','1994-07-28 06:42:56','2015-07-07 14:46:26'),(5,'tempore','1977-08-28 20:28:38','2013-08-04 23:43:54'),(6,'rerum','2016-01-30 01:03:08','2021-02-15 17:48:00'),(7,'corrupti','1987-06-08 23:28:20','2017-05-20 06:08:51'),(8,'vitae','1986-06-18 09:31:32','2020-04-08 14:11:27'),(9,'cupiditate','1978-07-06 14:34:31','2021-02-15 17:48:00'),(10,'nesciunt','1986-06-20 11:13:07','1993-02-04 04:26:02'),(11,'ipsam','1993-03-26 15:05:18','2021-02-15 17:48:00'),(12,'soluta','1989-03-12 13:55:08','1995-07-31 07:24:32'),(13,'rem','2001-03-25 06:15:56','2021-02-15 17:48:00'),(14,'ea','1989-05-24 13:57:50','1996-08-17 20:11:09'),(15,'in','1976-07-09 03:09:30','2006-03-31 14:34:15'),(16,'blanditiis','1985-07-07 15:26:21','2021-02-15 17:48:00'),(17,'laudantium','2007-02-14 05:30:12','2021-02-15 17:48:00'),(18,'et','2002-07-28 01:00:28','2021-02-15 17:48:00'),(19,'ipsa','1976-02-06 06:09:10','1995-01-14 23:01:44'),(20,'quam','1995-09-07 06:59:26','2007-03-21 07:40:53');
/*!40000 ALTER TABLE `communities` ENABLE KEYS */;
UNLOCK TABLES;

--
-- Table structure for table `communities_users`
--

DROP TABLE IF EXISTS `communities_users`;
/*!40101 SET @saved_cs_client     = @@character_set_client */;
/*!50503 SET character_set_client = utf8mb4 */;
CREATE TABLE `communities_users` (
  `community_id` int unsigned NOT NULL COMMENT 'Ссылка на группу',
  `user_id` int unsigned NOT NULL COMMENT 'Ссылка на пользователя',
  `created_at` datetime DEFAULT CURRENT_TIMESTAMP COMMENT 'Время создания строки',
  PRIMARY KEY (`community_id`,`user_id`) COMMENT 'Составной первичный ключ'
) ENGINE=InnoDB DEFAULT CHARSET=utf8mb4 COLLATE=utf8mb4_unicode_ci COMMENT='Участники групп, связь между пользователями и группами';
/*!40101 SET character_set_client = @saved_cs_client */;

--
-- Dumping data for table `communities_users`
--

LOCK TABLES `communities_users` WRITE;
/*!40000 ALTER TABLE `communities_users` DISABLE KEYS */;
INSERT INTO `communities_users` VALUES (1,1,'2000-07-11 08:56:51'),(1,31,'2000-03-15 11:36:07'),(1,61,'1984-06-28 11:34:48'),(1,91,'2010-11-26 04:21:04'),(2,2,'2017-11-09 02:54:26'),(2,32,'1993-02-14 07:20:12'),(2,62,'1999-11-11 20:05:50'),(2,92,'2017-03-10 04:59:10'),(3,3,'2009-07-21 22:54:25'),(3,33,'2021-02-08 22:48:48'),(3,63,'1983-09-06 10:20:37'),(3,93,'1984-05-23 02:50:36'),(4,4,'2006-04-07 07:58:03'),(4,34,'2016-12-27 04:22:24'),(4,64,'2020-05-12 16:08:10'),(4,94,'1987-01-21 09:27:04'),(5,5,'2000-12-19 14:10:49'),(5,35,'2001-11-22 14:14:17'),(5,65,'2017-12-29 02:10:23'),(5,95,'1970-07-17 04:47:08'),(6,6,'2011-09-10 02:58:45'),(6,36,'1971-02-11 19:42:39'),(6,66,'1972-03-07 20:30:03'),(6,96,'1989-12-18 23:57:34'),(7,7,'2007-05-26 02:02:06'),(7,37,'1973-06-22 12:19:21'),(7,67,'1988-11-16 02:42:24'),(7,97,'2020-10-02 14:51:47'),(8,8,'2000-09-19 01:44:52'),(8,38,'1971-05-27 16:49:59'),(8,68,'1995-11-28 00:37:35'),(8,98,'1993-05-18 07:56:21'),(9,9,'1992-10-15 10:51:03'),(9,39,'1988-01-21 05:08:57'),(9,69,'2018-02-19 00:59:33'),(9,99,'2018-06-14 07:35:58'),(10,10,'2013-08-30 02:22:06'),(10,40,'2017-12-28 19:19:29'),(10,70,'1993-09-24 02:00:27'),(10,100,'1976-05-24 16:38:30'),(11,11,'1991-11-09 23:46:26'),(11,41,'1980-05-17 13:56:53'),(11,71,'1985-05-26 22:53:54'),(12,12,'1972-11-23 05:05:02'),(12,42,'1994-12-04 05:03:51'),(12,72,'2006-12-20 12:46:42'),(13,13,'2020-03-03 00:53:54'),(13,43,'1990-04-22 15:30:34'),(13,73,'1999-11-27 08:22:05'),(14,14,'1984-08-21 13:02:51'),(14,44,'2014-04-25 02:16:59'),(14,74,'1973-12-21 13:39:06'),(15,15,'2003-04-13 15:38:37'),(15,45,'2014-04-20 15:30:35'),(15,75,'2001-04-10 17:49:32'),(16,16,'2018-01-21 19:12:54'),(16,46,'1995-12-23 01:25:42'),(16,76,'1996-08-08 12:50:24'),(17,17,'1985-01-28 14:02:54'),(17,47,'1975-07-02 21:54:04'),(17,77,'1980-02-14 00:14:53'),(18,18,'2006-12-03 03:49:42'),(18,48,'1979-09-21 07:39:44'),(18,78,'2007-02-06 03:36:33'),(19,19,'1976-01-12 23:50:15'),(19,49,'2003-06-21 05:25:56'),(19,79,'2002-09-26 12:36:03'),(20,20,'2003-12-02 13:53:17'),(20,50,'1996-01-31 20:22:41'),(20,80,'1982-06-09 11:10:40'),(21,21,'1978-11-11 00:30:22'),(21,51,'1976-10-01 13:52:58'),(21,81,'1988-07-23 14:03:15'),(22,22,'2015-08-17 20:12:29'),(22,52,'2000-06-03 23:58:33'),(22,82,'1992-06-02 05:46:10'),(23,23,'1976-06-30 03:44:56'),(23,53,'1991-10-22 13:05:11'),(23,83,'1976-10-23 15:13:32'),(24,24,'1999-04-02 08:10:48'),(24,54,'1974-10-21 18:21:18'),(24,84,'2009-04-22 11:35:47'),(25,25,'2011-02-27 03:19:08'),(25,55,'1996-12-29 07:31:51'),(25,85,'1991-12-03 04:36:05'),(26,26,'2005-08-12 02:26:57'),(26,56,'1970-03-23 02:33:53'),(26,86,'1991-05-11 13:38:54'),(27,27,'2008-05-19 18:44:20'),(27,57,'1999-03-22 14:25:40'),(27,87,'2001-08-11 21:56:09'),(28,28,'1979-08-18 16:47:51'),(28,58,'1986-03-03 07:27:54'),(28,88,'2002-03-17 06:30:55'),(29,29,'1990-09-19 02:58:20'),(29,59,'2010-05-10 09:47:46'),(29,89,'1988-12-19 22:57:33'),(30,30,'1977-12-09 15:29:34'),(30,60,'1970-03-31 13:58:48'),(30,90,'1974-05-28 06:12:20');
/*!40000 ALTER TABLE `communities_users` ENABLE KEYS */;
UNLOCK TABLES;

--
-- Table structure for table `friendship`
--

DROP TABLE IF EXISTS `friendship`;
/*!40101 SET @saved_cs_client     = @@character_set_client */;
/*!50503 SET character_set_client = utf8mb4 */;
CREATE TABLE `friendship` (
  `user_id` int unsigned NOT NULL COMMENT 'Ссылка на инициатора дружеских отношений',
  `friend_id` int unsigned NOT NULL COMMENT 'Ссылка на получателя приглашения дружить',
  `friendship_status_id` int unsigned NOT NULL COMMENT 'Ссылка на статус (текущее состояние) отношений',
  `requested_at` datetime DEFAULT CURRENT_TIMESTAMP COMMENT 'Время отправления приглашения дружить',
  `confirmed_at` datetime DEFAULT NULL COMMENT 'Время подтверждения приглашения',
  `created_at` datetime DEFAULT CURRENT_TIMESTAMP COMMENT 'Время создания строки',
  `updated_at` datetime DEFAULT CURRENT_TIMESTAMP ON UPDATE CURRENT_TIMESTAMP COMMENT 'Время обновления строки',
  PRIMARY KEY (`user_id`,`friend_id`) COMMENT 'Составной первичный ключ'
) ENGINE=InnoDB DEFAULT CHARSET=utf8mb4 COLLATE=utf8mb4_unicode_ci COMMENT='Таблица дружбы';
/*!40101 SET character_set_client = @saved_cs_client */;

--
-- Dumping data for table `friendship`
--

LOCK TABLES `friendship` WRITE;
/*!40000 ALTER TABLE `friendship` DISABLE KEYS */;
INSERT INTO `friendship` VALUES (1,36,102,'2016-07-17 12:35:36','1997-11-01 07:04:42','1970-10-06 19:17:27','1996-08-22 18:45:26'),(3,65,102,'2018-04-11 16:39:00','1999-03-02 23:47:17','2016-11-27 08:56:18','2021-02-15 17:49:19'),(5,26,101,'2020-10-13 19:02:24','1976-03-09 13:37:22','2010-08-02 12:49:10','2021-02-15 17:49:19'),(5,49,101,'1971-01-14 02:22:18','2011-01-24 01:01:17','1974-11-02 17:10:22','1985-07-19 01:02:12'),(5,80,101,'1977-02-08 13:45:00','1974-05-07 08:51:40','2004-10-13 03:55:43','2021-02-15 17:49:19'),(6,61,102,'2010-05-06 14:33:01','1987-05-29 17:46:53','1997-06-07 02:13:24','2021-02-15 17:49:19'),(7,18,101,'1981-01-23 17:38:51','2004-06-02 14:38:04','2001-02-03 16:03:10','2021-02-15 17:49:19'),(9,50,101,'1982-07-14 04:34:12','2018-12-07 23:16:44','1999-07-15 11:47:43','2001-09-05 07:56:20'),(9,79,101,'1999-11-26 15:40:12','2006-12-28 15:25:04','2007-06-12 20:55:01','2007-09-04 12:38:04'),(11,33,102,'1999-05-13 10:54:33','1972-06-24 15:22:13','2000-04-25 01:38:59','2021-02-15 17:49:19'),(13,91,101,'1986-12-01 22:09:29','2020-08-31 12:25:44','1982-05-03 05:41:49','1989-12-10 14:04:06'),(14,21,102,'2012-04-14 01:10:36','1997-12-31 05:34:34','2009-03-29 07:32:34','2021-02-15 17:49:19'),(15,36,102,'2000-10-14 16:47:23','1973-05-09 04:04:16','1997-11-18 14:54:04','2021-02-15 17:49:19'),(17,44,102,'2008-08-13 03:55:21','2003-05-30 11:55:37','1977-09-10 14:20:54','1996-07-21 06:10:38'),(17,74,102,'1985-03-24 13:22:23','2015-01-15 18:39:48','1985-04-11 13:32:31','2012-10-09 00:34:25'),(18,56,102,'1992-02-22 11:28:56','1976-09-01 15:37:20','1974-06-20 12:52:57','1998-12-06 18:59:30'),(19,4,101,'1977-02-18 14:37:35','1993-06-21 07:28:00','1981-07-28 16:44:42','1998-05-01 20:50:49'),(19,97,102,'1970-08-24 16:28:55','1985-08-03 16:02:35','2012-03-29 07:02:00','2021-02-15 17:49:19'),(23,8,101,'1980-07-05 10:37:50','1979-06-26 22:57:31','1975-07-03 17:52:39','2012-03-31 19:09:05'),(23,18,102,'1995-08-07 01:04:19','1988-04-10 01:44:40','2020-09-22 19:20:28','2021-02-15 17:49:19'),(23,35,102,'2021-01-14 14:55:48','1972-06-20 01:13:01','1982-01-06 15:59:34','2021-02-15 17:49:19'),(24,51,101,'1994-07-23 05:42:54','1970-05-28 22:45:48','2017-01-07 06:33:30','2021-02-15 17:49:19'),(24,61,102,'2000-11-02 12:49:46','1997-11-02 06:46:15','1989-12-25 11:10:38','2012-10-10 10:55:18'),(26,43,102,'1971-02-02 18:26:19','2010-04-12 18:27:34','1975-08-19 04:29:27','1987-04-23 11:32:26'),(28,25,101,'2015-01-27 07:21:51','2007-03-22 18:44:50','1982-08-07 19:25:20','2021-02-15 17:49:19'),(31,14,101,'1998-11-28 16:27:48','1970-09-30 23:38:13','2018-09-11 08:08:10','2021-02-15 17:49:19'),(31,97,101,'2019-09-03 07:43:39','1982-04-07 15:19:51','1971-10-02 00:11:06','2013-04-16 01:31:16'),(32,11,101,'2016-08-01 05:37:39','2007-09-28 14:15:30','1979-08-23 22:28:45','2006-07-03 06:02:05'),(32,32,102,'1979-05-16 20:04:38','1990-03-30 21:17:28','1970-11-12 13:34:57','2012-02-09 19:36:20'),(34,10,102,'1993-12-06 01:22:26','2016-01-07 18:55:48','1995-01-30 21:30:17','2021-02-15 17:49:19'),(34,91,101,'1972-06-28 13:27:58','1996-12-08 23:57:07','1989-08-03 20:18:35','1993-03-30 15:26:23'),(37,24,102,'1974-08-19 09:26:34','2011-07-18 01:54:50','2014-04-21 23:24:06','2021-02-15 17:49:19'),(38,20,101,'1981-08-15 06:19:49','2000-12-18 14:35:38','2014-09-15 10:19:11','2021-02-15 17:49:19'),(38,95,102,'2002-06-16 18:35:45','1997-01-15 05:28:16','1987-11-29 03:37:08','2021-02-15 17:49:19'),(40,31,102,'1999-02-17 04:18:32','2007-10-17 12:23:15','1991-02-19 06:15:21','2010-06-22 15:06:25'),(41,29,101,'2003-08-20 08:51:14','1978-10-08 11:46:25','1972-05-20 23:03:50','1975-06-18 10:17:56'),(41,51,102,'1976-10-04 01:31:33','1996-09-05 21:25:38','2005-07-31 03:35:35','2021-02-15 17:49:19'),(41,79,101,'1973-11-15 05:45:23','1979-04-16 03:12:17','1980-06-08 10:24:19','1995-10-17 17:14:19'),(42,66,101,'1987-09-01 17:42:35','2011-07-06 01:46:16','2006-07-10 22:20:41','2021-02-15 17:49:19'),(42,81,101,'2002-11-26 01:09:05','1996-03-01 17:42:29','2011-03-03 16:02:31','2021-02-15 17:49:19'),(44,27,102,'1979-01-04 02:06:21','1998-10-31 05:56:48','2004-04-30 16:13:45','2021-02-15 17:49:19'),(44,45,101,'1990-05-12 14:09:09','2018-03-04 23:41:17','1993-04-08 15:20:26','2018-07-05 15:06:53'),(46,35,102,'2008-11-29 05:49:44','2016-05-04 09:48:17','1993-05-12 19:51:40','2017-04-11 04:28:40'),(46,74,101,'1999-07-05 21:56:14','1977-08-12 06:16:11','2000-11-23 07:37:02','2021-02-15 17:49:19'),(48,93,101,'1970-02-27 10:10:07','1982-05-25 19:38:49','2009-01-23 20:14:49','2021-02-15 17:49:19'),(49,27,102,'1982-07-20 22:05:36','1980-12-10 04:06:11','1992-12-21 16:07:16','2018-09-18 11:38:47'),(50,5,102,'2011-11-11 21:30:33','1987-09-16 00:56:42','1980-10-03 11:00:45','2005-04-23 13:01:45'),(51,83,102,'2020-09-20 20:57:10','1976-06-13 08:11:22','1990-12-17 07:17:44','2015-04-04 05:14:58'),(57,17,102,'2010-10-30 19:39:01','1985-06-24 08:39:36','2019-04-12 14:38:03','2021-02-15 17:49:19'),(57,32,101,'2016-03-07 10:37:13','1976-06-18 16:52:42','1995-12-17 20:12:58','2007-04-27 09:18:18'),(57,35,102,'1979-04-04 05:24:55','1982-04-26 03:26:58','1970-10-08 13:21:13','2001-03-14 11:09:42'),(58,51,101,'1993-10-23 08:56:18','2016-12-08 21:29:47','2008-04-10 23:26:48','2014-10-31 07:35:14'),(58,91,102,'2007-07-08 17:06:42','1979-01-22 17:19:31','2005-11-07 17:24:18','2020-10-19 12:51:24'),(60,2,101,'1987-01-02 20:39:21','1990-03-29 08:54:46','2006-06-18 17:13:19','2021-02-15 17:49:19'),(61,25,101,'2004-05-02 07:50:42','1988-08-19 05:27:52','1970-06-22 04:36:40','1979-03-07 03:49:39'),(61,41,101,'2001-07-19 05:27:06','1994-01-01 15:29:10','1980-01-09 09:49:34','2001-11-13 08:47:18'),(61,42,102,'2016-07-02 18:20:51','1987-01-15 00:21:11','1995-11-09 11:19:43','2021-02-15 17:49:19'),(62,7,102,'1999-12-26 10:35:59','1989-09-04 14:43:30','2009-09-26 23:41:20','2021-02-15 17:49:19'),(62,49,102,'1978-09-06 03:10:43','1993-04-04 10:39:53','2012-12-12 23:08:56','2013-03-27 13:41:42'),(63,10,102,'2012-06-16 16:12:24','2020-01-05 04:45:14','2003-12-31 07:43:48','2020-03-12 22:32:21'),(64,54,101,'1978-07-31 14:56:49','2000-06-02 06:20:30','1986-02-13 16:15:35','2007-03-31 14:52:26'),(65,55,101,'1970-06-29 14:31:30','1995-09-28 03:20:56','1974-08-18 18:15:40','1996-03-07 17:19:39'),(65,56,101,'1988-08-13 13:47:52','2003-06-15 12:12:30','1996-07-28 01:04:56','2021-02-15 17:49:19'),(65,59,102,'1994-04-19 10:15:22','1998-02-24 09:38:34','2012-06-25 11:21:12','2021-02-15 17:49:19'),(65,69,101,'2002-07-14 14:18:31','1985-11-11 01:11:38','1993-03-08 03:53:52','2021-02-15 17:49:19'),(65,92,102,'2018-05-17 17:41:22','1976-11-12 16:18:04','2009-05-24 22:45:40','2021-02-15 17:49:19'),(65,95,101,'1984-03-26 10:54:50','2005-05-28 02:22:34','1999-04-10 05:37:51','2021-02-15 17:49:19'),(66,88,102,'1975-08-11 07:05:18','2006-05-13 23:58:02','1971-04-06 06:08:54','2002-05-06 00:19:48'),(67,91,101,'1977-08-30 18:53:47','1978-05-08 05:28:25','1992-05-13 18:39:38','2019-01-09 17:00:39'),(68,6,102,'1977-07-31 11:50:25','1999-03-23 23:39:06','2016-04-27 19:05:48','2021-02-15 17:49:19'),(69,6,101,'2020-04-22 11:54:43','2015-03-24 04:11:49','2012-05-02 10:13:54','2018-12-19 01:06:50'),(69,51,101,'2002-01-06 15:10:17','2018-07-25 23:18:26','1999-07-09 18:57:43','2021-02-15 17:49:19'),(70,48,101,'1991-05-11 03:26:32','1986-06-04 02:49:15','2017-06-15 22:51:32','2021-02-15 17:49:19'),(75,1,101,'2013-05-10 23:00:52','2000-03-25 16:06:04','1973-04-19 14:30:49','2016-08-24 20:02:12'),(76,29,101,'2007-04-11 16:15:48','1971-04-08 00:49:13','1984-11-17 01:36:43','2021-02-15 17:49:19'),(76,61,102,'1988-03-13 05:42:36','1972-03-22 00:55:37','1998-05-04 13:52:17','2021-02-15 17:49:19'),(77,33,101,'1992-09-16 22:16:01','1979-03-21 14:30:05','1977-05-02 00:20:27','2018-03-17 11:05:56'),(77,44,102,'1977-12-09 05:23:39','1986-01-02 15:52:56','2016-08-26 09:11:22','2021-02-15 17:49:19'),(78,14,101,'1974-06-26 09:33:34','1995-05-19 13:18:01','2011-04-01 09:45:47','2021-02-15 17:49:19'),(78,51,101,'2013-03-04 10:20:18','1989-01-24 18:24:35','2015-05-01 13:09:57','2021-02-15 17:49:19'),(79,10,102,'1987-11-06 13:57:41','2007-06-13 07:32:59','2000-02-24 19:26:35','2005-04-12 12:52:16'),(79,46,102,'1973-07-01 14:02:24','1995-08-27 11:43:23','1971-09-13 02:57:23','2010-01-14 05:40:30'),(79,89,102,'1994-11-08 16:36:54','1988-08-31 06:18:33','1970-06-10 23:48:06','2010-06-29 08:25:04'),(80,74,101,'1994-08-28 11:36:56','2009-04-04 07:57:06','1995-06-18 11:23:43','2021-02-15 17:49:19'),(82,5,101,'1990-03-12 03:00:26','1999-08-26 18:37:23','1992-07-27 21:01:28','2002-09-20 02:46:32'),(82,44,102,'2001-11-13 04:47:35','2006-12-15 09:06:32','2000-04-05 08:36:14','2006-09-11 02:40:55'),(82,68,102,'1972-08-05 14:08:54','1991-10-08 06:04:21','2007-02-04 23:11:55','2021-02-15 17:49:19'),(83,84,102,'2003-01-28 03:44:40','2013-04-28 00:40:57','2005-03-24 04:47:55','2021-02-15 17:49:19'),(86,60,102,'2008-06-03 03:56:13','1982-02-25 08:57:06','2018-04-29 23:46:52','2021-02-15 17:49:19'),(87,65,102,'1974-02-16 03:26:49','1986-09-24 16:57:20','2006-10-19 13:35:18','2021-02-15 17:49:19'),(88,75,101,'1982-02-10 22:46:37','1988-03-18 13:42:45','2007-08-27 07:29:51','2021-02-15 17:49:19'),(89,7,102,'2009-12-05 07:33:32','1989-05-18 01:44:53','2008-02-10 21:56:20','2021-02-15 17:49:19'),(89,92,102,'2003-04-01 08:54:17','2012-03-16 15:27:57','2006-09-27 13:21:58','2021-02-15 17:49:19'),(92,3,101,'2018-09-12 07:25:50','1971-02-25 11:27:11','2009-06-13 19:26:49','2021-02-15 17:49:19'),(93,72,102,'2004-03-04 05:43:50','1992-02-18 00:08:59','1970-06-22 20:02:02','1975-03-07 15:04:50'),(94,19,101,'2004-05-25 01:29:53','2007-10-11 00:29:29','2011-05-13 20:31:47','2021-02-15 17:49:19'),(96,30,101,'2019-09-01 23:02:32','1986-02-02 12:26:36','2003-11-29 16:05:03','2021-02-15 17:49:19'),(98,87,101,'2003-10-18 02:51:22','1991-04-17 03:03:07','1989-06-19 15:53:14','1989-12-03 13:57:59'),(99,54,101,'1974-09-14 21:36:07','1989-03-15 00:52:44','1990-08-06 07:39:14','2001-08-14 17:45:22'),(100,73,102,'2005-03-07 05:22:26','1994-02-19 20:19:51','2016-04-29 06:09:59','2021-02-15 17:49:19');
/*!40000 ALTER TABLE `friendship` ENABLE KEYS */;
UNLOCK TABLES;

--
-- Table structure for table `friendship_statuses`
--

DROP TABLE IF EXISTS `friendship_statuses`;
/*!40101 SET @saved_cs_client     = @@character_set_client */;
/*!50503 SET character_set_client = utf8mb4 */;
CREATE TABLE `friendship_statuses` (
  `id` int unsigned NOT NULL AUTO_INCREMENT COMMENT 'Идентификатор строки',
  `name` varchar(150) CHARACTER SET utf8mb4 COLLATE utf8mb4_unicode_ci NOT NULL COMMENT 'Название статуса',
  `created_at` datetime DEFAULT CURRENT_TIMESTAMP COMMENT 'Время создания строки',
  `updated_at` datetime DEFAULT CURRENT_TIMESTAMP ON UPDATE CURRENT_TIMESTAMP COMMENT 'Время обновления строки',
  PRIMARY KEY (`id`),
  UNIQUE KEY `name` (`name`)
) ENGINE=InnoDB AUTO_INCREMENT=3 DEFAULT CHARSET=utf8mb4 COLLATE=utf8mb4_unicode_ci COMMENT='Статусы дружбы';
/*!40101 SET character_set_client = @saved_cs_client */;

--
-- Dumping data for table `friendship_statuses`
--

LOCK TABLES `friendship_statuses` WRITE;
/*!40000 ALTER TABLE `friendship_statuses` DISABLE KEYS */;
INSERT INTO `friendship_statuses` VALUES (1,'AGREED','2021-02-15 18:29:04','2021-02-15 18:29:04'),(2,'DISAGREED','2021-02-15 18:29:04','2021-02-15 18:29:04');
/*!40000 ALTER TABLE `friendship_statuses` ENABLE KEYS */;
UNLOCK TABLES;

--
-- Table structure for table `media`
--

DROP TABLE IF EXISTS `media`;
/*!40101 SET @saved_cs_client     = @@character_set_client */;
/*!50503 SET character_set_client = utf8mb4 */;
CREATE TABLE `media` (
  `id` int unsigned NOT NULL AUTO_INCREMENT COMMENT 'Идентификатор строки',
  `user_id` int unsigned NOT NULL COMMENT 'Ссылка на пользователя, который загрузил файл',
  `filename` varchar(255) CHARACTER SET utf8mb4 COLLATE utf8mb4_unicode_ci NOT NULL COMMENT 'Путь к файлу',
  `size` int NOT NULL COMMENT 'Размер файла',
  `metadata` longtext CHARACTER SET utf8mb4 COLLATE utf8mb4_bin COMMENT 'Метаданные файла',
  `media_type_id` int unsigned NOT NULL COMMENT 'Ссылка на тип контента',
  `created_at` datetime DEFAULT CURRENT_TIMESTAMP COMMENT 'Время создания строки',
  `updated_at` datetime DEFAULT CURRENT_TIMESTAMP ON UPDATE CURRENT_TIMESTAMP COMMENT 'Время обновления строки',
  PRIMARY KEY (`id`),
  CONSTRAINT `media_chk_1` CHECK (json_valid(`metadata`))
) ENGINE=InnoDB AUTO_INCREMENT=101 DEFAULT CHARSET=utf8mb4 COLLATE=utf8mb4_unicode_ci COMMENT='Медиафайлы';
/*!40101 SET character_set_client = @saved_cs_client */;

--
-- Dumping data for table `media`
--

LOCK TABLES `media` WRITE;
/*!40000 ALTER TABLE `media` DISABLE KEYS */;
INSERT INTO `media` VALUES (1,85,'https://dropbox.com/vk/voluptatem.MP3',66322,'{\"owner\":\"Adan Christiansen\"}',1,'1996-08-01 10:01:45','2021-02-15 18:20:24'),(2,82,'https://dropbox.com/vk/tempore.MOV',64856,'{\"owner\":\"Susan Osinski\"}',2,'2001-10-27 12:13:49','2021-02-15 18:20:24'),(3,56,'https://dropbox.com/vk/voluptatem.MOV',15315,'{\"owner\":\"Bertrand Pollich\"}',3,'1999-03-28 07:15:40','2021-02-15 18:20:24'),(4,32,'https://dropbox.com/vk/sapiente.MOV',72007,'{\"owner\":\"Barrett Breitenberg\"}',4,'1989-12-02 07:40:36','2021-02-15 18:20:24'),(5,92,'https://dropbox.com/vk/aut.MP4',104090,'{\"owner\":\"Koby Abshire\"}',5,'1993-09-14 07:19:01','2021-02-15 18:20:24'),(6,62,'https://dropbox.com/vk/rerum.MP4',94431,'{\"owner\":\"Trevor Daugherty\"}',1,'1976-03-17 02:33:26','2021-02-15 18:20:24'),(7,33,'https://dropbox.com/vk/placeat.MP3',49886,'{\"owner\":\"Lolita Sipes\"}',2,'1977-04-30 08:27:54','2021-02-15 18:20:24'),(8,81,'https://dropbox.com/vk/optio.AUDIO',56138,'{\"owner\":\"Laron Hodkiewicz\"}',3,'1992-08-02 21:52:55','2021-02-15 18:20:24'),(9,3,'https://dropbox.com/vk/qui.MOV',21030,'{\"owner\":\"Kamren Rodriguez\"}',4,'1987-06-20 23:01:09','2021-02-15 18:20:24'),(10,74,'https://dropbox.com/vk/aut.MOV',26739,'{\"owner\":\"Kenton Prohaska\"}',5,'2018-03-31 11:16:45','2021-02-15 18:20:24'),(11,61,'https://dropbox.com/vk/sit.MP3',60606,'{\"owner\":\"Muriel Hoppe\"}',1,'1985-06-06 05:22:09','2021-02-15 18:20:24'),(12,81,'https://dropbox.com/vk/et.MOV',12811,'{\"owner\":\"Laron Hodkiewicz\"}',2,'1974-08-13 06:36:44','2021-02-15 18:20:24'),(13,20,'https://dropbox.com/vk/hic.MOV',72238,'{\"owner\":\"Ivory Dietrich\"}',3,'1972-05-26 20:09:33','2021-02-15 18:20:24'),(14,59,'https://dropbox.com/vk/a.MP4',12758,'{\"owner\":\"Maymie Hammes\"}',4,'2007-07-16 15:44:28','2021-02-15 18:20:24'),(15,35,'https://dropbox.com/vk/architecto.AUDIO',37078,'{\"owner\":\"Delbert Strosin\"}',5,'2015-07-06 23:33:05','2021-02-15 18:20:24'),(16,95,'https://dropbox.com/vk/velit.MP3',37116,'{\"owner\":\"Ron Hamill\"}',1,'1980-12-24 16:33:03','2021-02-15 18:20:24'),(17,70,'https://dropbox.com/vk/beatae.MOV',64344,'{\"owner\":\"Henriette Schoen\"}',2,'2003-08-26 03:01:20','2021-02-15 18:20:24'),(18,63,'https://dropbox.com/vk/impedit.MOV',100375,'{\"owner\":\"Tate King\"}',3,'1995-04-15 01:23:47','2021-02-15 18:20:24'),(19,6,'https://dropbox.com/vk/fuga.MOV',98843,'{\"owner\":\"Lafayette Strosin\"}',4,'2010-03-24 02:46:50','2021-02-15 18:20:24'),(20,39,'https://dropbox.com/vk/reiciendis.MOV',83089,'{\"owner\":\"Fabiola Dooley\"}',5,'1989-04-01 23:16:52','2021-02-15 18:20:24'),(21,78,'https://dropbox.com/vk/architecto.MP4',108918,'{\"owner\":\"Wilford Murray\"}',1,'1972-04-27 12:31:54','2021-02-15 18:20:24'),(22,72,'https://dropbox.com/vk/perferendis.MOV',85323,'{\"owner\":\"Alexys Larkin\"}',2,'1987-05-07 09:13:09','2021-02-15 18:20:24'),(23,26,'https://dropbox.com/vk/modi.MOV',89862,'{\"owner\":\"Haley Goodwin\"}',3,'1996-09-26 00:21:43','2021-02-15 18:20:24'),(24,12,'https://dropbox.com/vk/deleniti.MP4',83339,'{\"owner\":\"Greyson Reynolds\"}',4,'2014-10-21 07:19:56','2021-02-15 18:20:24'),(25,82,'https://dropbox.com/vk/laudantium.MP3',37112,'{\"owner\":\"Susan Osinski\"}',5,'2012-04-16 10:11:19','2021-02-15 18:20:24'),(26,74,'https://dropbox.com/vk/nesciunt.MP4',25545,'{\"owner\":\"Kenton Prohaska\"}',1,'1985-08-20 16:15:19','2021-02-15 18:20:24'),(27,25,'https://dropbox.com/vk/minima.MP3',106386,'{\"owner\":\"Savannah Hoppe\"}',2,'1982-12-31 15:47:28','2021-02-15 18:20:24'),(28,3,'https://dropbox.com/vk/vel.MP4',45297,'{\"owner\":\"Kamren Rodriguez\"}',3,'2003-04-06 20:47:26','2021-02-15 18:20:24'),(29,36,'https://dropbox.com/vk/qui.MP4',97326,'{\"owner\":\"Jerry Streich\"}',4,'2007-01-02 17:28:03','2021-02-15 18:20:24'),(30,74,'https://dropbox.com/vk/voluptas.MP4',40742,'{\"owner\":\"Kenton Prohaska\"}',5,'1991-04-08 10:27:14','2021-02-15 18:20:24'),(31,60,'https://dropbox.com/vk/reprehenderit.MOV',101731,'{\"owner\":\"Brando Greenholt\"}',1,'2002-04-02 19:47:29','2021-02-15 18:20:24'),(32,77,'https://dropbox.com/vk/qui.MP3',76432,'{\"owner\":\"Kailee Oberbrunner\"}',2,'1988-05-23 08:05:09','2021-02-15 18:20:24'),(33,5,'https://dropbox.com/vk/labore.AUDIO',66965,'{\"owner\":\"Cody Simonis\"}',3,'1990-05-27 10:03:10','2021-02-15 18:20:24'),(34,93,'https://dropbox.com/vk/laborum.MP4',95531,'{\"owner\":\"Gunner Windler\"}',4,'1988-06-12 04:46:11','2021-02-15 18:20:24'),(35,50,'https://dropbox.com/vk/laudantium.AUDIO',66762,'{\"owner\":\"Therese Fay\"}',5,'1973-06-05 15:59:23','2021-02-15 18:20:24'),(36,68,'https://dropbox.com/vk/ratione.MP4',37215,'{\"owner\":\"Loren VonRueden\"}',1,'2000-07-21 12:14:31','2021-02-15 18:20:24'),(37,93,'https://dropbox.com/vk/deleniti.MP3',75791,'{\"owner\":\"Gunner Windler\"}',2,'1998-07-02 09:49:11','2021-02-15 18:20:24'),(38,58,'https://dropbox.com/vk/exercitationem.MOV',57308,'{\"owner\":\"Madeline Kshlerin\"}',3,'1997-03-17 00:52:08','2021-02-15 18:20:24'),(39,12,'https://dropbox.com/vk/aspernatur.AUDIO',49168,'{\"owner\":\"Greyson Reynolds\"}',4,'2010-10-03 11:42:44','2021-02-15 18:20:24'),(40,85,'https://dropbox.com/vk/ipsum.AUDIO',63919,'{\"owner\":\"Adan Christiansen\"}',5,'1978-11-11 15:38:57','2021-02-15 18:20:24'),(41,87,'https://dropbox.com/vk/dolorem.MOV',62090,'{\"owner\":\"Mathias Marquardt\"}',1,'1999-04-21 10:10:08','2021-02-15 18:20:24'),(42,79,'https://dropbox.com/vk/nulla.AUDIO',108695,'{\"owner\":\"Hiram Kub\"}',2,'1996-02-28 18:07:15','2021-02-15 18:20:24'),(43,36,'https://dropbox.com/vk/neque.MP3',47204,'{\"owner\":\"Jerry Streich\"}',3,'2007-07-15 17:20:39','2021-02-15 18:20:24'),(44,41,'https://dropbox.com/vk/alias.MP3',99937,'{\"owner\":\"Vada Ortiz\"}',4,'1995-07-15 04:24:03','2021-02-15 18:20:24'),(45,98,'https://dropbox.com/vk/dolore.MP3',48071,'{\"owner\":\"Darlene Boyer\"}',5,'1995-01-05 07:23:26','2021-02-15 18:20:24'),(46,67,'https://dropbox.com/vk/voluptatibus.MP3',30546,'{\"owner\":\"Sedrick Muller\"}',1,'2015-09-03 05:45:24','2021-02-15 18:20:24'),(47,40,'https://dropbox.com/vk/et.MOV',98516,'{\"owner\":\"Mozell Hegmann\"}',2,'2019-04-08 11:24:42','2021-02-15 18:20:24'),(48,99,'https://dropbox.com/vk/corporis.MP4',90942,'{\"owner\":\"Christopher Price\"}',3,'1977-03-01 04:59:18','2021-02-15 18:20:24'),(49,75,'https://dropbox.com/vk/quo.MP4',49165,'{\"owner\":\"Kendrick Doyle\"}',4,'2011-02-05 18:18:37','2021-02-15 18:20:24'),(50,76,'https://dropbox.com/vk/numquam.MP3',62997,'{\"owner\":\"Jewell Jenkins\"}',5,'2015-04-18 06:28:57','2021-02-15 18:20:24'),(51,56,'https://dropbox.com/vk/sequi.MOV',57493,'{\"owner\":\"Bertrand Pollich\"}',1,'1993-04-06 17:42:33','2021-02-15 18:20:24'),(52,51,'https://dropbox.com/vk/in.MP4',88475,'{\"owner\":\"Darrick Lind\"}',2,'1980-07-03 05:34:16','2021-02-15 18:20:24'),(53,86,'https://dropbox.com/vk/adipisci.MP4',59894,'{\"owner\":\"Jordane Schowalter\"}',3,'2019-07-12 04:20:34','2021-02-15 18:20:24'),(54,75,'https://dropbox.com/vk/facere.AUDIO',24048,'{\"owner\":\"Kendrick Doyle\"}',4,'1979-06-22 03:23:09','2021-02-15 18:20:24'),(55,16,'https://dropbox.com/vk/nam.MP4',30557,'{\"owner\":\"Estella Jenkins\"}',5,'1970-07-31 12:02:08','2021-02-15 18:20:24'),(56,57,'https://dropbox.com/vk/ratione.MP4',70643,'{\"owner\":\"Iva Lang\"}',1,'2003-11-18 08:48:16','2021-02-15 18:20:24'),(57,35,'https://dropbox.com/vk/quia.AUDIO',51543,'{\"owner\":\"Delbert Strosin\"}',2,'1983-12-14 02:34:14','2021-02-15 18:20:24'),(58,2,'https://dropbox.com/vk/qui.MP4',35789,'{\"owner\":\"Colten Fisher\"}',3,'2020-03-15 21:59:14','2021-02-15 18:20:24'),(59,8,'https://dropbox.com/vk/et.MP3',14313,'{\"owner\":\"Chandler Larkin\"}',4,'2009-01-07 05:25:47','2021-02-15 18:20:24'),(60,32,'https://dropbox.com/vk/et.MP3',54201,'{\"owner\":\"Barrett Breitenberg\"}',5,'1982-04-12 22:06:20','2021-02-15 18:20:24'),(61,35,'https://dropbox.com/vk/ipsa.MP4',18068,'{\"owner\":\"Delbert Strosin\"}',1,'1986-09-15 20:55:04','2021-02-15 18:20:24'),(62,79,'https://dropbox.com/vk/consequatur.MP4',17734,'{\"owner\":\"Hiram Kub\"}',2,'1975-02-21 23:11:21','2021-02-15 18:20:24'),(63,88,'https://dropbox.com/vk/et.AUDIO',24469,'{\"owner\":\"Tabitha Carter\"}',3,'2002-04-18 09:07:16','2021-02-15 18:20:24'),(64,2,'https://dropbox.com/vk/rerum.MP3',59142,'{\"owner\":\"Colten Fisher\"}',4,'1978-11-10 21:23:41','2021-02-15 18:20:24'),(65,49,'https://dropbox.com/vk/quis.AUDIO',12302,'{\"owner\":\"Laney Gleichner\"}',5,'1987-01-06 19:34:18','2021-02-15 18:20:24'),(66,35,'https://dropbox.com/vk/est.MP4',74088,'{\"owner\":\"Delbert Strosin\"}',1,'2014-07-16 01:45:11','2021-02-15 18:20:24'),(67,29,'https://dropbox.com/vk/fugiat.MOV',23533,'{\"owner\":\"Jaylen Shields\"}',2,'1987-11-14 04:04:45','2021-02-15 18:20:24'),(68,38,'https://dropbox.com/vk/est.MOV',85400,'{\"owner\":\"Thelma Mayer\"}',3,'1976-09-20 22:42:51','2021-02-15 18:20:24'),(69,5,'https://dropbox.com/vk/ipsa.MOV',46401,'{\"owner\":\"Cody Simonis\"}',4,'2014-01-16 12:16:44','2021-02-15 18:20:24'),(70,10,'https://dropbox.com/vk/quis.AUDIO',65809,'{\"owner\":\"Reinhold Bayer\"}',5,'1999-03-28 05:49:59','2021-02-15 18:20:24'),(71,34,'https://dropbox.com/vk/quod.MOV',79839,'{\"owner\":\"Lura Stoltenberg\"}',1,'2018-02-18 15:31:25','2021-02-15 18:20:24'),(72,40,'https://dropbox.com/vk/ipsam.AUDIO',91770,'{\"owner\":\"Mozell Hegmann\"}',2,'1998-01-14 23:53:23','2021-02-15 18:20:24'),(73,99,'https://dropbox.com/vk/cupiditate.MP4',109334,'{\"owner\":\"Christopher Price\"}',3,'2009-01-19 11:07:40','2021-02-15 18:20:24'),(74,73,'https://dropbox.com/vk/sint.MOV',61361,'{\"owner\":\"Dante Smitham\"}',4,'1982-02-14 06:55:35','2021-02-15 18:20:24'),(75,70,'https://dropbox.com/vk/dolores.MOV',68805,'{\"owner\":\"Henriette Schoen\"}',5,'2005-07-23 00:13:52','2021-02-15 18:20:24'),(76,27,'https://dropbox.com/vk/ea.AUDIO',49941,'{\"owner\":\"Genevieve Wuckert\"}',1,'2012-05-05 01:14:06','2021-02-15 18:20:24'),(77,26,'https://dropbox.com/vk/qui.MOV',33290,'{\"owner\":\"Haley Goodwin\"}',2,'1993-10-17 00:50:41','2021-02-15 18:20:24'),(78,49,'https://dropbox.com/vk/atque.MP4',106627,'{\"owner\":\"Laney Gleichner\"}',3,'1975-05-16 07:24:02','2021-02-15 18:20:24'),(79,67,'https://dropbox.com/vk/culpa.MP3',23266,'{\"owner\":\"Sedrick Muller\"}',4,'2012-08-31 23:18:06','2021-02-15 18:20:24'),(80,85,'https://dropbox.com/vk/est.MP3',86452,'{\"owner\":\"Adan Christiansen\"}',5,'1973-08-09 05:01:22','2021-02-15 18:20:24'),(81,25,'https://dropbox.com/vk/incidunt.AUDIO',52459,'{\"owner\":\"Savannah Hoppe\"}',1,'2006-10-19 16:52:49','2021-02-15 18:20:24'),(82,70,'https://dropbox.com/vk/expedita.AUDIO',92941,'{\"owner\":\"Henriette Schoen\"}',2,'1996-08-15 09:00:28','2021-02-15 18:20:24'),(83,75,'https://dropbox.com/vk/qui.MP4',97327,'{\"owner\":\"Kendrick Doyle\"}',3,'1971-04-28 01:26:01','2021-02-15 18:20:24'),(84,66,'https://dropbox.com/vk/aut.MP3',97815,'{\"owner\":\"Elyssa Langworth\"}',4,'1970-07-24 07:36:38','2021-02-15 18:20:24'),(85,3,'https://dropbox.com/vk/possimus.MP4',87095,'{\"owner\":\"Kamren Rodriguez\"}',5,'2020-11-06 06:14:34','2021-02-15 18:20:24'),(86,15,'https://dropbox.com/vk/iste.AUDIO',32029,'{\"owner\":\"Kayli Hyatt\"}',1,'2010-03-17 04:10:44','2021-02-15 18:20:24'),(87,67,'https://dropbox.com/vk/earum.AUDIO',88862,'{\"owner\":\"Sedrick Muller\"}',2,'1971-06-03 18:22:57','2021-02-15 18:20:24'),(88,89,'https://dropbox.com/vk/quis.MP3',38221,'{\"owner\":\"Everette Quigley\"}',3,'1995-11-03 20:39:21','2021-02-15 18:20:24'),(89,44,'https://dropbox.com/vk/ex.MOV',14521,'{\"owner\":\"Phyllis Bauch\"}',4,'2018-12-23 19:56:21','2021-02-15 18:20:24'),(90,52,'https://dropbox.com/vk/ullam.MP3',47941,'{\"owner\":\"Jacky Fritsch\"}',5,'1990-07-03 05:54:42','2021-02-15 18:20:24'),(91,29,'https://dropbox.com/vk/culpa.AUDIO',86144,'{\"owner\":\"Jaylen Shields\"}',1,'1993-04-29 16:55:20','2021-02-15 18:20:24'),(92,87,'https://dropbox.com/vk/qui.MOV',76897,'{\"owner\":\"Mathias Marquardt\"}',2,'2018-07-30 23:37:32','2021-02-15 18:20:24'),(93,49,'https://dropbox.com/vk/excepturi.MP4',16052,'{\"owner\":\"Laney Gleichner\"}',3,'1977-04-15 18:44:03','2021-02-15 18:20:24'),(94,81,'https://dropbox.com/vk/et.AUDIO',39573,'{\"owner\":\"Laron Hodkiewicz\"}',4,'2014-05-05 03:11:35','2021-02-15 18:20:24'),(95,58,'https://dropbox.com/vk/accusantium.AUDIO',39706,'{\"owner\":\"Madeline Kshlerin\"}',5,'1986-10-23 04:10:26','2021-02-15 18:20:24'),(96,48,'https://dropbox.com/vk/voluptatibus.AUDIO',69812,'{\"owner\":\"Joshua Bergnaum\"}',1,'1990-10-31 03:27:05','2021-02-15 18:20:24'),(97,63,'https://dropbox.com/vk/enim.AUDIO',19941,'{\"owner\":\"Tate King\"}',2,'2003-08-07 14:32:57','2021-02-15 18:20:24'),(98,73,'https://dropbox.com/vk/eum.AUDIO',80271,'{\"owner\":\"Dante Smitham\"}',3,'1979-03-22 19:07:48','2021-02-15 18:20:24'),(99,74,'https://dropbox.com/vk/sed.MOV',31534,'{\"owner\":\"Kenton Prohaska\"}',4,'1987-01-18 13:50:02','2021-02-15 18:20:24'),(100,51,'https://dropbox.com/vk/ut.MP4',106857,'{\"owner\":\"Darrick Lind\"}',5,'2016-09-17 05:19:37','2021-02-15 18:20:24');
/*!40000 ALTER TABLE `media` ENABLE KEYS */;
UNLOCK TABLES;

--
-- Table structure for table `media_types`
--

DROP TABLE IF EXISTS `media_types`;
/*!40101 SET @saved_cs_client     = @@character_set_client */;
/*!50503 SET character_set_client = utf8mb4 */;
CREATE TABLE `media_types` (
  `id` int unsigned NOT NULL AUTO_INCREMENT COMMENT 'Идентификатор строки',
  `name` varchar(255) CHARACTER SET utf8mb4 COLLATE utf8mb4_unicode_ci NOT NULL COMMENT 'Название типа',
  `created_at` datetime DEFAULT CURRENT_TIMESTAMP COMMENT 'Время создания строки',
  `updated_at` datetime DEFAULT CURRENT_TIMESTAMP ON UPDATE CURRENT_TIMESTAMP COMMENT 'Время обновления строки',
  PRIMARY KEY (`id`),
  UNIQUE KEY `name` (`name`)
) ENGINE=InnoDB DEFAULT CHARSET=utf8mb4 COLLATE=utf8mb4_unicode_ci COMMENT='Типы медиафайлов';
/*!40101 SET character_set_client = @saved_cs_client */;

--
-- Dumping data for table `media_types`
--

LOCK TABLES `media_types` WRITE;
/*!40000 ALTER TABLE `media_types` DISABLE KEYS */;
/*!40000 ALTER TABLE `media_types` ENABLE KEYS */;
UNLOCK TABLES;

--
-- Table structure for table `messages`
--

DROP TABLE IF EXISTS `messages`;
/*!40101 SET @saved_cs_client     = @@character_set_client */;
/*!50503 SET character_set_client = utf8mb4 */;
CREATE TABLE `messages` (
  `id` int unsigned NOT NULL AUTO_INCREMENT COMMENT 'Идентификатор строки',
  `from_user_id` int unsigned NOT NULL COMMENT 'Ссылка на отправителя сообщения',
  `to_user_id` int unsigned NOT NULL COMMENT 'Ссылка на получателя сообщения',
  `body` text CHARACTER SET utf8mb4 COLLATE utf8mb4_unicode_ci NOT NULL COMMENT 'Текст сообщения',
  `is_important` tinyint(1) DEFAULT NULL COMMENT 'Признак важности',
  `is_delivered` tinyint(1) DEFAULT NULL COMMENT 'Признак доставки',
  `created_at` datetime DEFAULT CURRENT_TIMESTAMP COMMENT 'Время создания строки',
  PRIMARY KEY (`id`)
) ENGINE=InnoDB AUTO_INCREMENT=101 DEFAULT CHARSET=utf8mb4 COLLATE=utf8mb4_unicode_ci COMMENT='Сообщения';
/*!40101 SET character_set_client = @saved_cs_client */;

--
-- Dumping data for table `messages`
--

LOCK TABLES `messages` WRITE;
/*!40000 ALTER TABLE `messages` DISABLE KEYS */;
INSERT INTO `messages` VALUES (1,59,92,'Est nihil iste aut et similique dolores deserunt nulla. Nemo sunt non provident expedita. Enim quia nihil quia maiores.',1,1,'1994-04-07 21:47:18'),(2,88,81,'Enim corrupti iure quibusdam eius. Maxime modi est temporibus quia vero qui.',0,1,'1989-12-06 09:24:49'),(3,19,49,'Enim culpa quo rem praesentium. Sed delectus aut illo facere. Similique possimus numquam saepe delectus recusandae voluptas inventore.',1,0,'2019-06-16 07:05:37'),(4,26,22,'Qui deserunt delectus commodi delectus officia est modi. Sed necessitatibus quis et laudantium qui eos tempora. Ad a vero debitis voluptas iste magni. Alias expedita quam quod.',1,1,'2000-07-09 08:57:36'),(5,4,23,'Eveniet necessitatibus est eius qui. Corrupti quis ratione deleniti itaque ut. Non eos porro deleniti et enim ut aut.',0,1,'1981-03-04 23:23:23'),(6,87,68,'Temporibus placeat labore temporibus rerum. Fuga dolor dolor aut repellendus. Saepe occaecati neque facilis voluptatum itaque quis alias. Aut nam sed velit et tenetur.',0,1,'1971-11-21 10:27:35'),(7,35,2,'Illum magni id esse. Optio et aut et. Dignissimos corrupti ducimus consequuntur officia. Architecto ducimus est est architecto aperiam eum.',1,1,'2006-03-20 16:37:49'),(8,17,72,'Voluptatem quod voluptate quia sed. Quos non omnis saepe id voluptatem nulla. Qui quis blanditiis dolor laboriosam.',0,1,'2002-01-31 18:34:30'),(9,19,62,'Quia nisi sed eaque reprehenderit qui et minus. Et aperiam impedit earum eos et. Eos explicabo ea cumque repellat provident nam ullam. Aut fuga iusto expedita qui.',1,0,'1988-08-27 21:46:16'),(10,54,72,'Quia voluptatem unde voluptas. Necessitatibus sint magni fugit ut quia repellat. Ut omnis est et.',1,0,'1989-01-18 02:55:57'),(11,92,51,'Molestiae unde cum sint fuga et sunt quod blanditiis. Qui autem quas quo ullam. Velit sed nobis accusantium in.',1,0,'1986-07-09 08:04:58'),(12,52,90,'Molestias et cumque dolores ipsam ut. Rerum odio iste eaque possimus amet. Non molestiae amet eius sequi.',0,1,'2006-04-12 16:38:37'),(13,27,26,'Voluptas culpa nam ea in quasi. Labore quod dolorem totam ratione non qui sit saepe.',0,0,'2009-01-15 00:19:07'),(14,80,12,'Similique deleniti nisi et esse nobis necessitatibus mollitia. Tempora deleniti praesentium doloremque voluptatem in quae ea vel. Iure a voluptas quo doloribus occaecati. Sit fugiat quae hic ad consequatur adipisci.',1,1,'1997-01-25 06:18:50'),(15,72,59,'Repellat accusantium quos et vel facilis id. Quis rerum unde sit error nemo quidem fugit accusamus. Assumenda consequatur iste laborum ut.',0,1,'2020-03-18 21:36:35'),(16,52,30,'Aut esse illum quisquam omnis. Error officiis totam at. Saepe maiores sed dolores soluta perspiciatis. Ducimus cum hic explicabo.',1,0,'2003-10-06 19:41:43'),(17,51,40,'Rem magnam eos amet ut sequi eum delectus. Commodi reiciendis et quae voluptatem voluptatem aspernatur enim. Officiis dolorum et aut pariatur.',0,0,'1970-12-19 05:53:37'),(18,11,70,'Voluptas dolor laudantium vel quaerat ut sint eius. Dolores illum praesentium perferendis doloremque ab.',1,1,'1972-11-07 00:40:34'),(19,88,37,'Minima excepturi officia nihil sit. Veniam et placeat eligendi natus.',0,0,'2016-11-11 23:28:29'),(20,91,92,'Incidunt assumenda consequatur tenetur cum repellat quia veniam et. Quae placeat hic incidunt eius. Dolores ipsam eos rerum velit cum vel nesciunt.',0,1,'2019-06-28 11:01:22'),(21,60,78,'Nisi est sit sit reiciendis. Odio tenetur odit veritatis animi esse consequatur. Atque et est facere assumenda vitae ipsum.',0,0,'2008-06-16 01:30:41'),(22,59,94,'Aut sit error fugit harum vel. Consequatur architecto maiores voluptatem enim id dolor. Dolor quod sit natus voluptatum ut id.',1,0,'1993-10-20 06:02:27'),(23,80,76,'In esse blanditiis consectetur et. Aliquam nostrum itaque eum nostrum voluptas hic. Sunt voluptates esse temporibus eum omnis velit perspiciatis.',0,1,'2003-09-02 22:51:16'),(24,66,98,'Quasi sit aspernatur ab aperiam exercitationem amet molestiae. Quibusdam necessitatibus ipsam velit voluptatibus facere. Eligendi explicabo laboriosam eum itaque voluptatem. Temporibus et deleniti neque voluptatum laborum molestiae.',0,0,'2017-08-02 20:41:55'),(25,37,20,'Molestias consequatur molestiae modi. Aliquam et sequi aliquid exercitationem. Modi voluptatem quaerat unde nobis ut.',0,0,'2017-03-28 19:20:18'),(26,70,28,'Eum asperiores nesciunt quas tempore nostrum. Totam vel aut rerum est. Saepe commodi est alias nisi reprehenderit eos excepturi.',0,1,'2009-10-09 08:53:57'),(27,70,21,'In reiciendis quae voluptatem sit cum tenetur consectetur. Eos molestias consequatur ab facere aperiam et excepturi. Reiciendis consequatur perferendis cum non eum laborum nisi.',0,0,'2015-09-13 22:12:23'),(28,18,97,'Quia harum sequi rerum molestiae sunt aut pariatur. Dicta quasi vel porro non. Voluptatem quia omnis maxime ex. Temporibus dolore unde quos et.',0,1,'2013-12-16 09:10:19'),(29,47,97,'Laudantium debitis dicta voluptas repellendus dicta deserunt. Deserunt autem illum error officia dolorem. Ratione dolores quisquam ea aliquid.',1,1,'1982-09-29 09:08:59'),(30,8,18,'Omnis deleniti id in alias labore dolorem. Quis sit molestiae quo voluptatibus veritatis accusantium optio. Vero hic eos atque ut nostrum iste. Ut ut impedit sit aspernatur animi dolores dicta.',1,1,'2003-10-13 16:55:04'),(31,56,60,'Quia aliquid molestias numquam dolore amet. Sed blanditiis veniam et consectetur non autem error ad. Harum natus suscipit quia provident. Ea omnis dolor ipsa sit placeat in exercitationem. Velit reprehenderit cupiditate voluptatem culpa id culpa.',0,0,'2006-09-17 16:08:16'),(32,48,7,'Molestiae quo et cum ex sit at. Ut quia eius ut eos molestiae ea. Nostrum corrupti necessitatibus minus libero vel quia ducimus.',0,0,'1993-07-12 15:26:32'),(33,99,59,'Ducimus quia voluptatem odit omnis. Aperiam consectetur sunt est. Nam ab placeat illum et.',0,0,'2016-08-26 05:58:05'),(34,76,87,'Corporis reprehenderit non omnis iure. Et illum qui eligendi sequi provident iure. Corporis assumenda iste similique sunt ut nemo in.',1,0,'2006-03-06 00:45:14'),(35,95,66,'Qui quisquam itaque qui consequuntur quae cumque. Voluptas temporibus dicta ut sit praesentium et. Facere cupiditate quam quod sed.',1,0,'2020-11-08 10:19:36'),(36,78,54,'Exercitationem non aut quasi dolores deleniti et. Omnis voluptatem in non blanditiis reprehenderit. Architecto consequatur explicabo est maiores atque recusandae.',0,1,'2006-08-09 06:38:24'),(37,44,37,'Incidunt ab sed illo ut sit sit. Rerum repudiandae molestiae cupiditate quis nulla. Similique quas aut similique qui cum voluptatem recusandae aut.',0,0,'2012-08-18 08:18:55'),(38,48,23,'Omnis nihil qui nisi soluta voluptatibus ut et. Est sed et culpa modi culpa ut. Omnis nostrum explicabo aut ea unde quibusdam aliquam nam. Quam facilis fugit alias porro ut dolores aut.',0,1,'1970-03-12 03:28:27'),(39,12,13,'Id similique dolor commodi dolorum et accusantium sunt at. Reprehenderit accusantium qui adipisci quos iure molestiae aut cupiditate. Tenetur iusto eos aut illum eos. Dolore in non enim.',0,1,'2005-07-08 20:13:34'),(40,20,49,'Doloremque ipsa quia quia voluptas. Tempora et fuga quo et placeat. Rerum sequi enim et eum illum quia voluptate.',1,0,'1982-10-31 23:27:04'),(41,33,90,'Sit recusandae maiores ut molestias id. Laboriosam dolorem consequatur repellat harum nisi qui.',0,0,'1993-03-15 03:46:18'),(42,77,2,'Deleniti id voluptatem sit aut molestias et. Quaerat iste expedita pariatur rem voluptas eum placeat dolor. Commodi qui et doloremque nam nihil quia hic.',0,1,'1977-05-27 23:12:42'),(43,10,94,'Sapiente quidem quae nihil saepe. Fugit tempora optio laboriosam sed neque eveniet voluptas. Officia reprehenderit inventore temporibus expedita.',0,1,'1996-04-17 16:43:29'),(44,98,57,'Et sequi distinctio dolore exercitationem eaque laudantium. Impedit placeat enim minima cupiditate dolorum. Qui totam rerum sit recusandae maiores sequi.',0,1,'1989-08-26 12:15:37'),(45,91,6,'Magnam inventore ratione rem voluptatem recusandae. In reiciendis voluptate quibusdam perspiciatis enim laborum qui. Expedita commodi rem aut quia. Sint blanditiis et tempora dolor occaecati quos.',0,1,'1976-10-15 04:07:39'),(46,75,46,'Voluptas omnis ut et necessitatibus temporibus molestiae perspiciatis. Eum velit dicta aut earum quia. Architecto inventore et corporis asperiores. Cum numquam tempora porro molestiae vel odio.',0,0,'2006-05-22 04:55:26'),(47,65,22,'Officiis labore voluptatibus sunt alias. Facere id at ea perferendis ad deserunt. Explicabo nihil et ut quas quis dolor.',1,0,'1980-06-02 06:08:38'),(48,52,63,'Tenetur illo aliquam praesentium recusandae. Maiores excepturi dignissimos optio velit et in. Explicabo omnis in vitae mollitia.',1,0,'1999-06-19 08:04:43'),(49,81,27,'Ex qui est error nam iusto consequatur. Voluptatum et molestiae perferendis et doloribus. Alias dignissimos et nemo saepe quae tenetur.',1,0,'2006-08-31 02:07:05'),(50,50,76,'Dolor officia quam et error deserunt dolor expedita. Iusto ut in quae vitae voluptas repudiandae dolores. Sapiente similique eveniet voluptas. Et sed hic est qui ad corrupti quaerat.',1,1,'1996-02-08 15:47:33'),(51,93,28,'Rerum perspiciatis consequatur et enim quia. Nostrum voluptas recusandae omnis consequatur placeat similique et. Rerum est voluptatem numquam vero architecto nemo.',0,1,'2017-03-22 00:02:47'),(52,30,36,'Vel iste quo est sed. Quos nobis cumque nobis corrupti. Placeat praesentium ipsa saepe hic. Aspernatur quia reiciendis et.',1,0,'2010-10-31 19:05:44'),(53,65,77,'Omnis ut aut temporibus aliquid praesentium. Omnis recusandae est officia et voluptatem eos. Officiis deleniti autem reiciendis possimus voluptas. Aut doloremque sit odio impedit possimus inventore quos.',0,0,'1985-07-31 22:04:16'),(54,59,77,'Autem dolore qui atque amet modi. Numquam rerum laboriosam facilis deleniti. Odit tempore ducimus aliquid necessitatibus magni. Ut velit velit et ut. Omnis ut tempora totam illum.',0,0,'2007-04-20 01:49:26'),(55,90,79,'Facilis ut sapiente eaque qui molestias qui quae. Quia a corrupti accusamus delectus. Totam enim optio iure fuga. Rerum est eaque sed atque. Officia esse eos perferendis consectetur.',1,0,'1974-05-29 03:08:54'),(56,25,22,'Cupiditate repellat quia omnis earum. Veritatis dolores culpa in magni quia atque non. Sint et molestiae aliquam quia. Aut optio vero similique magni commodi.',0,0,'1992-01-28 19:38:43'),(57,68,1,'Mollitia dolor ut quod modi doloribus possimus. Sed voluptatem culpa nisi quis et. Amet quo asperiores exercitationem quis quidem.',0,0,'2012-12-02 07:12:37'),(58,23,78,'Nemo vel quis aut veniam iure eveniet. Optio vel eos iusto voluptas eum porro. Velit libero corporis delectus eaque.',0,1,'1971-01-12 21:30:12'),(59,95,21,'Qui voluptate ad molestiae autem molestiae. Expedita consequatur alias id commodi autem dolorem doloribus. Officia in voluptas quia dignissimos sed deserunt. At sit laboriosam et sed explicabo.',0,0,'1987-03-10 20:30:27'),(60,34,85,'Sed iusto aliquam repudiandae. Incidunt facilis similique omnis consequatur animi ipsum reprehenderit.',0,1,'2000-03-25 07:32:43'),(61,26,8,'Officia et fuga temporibus culpa nostrum. Eius temporibus est tempore omnis fuga ducimus nostrum.',1,1,'1984-12-10 08:03:36'),(62,31,90,'Quibusdam qui hic ea beatae. Aut ullam harum velit ut odit. Voluptatibus sed asperiores quia illo officiis et dolores. Quia facere vero sed.',1,0,'1999-03-19 00:29:44'),(63,30,82,'Reiciendis sit enim ratione laboriosam ut illum. Voluptatem alias reprehenderit et vero aut tempore. Qui consequatur aut molestiae iste aliquid consequatur error. Deleniti sint et enim sit magnam qui. Eligendi ratione consequatur enim occaecati consequatur non.',0,1,'1970-10-29 06:54:02'),(64,53,10,'Delectus quo minus consequuntur est. Molestiae itaque quo quos est non illo. Facere nihil omnis asperiores enim est quidem autem. Et laboriosam eum sapiente voluptatum ea ad fugiat dignissimos.',1,1,'1993-10-18 15:47:25'),(65,9,3,'Odit sed magnam sed aut ad dolorem eligendi facere. Porro amet pariatur iusto eaque. Nobis et voluptatibus minus explicabo. Reiciendis vitae sit veritatis ut.',0,1,'1983-11-08 11:06:42'),(66,85,2,'Laborum necessitatibus in dolores reiciendis aperiam dolorem. Molestiae non minima ex quam est ex fugit. Maiores quos laboriosam praesentium reprehenderit dolorem eos sed esse.',1,0,'1994-09-24 10:13:33'),(67,30,14,'Ratione non impedit qui quibusdam atque tempora nostrum. Eum omnis voluptas eum eveniet voluptas velit dicta. Doloribus magni iste est illum aut labore necessitatibus tenetur. Repellendus possimus veritatis facere animi rerum.',1,0,'1982-10-30 07:12:54'),(68,38,94,'Et qui laudantium quis nihil dolores aut ducimus. Voluptates qui ut officia quas officia rem et. Repellendus reprehenderit temporibus sunt delectus repudiandae.',1,1,'2000-10-08 04:16:32'),(69,91,96,'Voluptatem neque voluptates dolorem beatae ipsam et. Facere corrupti similique quo ut qui officia.',1,0,'1974-09-26 00:33:38'),(70,70,80,'Omnis autem commodi distinctio odio et ducimus. Dolores praesentium nihil nihil similique. Vitae minus nobis et id id sunt aut at.',0,0,'2018-12-25 01:04:51'),(71,74,95,'Doloremque ut et est. Ex et qui officiis quo ipsa recusandae voluptas. Ut debitis quidem perferendis tenetur tempora.',1,0,'2005-08-13 06:25:11'),(72,1,41,'Amet vero dicta ut nulla qui temporibus. Ab quod expedita neque et dolore. Blanditiis ab ut eum cupiditate autem.',1,0,'1980-11-29 06:57:27'),(73,96,24,'Vel accusamus labore non neque quasi provident. Harum nostrum temporibus fuga saepe corporis quos harum. Vel excepturi et enim.',0,0,'2002-11-24 07:14:56'),(74,18,90,'Hic exercitationem explicabo et voluptatem accusamus. Molestias officia mollitia tempora omnis optio. Dolores animi dolorum quam animi possimus nulla consequatur.',0,1,'2002-05-19 10:05:33'),(75,45,52,'Esse deleniti at voluptatum. Delectus est architecto iusto aut. Eius id vitae ut ducimus ab est quis.',0,1,'2005-08-08 21:57:52'),(76,75,71,'Accusantium ipsum et voluptas tenetur animi quasi. Omnis architecto vel qui sit sunt. Repellendus ratione fugit id vel. Quibusdam rerum quos aliquid rerum possimus perferendis sed.',1,0,'2009-06-15 04:49:55'),(77,59,5,'Eum distinctio est officiis nemo et esse. Iure aut accusamus a neque. Et illo et at qui veniam et non animi. Sapiente autem nemo voluptatem ut expedita ea fuga. Assumenda ipsam dolores blanditiis nostrum molestiae sed aut illum.',0,0,'2018-10-09 00:43:20'),(78,61,88,'Ut soluta aut officiis est et. Non aliquid et in odit dolores quos. Reprehenderit ducimus aut cumque blanditiis nesciunt omnis. Eligendi quod est quia nobis sit aut placeat nostrum.',0,0,'1987-02-08 20:43:03'),(79,87,13,'Quisquam nihil saepe dolor repellendus et fugiat inventore. Voluptatem incidunt et et quis perspiciatis fugiat aperiam.',1,1,'1977-04-03 17:55:13'),(80,97,96,'Quod et numquam non quod sit laboriosam tempore vero. Omnis et corrupti occaecati autem odio repellat aut. Aperiam tempora non sit aliquam.',0,1,'2014-10-08 00:56:21'),(81,15,82,'Est est nihil cumque quia rem. Qui qui soluta at dolor aut et est. Porro in officiis aut voluptas et laudantium distinctio. Quod itaque repellendus alias accusamus voluptates.',0,0,'1970-08-07 02:44:00'),(82,97,45,'Aut dolores minus commodi qui quia. Fugit rerum velit et doloremque officia vel sed. Et qui qui recusandae cumque eum nemo consectetur.',1,1,'2001-06-30 18:51:30'),(83,96,35,'Officiis eius dicta modi et. Qui molestiae magnam facilis. Eaque nulla eum ea quia quia quos qui. Magni dolorem dolor eligendi dolores.',1,0,'2007-12-17 17:09:50'),(84,38,86,'Qui ea qui optio quaerat ipsum ab eius. Adipisci ex sit aliquid molestias dolorum provident reprehenderit. Ut in sint vitae inventore. Ut ipsa qui aliquid.',1,0,'2005-08-13 11:17:48'),(85,30,8,'Vel nihil dolores non qui nesciunt rerum. Ea a quos libero. Sed fugit et voluptate sed et ea occaecati voluptates. Eveniet quisquam cupiditate quibusdam blanditiis et.',1,0,'1971-05-26 14:15:13'),(86,66,4,'Nobis ut adipisci quasi dolor est eligendi possimus. Aut possimus voluptatum minima qui. Provident dolores ipsum qui cupiditate. Quia sunt et amet corrupti esse.',1,0,'1978-09-12 12:50:48'),(87,3,67,'Voluptatem aut quos impedit vero. Vel sit dicta quis placeat consequatur nulla. Delectus quia maiores molestiae ducimus. Dolores et ut exercitationem distinctio quis. Rem consectetur tempora vel dolorem recusandae ex.',0,1,'1988-06-21 01:53:32'),(88,45,98,'Ab pariatur necessitatibus veniam quam laudantium iste. Sit dolor repellendus et perferendis voluptates quidem sit. Molestiae unde dolorem sed odit rerum sint perferendis dolor. A hic quisquam vitae odio eveniet.',0,1,'2018-07-27 13:07:14'),(89,90,62,'Similique fugit ut recusandae atque. Expedita non id est fuga ipsum. Nam nostrum voluptate sapiente nihil repudiandae molestias similique. Tenetur nobis et ut.',1,1,'2004-09-09 05:55:44'),(90,88,35,'Aut vel porro perferendis culpa possimus ipsa eveniet. Similique sit quo ut adipisci praesentium mollitia. Quis corrupti ipsum accusantium eveniet eveniet labore qui.',1,0,'1982-01-12 08:09:52'),(91,13,62,'Sit in dolores et. Eos illum inventore eos tempora. Eos neque esse itaque. Aspernatur illo exercitationem nemo voluptates.',0,1,'2002-04-29 00:21:54'),(92,5,72,'Qui accusantium numquam voluptates similique. Itaque expedita et voluptas incidunt et voluptatem qui error. Fugit incidunt ducimus et rerum enim. Doloremque perspiciatis sunt nihil omnis inventore aut.',0,0,'2016-06-08 09:34:11'),(93,66,65,'Nam et quia est vel minima ut tempora sed. Aut repellat quia qui molestias consequatur hic.',0,0,'1975-01-28 03:42:44'),(94,59,53,'Consequatur sed cupiditate error sed corporis dolor. Commodi quia consequatur beatae dolores rerum facere. Eos quaerat rerum quas sit ut odit.',1,0,'2010-02-17 04:26:33'),(95,78,56,'Molestias atque perferendis eos ipsam illo non recusandae non. Non labore quo in similique laudantium. Unde aut et vel expedita velit voluptas deleniti.',1,1,'2004-03-25 02:12:06'),(96,48,93,'Alias assumenda eius iure velit nobis doloribus sit in. Reiciendis saepe sed voluptatem quo. Incidunt et sunt rerum aliquam odio illo iusto. Repellat et aliquid quod.',0,1,'1975-03-12 10:47:48'),(97,38,45,'Quod eligendi sed animi odit. Explicabo iure fugiat aliquam non vel earum. Autem sit dignissimos velit nam facilis doloribus ad. Rerum sit quis voluptas suscipit ut nihil.',1,0,'1994-10-01 22:07:35'),(98,37,33,'Officiis molestiae aperiam facilis similique quia ut in. Magni eveniet repellat doloribus odio consequatur. Omnis rerum expedita molestiae quasi. Alias quibusdam harum et error ut vel animi qui.',0,1,'1991-01-06 08:29:25'),(99,79,75,'Iure tenetur assumenda velit consequatur. Ut delectus dolores vero at a commodi voluptatem. Neque hic voluptate est vitae.',0,0,'1983-11-17 03:07:24'),(100,19,9,'Placeat eaque dolores eveniet. Maiores et nobis est ut omnis voluptatem dolores. Tempore et soluta est. Vel sit et commodi voluptatem.',0,1,'1993-08-29 14:13:08');
/*!40000 ALTER TABLE `messages` ENABLE KEYS */;
UNLOCK TABLES;

--
-- Table structure for table `profiles`
--

DROP TABLE IF EXISTS `profiles`;
/*!40101 SET @saved_cs_client     = @@character_set_client */;
/*!50503 SET character_set_client = utf8mb4 */;
CREATE TABLE `profiles` (
  `user_id` int unsigned NOT NULL COMMENT 'Ссылка на пользователя',
  `gender` char(1) CHARACTER SET utf8mb4 COLLATE utf8mb4_unicode_ci NOT NULL COMMENT 'Пол',
  `birthday` date DEFAULT NULL COMMENT 'Дата рождения',
  `city` varchar(130) CHARACTER SET utf8mb4 COLLATE utf8mb4_unicode_ci DEFAULT NULL COMMENT 'Город проживания',
  `country` varchar(130) CHARACTER SET utf8mb4 COLLATE utf8mb4_unicode_ci DEFAULT NULL COMMENT 'Страна проживания',
  `created_at` datetime DEFAULT CURRENT_TIMESTAMP COMMENT 'Время создания строки',
  `updated_at` datetime DEFAULT CURRENT_TIMESTAMP ON UPDATE CURRENT_TIMESTAMP COMMENT 'Время обновления строки',
  PRIMARY KEY (`user_id`)
) ENGINE=InnoDB DEFAULT CHARSET=utf8mb4 COLLATE=utf8mb4_unicode_ci COMMENT='Профили';
/*!40101 SET character_set_client = @saved_cs_client */;

--
-- Dumping data for table `profiles`
--

LOCK TABLES `profiles` WRITE;
/*!40000 ALTER TABLE `profiles` DISABLE KEYS */;
INSERT INTO `profiles` VALUES (1,'m','1971-03-26','Rauport','Cote d\'Ivoire','1995-10-01 16:51:18','1971-04-19 22:28:09'),(2,'f','2014-07-29','West Leoniebury','Senegal','2005-04-30 14:08:08','1984-06-19 03:26:44'),(3,'m','2010-02-19','East Suzanne','Saint Vincent and the Grenadines','1984-06-16 17:46:52','2005-07-31 17:49:02'),(4,'f','1993-08-25','South Roscoe','Portugal','1972-04-26 07:27:57','2007-06-10 21:16:06'),(5,'f','1983-06-09','Colleenmouth','Germany','1993-06-13 02:43:41','1972-05-05 11:38:21'),(6,'m','2008-10-29','Zellaton','Brunei Darussalam','2010-12-23 20:28:34','1994-11-09 23:09:36'),(7,'m','1976-07-01','Port Noahburgh','Guinea-Bissau','1999-10-21 07:32:39','1974-10-13 00:04:43'),(8,'m','1984-10-14','New Carmelhaven','Romania','1984-01-20 23:12:16','1987-03-06 08:40:56'),(9,'m','2008-06-20','East Buddy','Georgia','2003-12-07 05:59:30','1976-01-28 22:50:50'),(10,'m','1991-05-26','Beatricefurt','Tokelau','1977-03-30 19:44:08','1972-06-05 06:38:08'),(11,'f','1991-10-17','West Allie','Italy','1972-12-17 04:48:36','2003-02-17 10:50:52'),(12,'m','1970-09-24','Arnoland','Aruba','2006-07-31 03:42:52','1977-04-29 08:19:11'),(13,'m','2017-06-19','Aronside','French Polynesia','2009-01-07 14:42:45','1987-03-30 16:58:05'),(14,'m','1978-08-30','Labadietown','Montserrat','2017-10-16 03:46:35','2010-04-19 15:12:12'),(15,'m','1970-05-28','New Maurinechester','Dominican Republic','1990-02-01 12:38:11','1984-06-23 21:07:35'),(16,'f','2010-07-21','South Lianaberg','Jamaica','2008-04-25 01:51:13','1989-01-15 04:21:37'),(17,'f','1984-11-18','Russelhaven','Northern Mariana Islands','1970-09-16 22:33:58','1977-02-09 10:41:28'),(18,'f','1970-04-28','Veumside','Rwanda','1991-06-22 13:20:03','1981-09-24 10:09:47'),(19,'f','1981-05-09','Deshaunshire','Solomon Islands','1989-08-27 19:00:04','2011-11-03 06:46:45'),(20,'m','2011-01-24','West Mosefort','Marshall Islands','1981-02-04 11:58:12','2002-12-08 18:38:50'),(21,'m','1974-02-08','Port Ivahmouth','Georgia','1972-05-16 18:42:32','2018-11-05 08:13:22'),(22,'f','2011-11-23','Lake Keyon','Puerto Rico','2003-05-10 17:50:21','2012-04-24 09:13:19'),(23,'f','2014-10-22','West Ulices','Cuba','2012-05-30 22:31:19','2015-09-28 08:39:53'),(24,'m','1976-11-10','Chadside','Ethiopia','1990-12-07 01:40:26','1989-05-17 02:03:28'),(25,'f','1990-12-30','Feestmouth','Brunei Darussalam','2016-03-08 00:15:23','2001-05-19 01:59:39'),(26,'m','2007-10-02','Port Veronatown','Yemen','1982-06-03 08:38:17','1991-11-07 10:20:10'),(27,'m','2004-07-22','New Israel','Botswana','1980-02-13 03:29:43','1984-10-27 14:56:07'),(28,'m','2007-07-20','East Darianachester','Ecuador','2001-03-20 03:14:30','1994-06-23 02:41:31'),(29,'f','1976-10-20','South Jamal','Svalbard & Jan Mayen Islands','2001-06-27 16:25:21','1995-09-17 05:36:59'),(30,'m','1992-07-20','New Jackyberg','Yemen','1975-09-28 20:55:17','2020-06-18 14:43:57'),(31,'f','1989-07-06','Bartellside','Congo','1977-02-26 01:21:08','1983-02-03 11:20:38'),(32,'f','2013-07-13','Riceport','British Virgin Islands','2001-09-21 15:01:54','1979-12-08 22:32:50'),(33,'f','1978-10-21','West Albina','Gambia','1973-11-06 14:15:40','2012-01-19 20:35:16'),(34,'f','2005-11-23','Hoegershire','Romania','1970-08-03 13:17:46','2016-05-06 05:36:12'),(35,'m','2016-02-06','West Carson','Venezuela','1984-03-06 00:38:46','2007-10-10 01:24:10'),(36,'f','1998-06-25','Heaneychester','Spain','1981-03-15 12:14:43','1977-07-25 05:23:40'),(37,'f','2018-04-14','Mohrville','Northern Mariana Islands','1993-03-20 07:52:10','1976-08-12 04:42:07'),(38,'f','1982-11-30','Ezrabury','Mayotte','2014-11-14 19:44:18','2006-03-23 06:13:22'),(39,'m','1981-11-09','Port Carrietown','Guernsey','2004-01-06 14:38:39','1977-03-05 05:04:32'),(40,'m','1977-03-09','New Avery','Syrian Arab Republic','1993-09-30 06:07:26','1976-05-27 09:48:06'),(41,'f','1990-09-29','Lake Harmony','Tokelau','1972-03-29 10:18:58','1976-10-30 14:27:48'),(42,'f','2005-02-03','West Dandreport','Mexico','2002-03-14 02:14:19','1976-11-13 09:13:34'),(43,'m','2006-10-17','West Bertramville','Svalbard & Jan Mayen Islands','1983-07-30 21:40:14','2015-08-28 17:17:54'),(44,'m','1981-12-25','Johanside','Panama','1971-01-04 14:24:21','2003-05-11 16:57:51'),(45,'f','2014-02-09','Thompsonside','Mauritania','2002-09-07 00:49:28','1984-03-02 23:59:13'),(46,'m','1987-04-19','Coltonfurt','Christmas Island','2003-03-27 02:35:08','1998-10-18 15:44:05'),(47,'f','1972-10-27','Port Kade','Estonia','2019-04-12 05:58:01','2018-09-17 08:23:49'),(48,'m','1996-09-07','New Zachariahmouth','Estonia','1995-08-09 11:41:13','1991-10-22 20:35:02'),(49,'f','2019-03-06','Ernestinaberg','Bahamas','1988-09-12 02:44:45','2015-07-05 11:27:29'),(50,'m','1990-07-09','Hodkiewiczside','Norfolk Island','2013-10-16 21:23:58','2003-05-04 02:39:55'),(51,'f','2003-03-18','Wilbertborough','Tonga','1988-08-12 02:00:32','1985-05-10 21:02:40'),(52,'f','2001-11-06','Johnsonton','Christmas Island','2017-12-25 15:33:16','2013-01-30 23:02:27'),(53,'f','2003-08-22','North Eunice','India','2015-02-28 12:14:51','1995-03-07 08:25:25'),(54,'f','2016-12-10','South Sedrickview','Argentina','1993-01-10 02:11:52','1976-10-29 12:47:18'),(55,'f','1975-11-18','Trevamouth','Portugal','1999-04-22 01:37:31','2005-06-14 02:47:02'),(56,'m','1991-11-16','New Leannaton','Netherlands','1975-05-21 18:48:24','1992-07-14 19:57:11'),(57,'m','2008-04-26','Mitchelltown','Trinidad and Tobago','2001-03-11 20:23:07','1972-09-23 04:53:14'),(58,'m','1999-01-02','Lorenzatown','Philippines','1996-10-16 04:22:15','1979-05-26 12:22:12'),(59,'f','2003-09-04','Port Alvis','Swaziland','1999-10-10 12:34:25','2014-10-21 02:23:48'),(60,'f','2012-12-11','Lake Vada','Japan','1998-06-10 23:15:30','1972-01-26 02:01:14'),(61,'m','2008-04-20','Botsfordfurt','Peru','2017-09-30 16:48:11','1983-01-09 00:07:57'),(62,'m','1973-09-06','Langport','Liberia','1996-07-27 06:58:45','1990-07-21 20:12:49'),(63,'m','2006-05-30','New Carterview','Saint Helena','2016-02-07 20:02:46','2000-07-21 03:35:56'),(64,'f','1989-08-14','Oberbrunnerland','Faroe Islands','2002-12-14 02:00:58','1985-06-07 21:10:30'),(65,'f','1974-05-21','Jodiehaven','Grenada','2017-05-15 16:05:05','2009-02-27 05:22:08'),(66,'f','1978-07-10','Lake Urbanmouth','Peru','2020-05-22 15:49:32','2009-02-07 17:10:47'),(67,'f','2002-12-29','Goodwinfurt','Ghana','1998-03-09 14:47:56','1978-01-14 23:46:20'),(68,'f','1981-01-06','East Tomasburgh','Singapore','1980-11-06 08:02:46','1977-05-18 03:27:21'),(69,'m','2013-02-19','Goldnershire','Ireland','2016-03-21 06:52:34','1980-02-13 16:38:08'),(70,'m','1977-03-27','South Clair','Kenya','1991-06-19 11:46:48','1994-10-28 20:45:14'),(71,'f','1986-07-04','West Eunicechester','Tonga','1985-12-13 07:55:45','1971-06-23 16:04:51'),(72,'f','1987-09-14','Shaniyaside','Taiwan','1999-12-05 12:15:20','1985-08-17 12:24:16'),(73,'f','2001-09-09','Lynchland','Martinique','1987-09-24 00:33:46','1976-07-31 21:22:42'),(74,'m','2001-08-01','Hilllberg','Peru','1983-01-03 23:59:22','2000-02-08 12:01:27'),(75,'m','2007-11-21','Walshbury','United States of America','1976-10-30 20:37:39','2007-02-13 10:01:27'),(76,'m','2019-05-23','Carrollview','Switzerland','1982-09-24 05:16:49','1998-04-10 16:14:15'),(77,'m','1992-03-20','Port Anthony','Libyan Arab Jamahiriya','1995-03-04 21:44:57','1994-01-22 18:20:10'),(78,'f','1985-11-16','West Sofia','Turkmenistan','1988-11-06 07:32:03','1983-03-22 07:08:30'),(79,'m','2020-06-04','Kallieshire','El Salvador','2017-05-22 08:01:46','2001-01-06 12:06:41'),(80,'m','1987-09-15','Cummerataland','Sweden','1993-07-21 10:55:32','1976-12-24 10:30:24'),(81,'m','2002-04-03','Godfreyhaven','Portugal','1976-02-26 12:35:50','2011-10-20 19:28:28'),(82,'f','1996-09-29','South Horacio','Seychelles','2012-10-10 01:05:54','2015-08-31 15:40:21'),(83,'m','2009-09-02','North Kianna','Cote d\'Ivoire','1974-09-13 12:13:22','2005-08-29 23:39:22'),(84,'f','1999-06-09','Eloyborough','Indonesia','1992-08-20 06:47:31','2020-09-11 21:03:22'),(85,'m','1979-12-31','South Frederickborough','Djibouti','1980-01-13 05:13:58','2015-10-16 06:35:09'),(86,'m','1998-05-22','DuBuquestad','Tokelau','2020-05-24 15:55:54','1996-09-16 00:26:33'),(87,'f','2002-03-28','Milesside','Jamaica','1978-12-28 05:50:59','1997-02-04 15:03:25'),(88,'m','2018-01-20','Dustinshire','United States Minor Outlying Islands','1980-12-11 07:53:15','1997-03-15 18:18:15'),(89,'m','2009-06-20','South Judah','Montserrat','2004-04-26 11:38:11','1975-09-14 16:16:32'),(90,'m','1997-09-26','Kuhnshire','Netherlands','1973-04-22 15:30:51','2006-11-30 10:08:28'),(91,'m','2006-10-13','North Traceyshire','Croatia','1996-12-15 00:29:26','1978-04-04 14:23:36'),(92,'f','1993-08-13','Leschborough','Kazakhstan','1985-07-12 20:11:56','2017-10-22 09:55:59'),(93,'f','2004-01-24','Bergnaumchester','Bangladesh','1989-06-30 12:05:22','2013-12-29 00:00:48'),(94,'f','2012-03-06','East Maximillian','Grenada','1978-05-13 05:49:04','1994-06-15 03:02:58'),(95,'f','1981-12-15','Gorczanyburgh','Equatorial Guinea','2007-06-25 13:23:19','2009-05-14 01:37:06'),(96,'f','1983-09-09','O\'Connellmouth','Vanuatu','1981-09-14 15:56:27','1972-01-15 17:37:59'),(97,'m','1980-10-27','East Lianamouth','Estonia','1990-08-22 14:56:32','1975-03-16 02:27:36'),(98,'m','2008-06-25','Destineeborough','Egypt','1978-07-04 21:20:18','2014-06-21 23:03:58'),(99,'m','1975-09-21','East Marlonberg','Saint Martin','2013-07-26 05:37:58','2014-12-13 19:13:41'),(100,'m','2008-01-24','Eldoraside','Cambodia','1994-09-02 08:56:32','2012-11-01 07:54:29');
/*!40000 ALTER TABLE `profiles` ENABLE KEYS */;
UNLOCK TABLES;

--
-- Table structure for table `users`
--

DROP TABLE IF EXISTS `users`;
/*!40101 SET @saved_cs_client     = @@character_set_client */;
/*!50503 SET character_set_client = utf8mb4 */;
CREATE TABLE `users` (
  `id` int unsigned NOT NULL AUTO_INCREMENT COMMENT 'Идентификатор строки',
  `first_name` varchar(100) CHARACTER SET utf8mb4 COLLATE utf8mb4_unicode_ci NOT NULL COMMENT 'Имя пользователя',
  `last_name` varchar(100) CHARACTER SET utf8mb4 COLLATE utf8mb4_unicode_ci NOT NULL COMMENT 'Фамилия пользователя',
  `email` varchar(100) CHARACTER SET utf8mb4 COLLATE utf8mb4_unicode_ci NOT NULL COMMENT 'Почта',
  `phone` varchar(100) CHARACTER SET utf8mb4 COLLATE utf8mb4_unicode_ci NOT NULL COMMENT 'Телефон',
  `created_at` datetime DEFAULT CURRENT_TIMESTAMP COMMENT 'Время создания строки',
  `updated_at` datetime DEFAULT CURRENT_TIMESTAMP ON UPDATE CURRENT_TIMESTAMP COMMENT 'Время обновления строки',
  PRIMARY KEY (`id`),
  UNIQUE KEY `email` (`email`),
  UNIQUE KEY `phone` (`phone`)
) ENGINE=InnoDB AUTO_INCREMENT=101 DEFAULT CHARSET=utf8mb4 COLLATE=utf8mb4_unicode_ci COMMENT='Пользователи';
/*!40101 SET character_set_client = @saved_cs_client */;

--
-- Dumping data for table `users`
--

LOCK TABLES `users` WRITE;
/*!40000 ALTER TABLE `users` DISABLE KEYS */;
INSERT INTO `users` VALUES (1,'Ward','Farrell','emmerich.fernando@example.net','(037)130-2739x6537','1984-02-06 11:25:38','2021-02-15 17:47:03'),(2,'Colten','Fisher','brown.glover@example.com','863.122.6033x828','1987-06-13 02:32:45','2009-03-21 14:52:22'),(3,'Kamren','Rodriguez','kuhic.adeline@example.net','847.112.8766x4702','2017-08-20 11:51:53','2021-02-15 17:47:03'),(4,'Jerome','Adams','jazlyn.heidenreich@example.net','1-703-740-2229x402','2002-10-14 03:06:39','2021-02-15 17:47:03'),(5,'Cody','Simonis','sibyl.metz@example.net','710-888-4730x45800','2020-08-02 02:51:45','2021-02-15 17:47:03'),(6,'Lafayette','Strosin','helene65@example.net','(519)279-8282','2002-07-10 01:56:34','2017-10-26 03:44:08'),(7,'Makayla','Wyman','hodkiewicz.zella@example.net','(337)442-5565x5589','2013-04-28 07:02:39','2021-02-15 17:47:03'),(8,'Chandler','Larkin','kkovacek@example.net','+70(9)8844293418','1987-03-23 10:10:08','2006-09-15 22:20:39'),(9,'Kara','O\'Conner','hrosenbaum@example.org','(860)588-3675','1998-09-24 12:15:11','2021-02-15 17:47:03'),(10,'Reinhold','Bayer','jones.giles@example.com','1-059-741-0000x66494','1992-05-14 10:36:50','2011-03-25 01:01:58'),(11,'Ralph','Green','vkohler@example.com','(293)108-7197','1978-08-01 18:39:07','2016-01-24 06:45:10'),(12,'Greyson','Reynolds','sbrakus@example.org','06698164179','2020-11-10 14:27:17','2021-02-15 17:47:03'),(13,'Felipe','Erdman','yerdman@example.org','(812)040-4625x903','1971-10-09 01:50:05','2010-09-20 01:37:24'),(14,'Adolfo','Stehr','harry.lubowitz@example.com','201.701.1486','1998-10-07 13:51:23','2021-02-15 17:47:03'),(15,'Kayli','Hyatt','moore.jamir@example.net','663.483.1060','1984-05-07 18:13:20','1988-02-07 22:02:11'),(16,'Estella','Jenkins','jamar.casper@example.org','06994227616','1991-05-10 00:23:45','1991-12-21 08:49:24'),(17,'Reggie','Jacobi','susie.reichel@example.net','786-524-0085','2020-11-11 10:50:05','2021-02-15 17:47:03'),(18,'Stephany','Howe','fmills@example.net','(519)847-3587','2017-11-16 06:25:31','2020-06-28 15:44:57'),(19,'Uriah','Blanda','kkovacek@example.org','442.145.2847x85412','1972-09-19 04:45:35','1980-10-01 15:11:48'),(20,'Ivory','Dietrich','parker.ortiz@example.net','(919)041-3222x700','2002-03-12 05:32:58','2021-02-15 17:47:03'),(21,'Jordane','Streich','ona.wisoky@example.org','612-519-0375x191','1976-08-03 01:38:54','1977-03-28 00:25:08'),(22,'Gabe','Gleichner','vo\'hara@example.com','1-385-892-4407','2001-12-11 08:10:10','2021-02-15 17:47:03'),(23,'Zane','Frami','aufderhar.gwen@example.net','02780960902','2002-04-25 09:52:33','2021-02-15 17:47:03'),(24,'Breana','Nicolas','spinka.antone@example.com','09590278581','1986-04-15 06:52:02','2005-01-07 21:45:53'),(25,'Savannah','Hoppe','kparker@example.com','922-557-9931x31298','2016-05-07 10:52:48','2021-02-15 17:47:03'),(26,'Haley','Goodwin','tyree75@example.com','+06(3)3869532965','1974-12-14 00:30:50','1997-08-15 08:11:29'),(27,'Genevieve','Wuckert','stamm.fern@example.org','(702)491-9445x000','1998-04-20 01:59:30','2002-05-22 03:49:07'),(28,'Issac','Wilderman','jast.nella@example.com','165-672-0391x0430','1971-08-09 21:52:00','1998-12-12 18:29:09'),(29,'Jaylen','Shields','lang.nola@example.com','(068)396-5932x75973','2020-12-23 08:27:37','2021-02-15 17:47:03'),(30,'Gerry','Lesch','gbeahan@example.org','(747)179-9536x648','2001-02-24 00:27:02','2021-02-15 17:47:03'),(31,'Dorthy','O\'Reilly','tparker@example.net','1-233-901-2015x920','1973-10-03 21:34:36','2016-04-11 08:39:27'),(32,'Barrett','Breitenberg','beatrice.breitenberg@example.org','07233607680','1997-09-22 12:11:21','2021-02-15 17:47:03'),(33,'Lolita','Sipes','anne.robel@example.org','08704269612','2002-07-01 04:06:27','2021-02-15 17:47:03'),(34,'Lura','Stoltenberg','swift.duane@example.org','(640)998-1842','2012-02-18 11:02:46','2021-02-15 17:47:03'),(35,'Delbert','Strosin','dgleichner@example.org','1-382-205-0714','2002-01-29 03:51:41','2021-02-15 17:47:03'),(36,'Jerry','Streich','chandler.kemmer@example.com','02118810760','1982-01-19 23:04:34','2016-10-30 05:54:42'),(37,'Chanelle','Padberg','chad.hyatt@example.com','(133)782-1110','2006-08-02 23:33:50','2021-02-15 17:47:03'),(38,'Thelma','Mayer','larson.kirsten@example.net','1-788-349-3578x01719','2019-02-25 16:50:16','2021-02-15 17:47:03'),(39,'Fabiola','Dooley','kari.kassulke@example.com','+49(5)3561746644','1977-01-30 17:53:27','1989-01-29 04:01:28'),(40,'Mozell','Hegmann','ward.bashirian@example.net','943-814-8867x79688','1971-05-10 18:06:31','2020-05-21 08:25:09'),(41,'Vada','Ortiz','zabshire@example.net','(295)320-5643x561','1975-04-21 13:24:44','1993-08-31 07:09:56'),(42,'Jeramy','Labadie','abbott.abe@example.net','00460522427','1984-12-22 15:12:45','2020-02-06 02:43:50'),(43,'Tabitha','Prosacco','isidro.nitzsche@example.org','(599)570-0230','1992-09-27 06:43:52','2015-01-26 00:46:54'),(44,'Phyllis','Bauch','jillian.rowe@example.net','417-878-3282x97055','1985-10-28 11:30:20','1988-11-20 23:25:24'),(45,'Aida','Jerde','vwuckert@example.com','(685)294-7037','1984-07-19 15:44:53','2019-03-17 17:02:02'),(46,'Virginia','Larson','irenner@example.net','1-472-326-0400','1992-08-01 13:14:54','1998-05-08 07:23:04'),(47,'Emely','Orn','rath.mallory@example.com','1-436-410-9640','2017-03-26 17:25:27','2021-02-15 17:47:03'),(48,'Joshua','Bergnaum','joel90@example.net','+45(0)1462043230','1979-02-27 23:47:49','2006-09-18 08:35:03'),(49,'Laney','Gleichner','crona.jesse@example.org','(156)040-3846x99061','1984-06-14 01:31:20','2021-02-15 17:47:03'),(50,'Therese','Fay','mittie.howe@example.com','1-951-370-3587x97424','2012-10-22 17:51:42','2021-02-15 17:47:03'),(51,'Darrick','Lind','bergstrom.odessa@example.org','(605)331-8044','1996-01-27 00:03:10','2017-05-30 23:47:24'),(52,'Jacky','Fritsch','lemke.jameson@example.net','203.134.5493x37187','1995-08-27 21:57:39','1996-03-23 18:39:05'),(53,'Jerrold','Predovic','mlarkin@example.com','1-316-614-0129','1991-04-02 23:57:38','2015-09-08 10:37:49'),(54,'Luella','Kilback','auer.filiberto@example.com','235.317.5978x47739','2000-08-24 22:13:47','2021-02-15 17:47:03'),(55,'Beatrice','Corwin','denis63@example.com','931-484-4640','1997-11-29 11:27:19','2021-02-15 17:47:03'),(56,'Bertrand','Pollich','fupton@example.org','(298)983-2449','1977-08-27 17:41:32','2003-03-27 13:38:42'),(57,'Iva','Lang','queenie10@example.net','438-031-6642x9515','1971-07-07 20:45:57','1985-10-17 19:07:34'),(58,'Madeline','Kshlerin','burley59@example.com','(072)025-0576','2002-06-28 11:10:42','2005-05-26 12:57:54'),(59,'Maymie','Hammes','camila47@example.com','584-247-8073x3387','1972-04-23 22:13:50','1981-05-19 19:42:59'),(60,'Brando','Greenholt','kaylie78@example.org','(897)502-1119x7360','1992-11-11 17:09:16','2021-02-15 17:47:03'),(61,'Muriel','Hoppe','shanahan.alexandre@example.org','022-035-5798x05879','2007-07-25 18:31:51','2021-02-15 17:47:03'),(62,'Trevor','Daugherty','jaunita.hartmann@example.org','00699461918','2017-03-08 21:20:45','2021-02-15 17:47:03'),(63,'Tate','King','plemke@example.org','1-809-799-1762','1978-07-03 11:00:43','2012-12-28 19:37:35'),(64,'Nicklaus','Lind','marvin.mozell@example.com','07658701606','1976-12-16 11:22:26','2006-01-13 02:52:54'),(65,'Alec','Beer','haag.reilly@example.com','736.911.1052','1972-12-03 03:57:46','2009-05-03 08:05:47'),(66,'Elyssa','Langworth','candace.wehner@example.com','132.096.8271','1970-06-28 10:04:40','2007-08-18 13:02:12'),(67,'Sedrick','Muller','jayden49@example.com','317.169.7284x8728','1987-08-27 18:30:22','1990-04-15 12:37:08'),(68,'Loren','VonRueden','jalon.ullrich@example.com','(296)024-2247x77018','2007-04-07 22:33:55','2021-02-15 17:47:03'),(69,'Ernestine','Aufderhar','zakary.murray@example.net','+85(6)7861527202','1993-09-05 05:05:09','2021-02-15 17:47:03'),(70,'Henriette','Schoen','nbernier@example.com','445.953.5691x6386','2010-12-08 01:20:19','2017-09-27 15:01:14'),(71,'Kiarra','Spinka','david91@example.net','1-625-241-1208','1996-05-10 14:04:16','1997-05-21 20:27:36'),(72,'Alexys','Larkin','amanda.jacobi@example.com','1-596-755-7963','1987-02-11 12:25:13','2021-02-15 17:47:03'),(73,'Dante','Smitham','fkohler@example.org','759-046-2323','1987-04-15 19:12:32','2021-02-15 17:47:03'),(74,'Kenton','Prohaska','kgleason@example.org','(315)660-4093x313','1974-05-29 18:38:50','1984-04-02 03:44:40'),(75,'Kendrick','Doyle','hayes.melvina@example.com','(673)626-2245x35773','1988-01-15 19:19:39','2021-02-15 17:47:03'),(76,'Jewell','Jenkins','amy57@example.net','595-520-8010x3540','1970-12-09 21:35:46','1974-11-24 11:36:21'),(77,'Kailee','Oberbrunner','jvonrueden@example.org','090-817-1293x71123','1973-06-23 17:17:26','1992-11-30 18:40:55'),(78,'Wilford','Murray','dpaucek@example.com','(998)187-4750x37549','1980-12-02 05:04:43','2019-09-08 17:39:50'),(79,'Hiram','Kub','margarette75@example.org','07264899596','2002-08-20 19:43:03','2021-02-15 17:47:03'),(80,'Pauline','Dibbert','berge.jorge@example.com','05065207450','1985-07-02 05:47:39','2021-02-15 17:47:03'),(81,'Laron','Hodkiewicz','jalon.hand@example.net','+26(7)9137096193','1987-08-04 13:50:26','2021-02-15 17:47:03'),(82,'Susan','Osinski','julia.jast@example.com','030-512-6491','1990-02-12 23:00:16','2021-02-15 17:47:03'),(83,'Eliseo','Hintz','lgottlieb@example.com','03076191017','1974-04-18 09:32:23','1978-01-02 19:36:26'),(84,'Kristian','Hills','greg49@example.com','(201)894-6670x337','1986-11-01 01:16:19','2014-01-02 15:59:46'),(85,'Adan','Christiansen','mae56@example.com','1-252-364-5994','1989-11-25 11:11:54','1996-05-04 01:22:42'),(86,'Jordane','Schowalter','gwen84@example.com','+91(9)7728613441','1995-01-03 23:48:18','2021-02-15 17:47:03'),(87,'Mathias','Marquardt','angeline52@example.com','(505)931-3406x507','1970-01-04 07:03:33','1973-06-07 14:36:09'),(88,'Tabitha','Carter','olson.magnus@example.com','1-161-444-2659','1988-07-19 13:27:29','2021-02-15 17:47:03'),(89,'Everette','Quigley','spencer.gunnar@example.net','681-779-7108x4170','1976-01-14 15:16:58','1999-01-01 19:44:33'),(90,'Mellie','Hettinger','verdie56@example.net','01013076027','1979-08-05 11:49:25','1989-11-01 01:09:35'),(91,'George','Gaylord','botsford.sherwood@example.net','1-838-223-5564','1983-12-01 02:19:59','2021-02-15 17:47:03'),(92,'Koby','Abshire','saige82@example.net','(447)045-9177x9295','2003-11-07 03:10:24','2017-02-17 13:38:17'),(93,'Gunner','Windler','emily25@example.net','(496)893-9445x5991','1978-04-01 06:50:26','2017-10-18 22:15:10'),(94,'Sofia','Brakus','lowe.annette@example.org','+05(4)6286678708','1985-09-04 10:53:11','2013-08-13 09:48:03'),(95,'Ron','Hamill','schaden.jarrell@example.org','1-998-545-6821x6548','2000-06-27 21:30:32','2021-02-15 17:47:03'),(96,'Leanna','Lang','hahn.myrtice@example.com','927.988.1584','1986-01-27 04:55:29','1999-07-18 01:55:56'),(97,'Yvette','Crona','gus.botsford@example.com','293.727.8145x9490','1998-12-17 13:09:09','2018-05-20 02:52:36'),(98,'Darlene','Boyer','tina17@example.org','(809)421-2462','1975-06-16 15:59:29','1994-08-02 21:17:38'),(99,'Christopher','Price','eulah.wiza@example.com','1-602-180-5420x5498','2020-11-16 03:07:22','2021-02-15 17:47:03'),(100,'Ottilie','Kohler','lemke.astrid@example.net','(930)761-8043','2009-03-05 03:38:50','2021-02-15 17:47:03');
/*!40000 ALTER TABLE `users` ENABLE KEYS */;
UNLOCK TABLES;
/*!40103 SET TIME_ZONE=@OLD_TIME_ZONE */;

/*!40101 SET SQL_MODE=@OLD_SQL_MODE */;
/*!40014 SET FOREIGN_KEY_CHECKS=@OLD_FOREIGN_KEY_CHECKS */;
/*!40014 SET UNIQUE_CHECKS=@OLD_UNIQUE_CHECKS */;
/*!40101 SET CHARACTER_SET_CLIENT=@OLD_CHARACTER_SET_CLIENT */;
/*!40101 SET CHARACTER_SET_RESULTS=@OLD_CHARACTER_SET_RESULTS */;
/*!40101 SET COLLATION_CONNECTION=@OLD_COLLATION_CONNECTION */;
/*!40111 SET SQL_NOTES=@OLD_SQL_NOTES */;

-- Dump completed on 2021-02-15 18:48:15
